filename,index,c1,c2,c3,c4,c5,c6,c7,c8,c9,c10,c11,c12,c13
0.in,0,1.00000000147052,-0.061703314667861,0.158185639901089,0.255800504177352,0.0975625607990457,0.0444425807381446,-0.0610519625726933,-0.187935434821596,0.0142360105343206,0.0370580126927026,0.300713998310007,0.198127362676922,0.23826100370338
1.in,1,1.00000000129002,-0.0113307773965722,0.198280894736718,0.234466250251066,0.125817685655166,0.0196572453586719,-0.0322936116087804,-0.172413524869286,0.0038116268309011,0.0621104296194641,0.313138219973337,0.216689608233569,0.27073649134136
3.in,3,1.00000000159311,-0.0947442724017989,0.228335764133221,0.201557564695309,0.189129150563101,-0.0405429082201819,-0.0695444174855496,-0.199616291546778,0.0196469722617061,0.0217953166149981,0.334557470684371,0.224532852883022,0.305875355738639
5.in,5,1.00000000142217,-0.187173630532981,0.270375205546465,0.166144908487133,0.238044042418871,-0.0858271051304695,-0.120762149487371,-0.241812212007447,0.0336906908213147,-0.0180378491359643,0.357676355183344,0.252161648191,0.360114585072365
6.in,6,1.00000000156616,-0.0631715162424277,0.103135986628316,0.309885081054877,0.0628263732432405,-0.027914262595215,-0.0674964246768104,-0.192913941335951,0.0126064779309651,0.0353005590235902,0.345525912916294,0.231300517839953,0.21192020142489
10.in,10,1.00000000144497,-0.213604480083575,0.196905598212154,0.252444965011187,0.161678426004815,-0.127580885811759,-0.146097154229584,-0.246697795143589,0.051858469641314,-0.0404342811038809,0.392888447323746,0.285214510370186,0.304932814458837
11.in,11,1.00000000134829,-0.182148948494005,0.21137826795583,0.219686233942668,0.219928886896248,-0.182392099410271,-0.115344608375994,-0.23251983314213,0.0374329572160447,-0.0207675571065474,0.403357620939137,0.289063985238908,0.324747926765917
12.in,12,1.00000000144162,-0.0594154171838041,0.0399850385822803,0.37043589554745,0.0383428757617025,-0.112416665235856,-0.0534533348521735,-0.19006067162275,0.0124930670993002,0.0391027931641513,0.38934521386768,0.267814213214823,0.187069563882166
14.in,14,1.00000000162516,-0.151155120806728,0.0826532763336796,0.333840058938511,0.0992845643628155,-0.164038401982225,-0.0917532203708685,-0.222339047929757,0.0390068166649625,-0.0035965447808522,0.410349252608026,0.293310984104276,0.225479678959059
17.in,17,1.00000000106132,-0.185306403234157,0.164904568077064,0.28344014222911,0.188566946542369,-0.237549149760028,-0.123982742037891,-0.239833879313625,0.0426584566067564,-0.0277499772754206,0.435794024872359,0.331290407248084,0.306800192576757
18.in,18,1.00000000154798,-0.063659873078599,0.217335810281381,0.304730430647422,0.0610875502960256,0.125072825827005,-0.0566353041594176,-0.186128589160044,0.0119804733575364,0.0407612015172475,0.341590206817248,0.227930814678135,0.268774063101616
19.in,19,1.00000000143734,-0.0153177071592535,0.240457114438037,0.297731164493135,0.0971421854820201,0.0934149299382419,-0.0367058929148245,-0.181966638991827,0.0064183024303661,0.0562374387991369,0.355223361429248,0.24870021654817,0.299932951322703
20.in,20,1.00000000145864,-0.141518166281098,0.256593529604846,0.283482576780494,0.114393545935605,0.0795846280729017,-0.101579044298436,-0.22108053030519,0.0320401296060279,-0.0054418470734305,0.367230528837431,0.256036523159806,0.305966035707082
21.in,21,1.00000000158355,-0.0896577632185761,0.273343888257728,0.247793236596436,0.162314589188192,0.0408972162106482,-0.0726814413095728,-0.206089872210948,0.0185683670756424,0.0201808673521702,0.377919241688894,0.271567064228485,0.329518421859138
23.in,23,1.00000000136468,-0.182650598161882,0.334451258332426,0.229778311338948,0.207903127864222,-0.0126274671261662,-0.116898886087038,-0.232881855029726,0.0411527241056438,-0.0221639037458222,0.404860917896256,0.290148500425591,0.38035873688555
26.in,26,1.00000000130566,-0.141168243906523,0.200357474994983,0.3146592003449,0.0994694450868269,-0.0015210665763222,-0.0936930606951169,-0.22230240738512,0.0300523416878766,-0.0050402934159916,0.405838469410194,0.288696148837845,0.279010105564105
33.in,33,1.00000000114421,-0.0920461362500403,0.164202703715885,0.361585960730238,0.107350383022418,-0.117247888955214,-0.0778179906030248,-0.207142194180494,0.0216581629929599,0.0235363181185789,0.455768667857754,0.349870962917441,0.284284819414215
36.in,36,1.00000000147904,-0.0655781502796426,0.255189510523333,0.36057409256321,0.0400592522621923,0.196544689388712,-0.0597247547348241,-0.195816356215161,0.0168894103520171,0.0335266431120328,0.381507509775471,0.264225128798921,0.287560140692986
37.in,37,1.00000000115985,-0.0148686576348359,0.301936182234195,0.34081117728921,0.0731905871779236,0.158569366930274,-0.0315054297124689,-0.175310270731456,0.0014823453912586,0.0611776824692958,0.396488647092421,0.278858427286366,0.320520108790377
45.in,45,1.0000000013035,-0.096566492047931,0.275317886512249,0.358321809949807,0.105670080907942,0.0339251051255504,-0.0704653247967581,-0.209562567107502,0.0238886763279892,0.0179071631341561,0.460061424519011,0.346374565607285,0.331429500196982
61.in,61,1.00000000136936,-0.0166622099120122,0.0824419274458939,0.257031356334983,0.0965927970153306,-0.0344129428802951,-0.0131209247359446,-0.226379295440817,0.0026523968567372,0.0735206456377776,0.343421584199575,0.246442200212683,0.233800515604525
81.in,81,1.0000000011727,-0.101082412211488,0.183510521011952,0.265743667757317,0.137063594189893,-0.0096585150971044,-0.0560666148261462,-0.247089330731617,0.0210778919035852,0.0339480391688506,0.397860988806382,0.302359554720976,0.303896808945064
100.in,100,1.00000000113602,-0.213743356463993,0.265168356688852,0.31303243057712,0.126890202320873,0.0528659834353362,-0.132615364572505,-0.297472983492503,0.0506572049078243,-0.0319675563125706,0.451897612449585,0.358562950734309,0.348274809977918
101.in,101,1.00000000090605,-0.175567058570477,0.28387785270186,0.295491985750637,0.158144293720552,0.0176545841074025,-0.0990855319152333,-0.2822043085215,0.037600585691168,-0.0068082904449973,0.470230604240628,0.366557682994285,0.37132466377087
102.in,102,1.00000000128919,-0.0691959288778654,0.121861860686045,0.433360700803433,0.0001618832080701,0.0797716394489445,-0.0398998186848202,-0.241621848707703,0.0136528535349101,0.0500436767091659,0.450088795329175,0.344769860122638,0.235974237793131
103.in,103,1.00000000128675,-0.0116921793541729,0.142402477293257,0.409845906905119,0.0330901007063598,0.041685068886079,-0.0144157305303932,-0.225435109169227,0.002895393934057,0.0752851512594773,0.460055320508874,0.361396205092935,0.260471009361748
104.in,104,1.00000000106927,-0.148840658561782,0.155157576031507,0.404623795667473,0.0527336707474251,0.0218384710409277,-0.0768338916779452,-0.276219949506467,0.0323169324553582,0.0098252415944566,0.472329663756364,0.3564816213537,0.273180233988585
105.in,105,1.00000000125702,-0.0947500000431829,0.186515488000193,0.374664952346288,0.0920717255595573,-0.004810855566731,-0.0572244159513308,-0.253345143288349,0.0236375313488301,0.0346582259885054,0.489372956143982,0.382434303233171,0.306247669522254
107.in,107,1.00000000104218,-0.174659500987573,0.232478482689123,0.348943296747955,0.139089198389531,-0.0530236152113472,-0.0989065221962585,-0.281630110750867,0.0391161848217832,-0.0063396817610769,0.513629992945946,0.408058886466146,0.351240764036007
108.in,108,1.00000000117886,-0.0520071453848681,0.0814902564534257,0.178877179841165,0.100647604356742,0.101562828715635,-0.0200167401921163,-0.295171426529705,0.011832465163678,0.0669973596240284,0.263130561841601,0.199550723924391,0.234289064521042
109.in,109,1.00000000146085,-0.0118113513434566,0.108588750008021,0.16201871677583,0.14309056247863,0.0826983789616261,0.0150597446681681,-0.263750044285443,0.0015520521228191,0.0867820073110249,0.277850418760842,0.213573065436657,0.25520998285183
111.in,111,1.00000000112108,-0.0961908877158641,0.162183173089836,0.129230676225315,0.195383027199626,0.0271070333903437,-0.0391534563950614,-0.301608355843962,0.0218292232810615,0.0469432967469789,0.312355061493533,0.239229201623161,0.302252618108093
112.in,112,1.00000000122965,-0.234201353478598,0.177168262177069,0.1090753826818,0.216841427741565,0.0037580783685756,-0.103075710780988,-0.344333507442297,0.0496880610724441,-0.018112019761565,0.306140729174113,0.241270216681783,0.3135439827734
113.in,113,1.00000000111526,-0.17682270648838,0.211837253255072,0.0861953584062359,0.245188561186816,-0.0236646181308788,-0.0848728123707752,-0.331386256856001,0.038638854329488,0.0023719042026943,0.328879340343269,0.263522612898168,0.352580305549876
114.in,114,1.00000000157418,-0.068653333467803,0.0202960094648135,0.239040619807164,0.0877790991100756,0.0263603624085759,-0.0193612557858862,-0.289632891343574,0.0158424960679743,0.058662431799296,0.311941560783905,0.233405275513142,0.202298065433785
115.in,115,1.00000000112996,-0.0146217872550056,0.0539856489839577,0.214094032605102,0.112245938361383,-0.0016547159398451,0.009118698401248,-0.275899122620926,0.0061241614662731,0.0825533802021995,0.328014106724373,0.249455077680235,0.229156165272833
117.in,117,1.00000000125948,-0.0937942826508851,0.105786627219363,0.171005904224864,0.169372076422091,-0.0561687784692858,-0.037377494146254,-0.303937198282123,0.0183369384922226,0.0441606421706015,0.34168638222419,0.272433117052116,0.282356155152453
118.in,118,1.00000000123382,-0.226066049451693,0.109233264574623,0.16882857903181,0.190626507806846,-0.0811727678490379,-0.108920112952312,-0.35174677094459,0.0479961702570784,-0.0166246824364214,0.356896210357324,0.281431895270218,0.292271272486397
120.in,120,1.00000000138605,-0.0719100941495241,-0.0222841891518115,0.277105997981726,0.0582452177914958,-0.05096342862646,-0.0181461459704588,-0.290769257506636,0.0161097084111527,0.0581903663975978,0.346778360732412,0.276176099339122,0.180589721797472
121.in,121,1.00000000104991,-0.015304171528852,-0.0019519581118139,0.261803133182985,0.0919877532114894,-0.0696831575997892,-0.0020048084521533,-0.277225033401965,0.0059414235280408,0.0849474446062968,0.362690752670792,0.289618889600791,0.206825835650729
122.in,122,1.00000000124281,-0.156858519228076,0.0154527979396738,0.255938011978538,0.111632684092367,-0.0985368576230013,-0.0671798135120119,-0.322360467919258,0.0344035012331914,0.0175355816722344,0.377207572601929,0.295786460655638,0.222226372978381
123.in,123,1.00000000113192,-0.0839717846321958,0.0251782380763172,0.241410134868398,0.126189598735722,-0.139798434859518,-0.0475782656000388,-0.300410321674087,0.0100945220699461,0.0496060953490444,0.391000590930298,0.31344906223398,0.250773190714361
124.in,124,1.00000000117821,-0.224695658064578,0.0553554539597183,0.22998636440724,0.165748810143086,-0.148119120988329,-0.101882771996819,-0.348348445020941,0.0519763290612334,-0.0200407664260795,0.395697524605553,0.319537391356895,0.266832842248651
125.in,125,1.00000000114516,-0.183213925287539,0.0864916099036445,0.196341826072688,0.199283124788127,-0.185787653258669,-0.079542945252918,-0.330447379471863,0.0413963603419426,0.0046453571967703,0.410693297504129,0.331002400122495,0.29044125267196
128.in,128,1.00000000140524,-0.14119353273762,0.177481824901612,0.190152861971093,0.134823215031349,0.131186267017068,-0.0664419108439746,-0.325936727641514,0.0332720123079209,0.0176931981586024,0.32782493790635,0.252025944312909,0.302255765058565
129.in,129,1.00000000122547,-0.0960402207507601,0.209835774393599,0.175765541218827,0.177715783028462,0.102574925183601,-0.0336980157811444,-0.298606742133662,0.0213681191604218,0.0486479906379397,0.34953376292346,0.273332568749765,0.324758372752305
130.in,130,1.00000000085333,-0.229676563999472,0.229344082412579,0.170814241502795,0.185545334237937,0.0784624980848596,-0.10448849817379,-0.352576609335502,0.0505358112345956,-0.0183413431080586,0.355358278044734,0.27377183265692,0.345140082987537
131.in,131,1.00000000100405,-0.187861130123187,0.26184512390727,0.143720197983392,0.234169160225292,0.0496523474790318,-0.0823191380695704,-0.325687311900019,0.042683627564934,0.0081851874882094,0.373203853027995,0.300406588525274,0.365126394725568
132.in,132,1.00000000119773,-0.0677040931859096,0.0832090665372857,0.284924724310742,0.0539018552461342,0.106979114242682,-0.0243494050413926,-0.294205219548024,0.013069585268025,0.0611765452346855,0.340658283274148,0.273623353836006,0.230266876106155
134.in,134,1.00000000121279,-0.136231851862633,0.12709161231867,0.252995329003731,0.106130795632847,0.0561937133417377,-0.0611339355431896,-0.317734767930127,0.0268054828512127,0.0228229332416368,0.373469751301421,0.294049247808695,0.27242933241944
135.in,135,1.00000000092946,-0.100973423191822,0.155891338657841,0.230228510333903,0.137665517653235,0.0221812107098909,-0.0406605350035565,-0.297175399156698,0.0118753783749962,0.0465580668838569,0.385322772063334,0.303426323923566,0.305987000911036
137.in,137,1.00000000110675,-0.17205367437772,0.20873630404311,0.197643314689954,0.19532747947248,-0.0201766746392611,-0.0721176846205636,-0.332709018039629,0.0372478987364841,0.0084106593887711,0.405807083116743,0.328057759774306,0.34572919124826
141.in,141,1.00000000095804,-0.0922531427648033,0.0967450742701398,0.2773025139745,0.116151350572553,-0.052764795006092,-0.0396302072585036,-0.301377595230275,0.0184955550714713,0.0448247355823389,0.427778505600517,0.350839386486176,0.277970671697816
142.in,142,1.00000000091871,-0.219847507255048,0.108359628888044,0.279388417000251,0.127808407818438,-0.068979957564216,-0.110627352828215,-0.349099312387935,0.0476939202349862,-0.0214424066212816,0.43581343287907,0.355095414513886,0.289120640740327
143.in,143,1.0000000007889,-0.182876292788451,0.133049382993262,0.251052882445252,0.175924106117704,-0.110185480583431,-0.0745322331611567,-0.330801869277266,0.0390754886159201,0.0049959291832771,0.455499267822223,0.366840296884901,0.31069916595838
145.in,145,1.00000000123711,-0.0113240811162057,0.219927145059765,0.261456437354042,0.0931836499908056,0.236967342976519,0.0122339779153214,-0.267277820656795,0.0039865898128296,0.0893911262249922,0.366348080634908,0.285198420573087,0.306006039286188
146.in,146,1.00000000122603,-0.141399977709599,0.239561619813662,0.247415489426273,0.108227963698236,0.204969098536052,-0.0677400038670884,-0.322386667007263,0.030273646153196,0.0209280165307836,0.368682900476692,0.292677415006638,0.329405025309468
148.in,148,1.0000000008563,-0.223630007278949,0.285521654882405,0.219443104690637,0.16673958309366,0.150413464564951,-0.102727730688608,-0.351738517031815,0.0482785922643719,-0.0196234227324452,0.389491908565594,0.312475841246247,0.369817028997209
151.in,151,1.00000000101841,-0.0050072241182611,0.162895402136095,0.316603772924844,0.0648022174000751,0.149965671117879,0.0011151470493333,-0.284181260996292,0.005931780446152,0.0878434753731085,0.404419274743913,0.320819419589826,0.291435880711002
157.in,157,1.00000000119649,-0.0231073987783187,0.107949698696149,0.364791941362572,0.0406618188479306,0.076846236531058,-1.32118057926035e-05,-0.276272540365516,0.0052405892601366,0.0838365509924456,0.446607690699055,0.362616501039686,0.255747869662547
160.in,160,1.00000000133635,-0.229940090867694,0.162167667319083,0.327754671017849,0.107471138112644,0.0007333725171349,-0.109287646954049,-0.349132331304153,0.0497799951356755,-0.0198348951189536,0.480029420073751,0.390676308603392,0.309015320141308
163.in,163,1.00000000134994,-0.0086385254237783,0.0718425085031588,0.128587539071885,0.147848117121903,0.105856952367613,0.0173213602301652,-0.326960105633619,0.0027230294974352,0.0986152591293869,0.263099131677894,0.21855755498421,0.254154354848847
179.in,179,1.00000000103743,-0.182725645020634,0.0469680587670293,0.16498945292003,0.205907066219714,-0.151565093740808,-0.0639136430892576,-0.383764026808491,0.0382435900047194,0.0192753250962639,0.399454138813433,0.331079483454599,0.287447937148012
181.in,181,1.00000000118826,-0.0187536687123827,0.124493897476353,0.17624518741737,0.123718763902406,0.185989238392658,0.0225598418565709,-0.324050198998009,0.0057492109999172,0.0983471278343498,0.308677046782363,0.251771459848752,0.274621277147276
190.in,190,1.00000000098571,-0.239138481082527,0.131321725964521,0.178537657872883,0.182621125143751,0.0271576065220706,-0.0833970391796924,-0.400512750825629,0.0513825279203145,-0.0131470654438647,0.378686547219618,0.311998073287814,0.307729570698887
196.in,196,1.00000000109175,-0.23105118246337,0.0771542751826216,0.222383234287454,0.155906110711689,-0.0541508209910692,-0.0899420417831956,-0.403554168502461,0.0517229624858162,-0.0112266779974177,0.411967787214992,0.363277826112368,0.289083956141616
204.in,204,1.00000000092239,-0.0590494942923025,0.0891052210571012,0.296711499020895,0.0396469345276139,0.21049254958634,-0.0066188321324543,-0.342151967869197,0.0140737352280746,0.0758884128229235,0.378408675721101,0.313274841657151,0.252707586801397
205.in,205,1.00000000129812,-0.006377082478879,0.118409654387537,0.280780490794094,0.0671206382907781,0.172586426497429,0.0254019112870741,-0.324086645686423,0.002075800128156,0.102567461678761,0.387122189673762,0.325980445045199,0.276745193032098
208.in,208,1.00000000141132,-0.213767023375138,0.190024585628766,0.21906940915937,0.148528722650958,0.102037198939298,-0.0894913668560811,-0.400135997668167,0.0479681914795395,-1.65540566899323e-05,0.410548882183165,0.361886989148274,0.345385291427093
209.in,209,1.00000000091223,-0.179453816536288,0.218550620779815,0.202317561068178,0.183429848401554,0.0812657208125877,-0.0588423201662219,-0.377016360414677,0.0388755010311072,0.0166682174092114,0.43722141502692,0.372733733241984,0.361654122139942
212.in,212,1.0000000014162,-0.153636783597822,0.0981181755844624,0.319821759774904,0.0620016713970372,0.0893469863227291,-0.0417431011050989,-0.371743650251253,0.0321422981151009,0.0317460626032235,0.442212864484702,0.364243793928683,0.272809612416235
220.in,220,1.00000000145826,-0.187385519633093,0.200845111519436,0.148205070764485,0.182918044129484,-0.0373071858292869,-0.19192278004567,-0.323260543177711,0.0401428221749721,-0.0157390264663684,0.312247835498392,0.257207409175046,0.384502769826294
222.in,222,1.00000000129073,-0.0233014700951794,0.0535436288269557,0.273969507054197,0.0414607720324155,-0.0065904925726253,-0.111608312498692,-0.266863160430923,0.0041083774488069,0.0640843837122,0.30725800704603,0.256753412899467,0.274874652071734
224.in,224,1.00000000143975,-0.114630983760899,0.0954725804093405,0.237347620275142,0.104319385387731,-0.0501402008545768,-0.15208586811192,-0.296976337792786,0.0248293702188045,0.0233197135730181,0.335300846466913,0.272605323320081,0.310131245864161
225.in,225,1.00000000130555,-0.0551643735280445,0.126961101547119,0.216911923048083,0.125668943979389,-0.105672904534819,-0.127555452949066,-0.284525406449265,0.0112282401905128,0.0465184673052187,0.342219544459889,0.285731095514427,0.347928279108211
226.in,226,1.00000000132738,-0.19197487738319,0.148950193321186,0.187577845548601,0.163209994166135,-0.123868467556115,-0.196927641606259,-0.327688066053285,0.0398288656449086,-0.0180600451900023,0.343895603074276,0.298011873442219,0.365304175917754
227.in,227,1.00000000110531,-0.143675913735844,0.170472426373882,0.16887036208972,0.194616045622396,-0.152216529926937,-0.173835414562205,-0.31018116912658,0.0305901792867144,0.0071121883036366,0.359863795651886,0.312168908826666,0.393708111123993
229.in,229,1.00000000114597,0.0248171519540221,0.0235420015094909,0.301650961943858,0.0563677345508482,-0.121709901313351,-0.090147676931368,-0.256720170338342,-0.0052268612899393,0.0854676626471683,0.357545510095496,0.30585974722995,0.281247155988291
233.in,233,1.00000000097783,-0.151947952680732,0.101875548267731,0.217539122409561,0.172150971113572,-0.23034265148647,-0.166894495876731,-0.311129975069586,0.0376993435262165,0.00575017967539,0.398778365978899,0.34387662305502,0.352773118626264
238.in,238,1.00000000155601,-0.185247440870993,0.265233823602234,0.191183186207284,0.16047605968866,0.0348724861438224,-0.189338709728766,-0.328160717103975,0.0391726381689651,-0.013637463669006,0.341067815457005,0.294735368053517,0.415745934380366
241.in,241,1.0000000014032,0.0228460830796999,0.140793692099303,0.301756597176272,0.0579611929733281,0.0401658178545528,-0.0755544537340603,-0.246752611496414,-0.0065471938535589,0.0910665854821799,0.36345350952288,0.298389017248152,0.324616081461222
242.in,242,1.00000000108043,-0.116887682473032,0.155100719838438,0.291585418862153,0.0769768834535179,0.0117220067798013,-0.15452519279624,-0.304110777548132,0.0282141210842213,0.0161979173964456,0.37014495363309,0.309287236169365,0.345276342539314
244.in,244,1.0000000012766,-0.197112720603855,0.200280078187533,0.253045057668039,0.141990288859282,-0.0435662287008713,-0.191129153487493,-0.328830540199963,0.0446716164570938,-0.0201892189573585,0.392239565803551,0.332321712276446,0.388289363939974
245.in,245,1.00000000108244,-0.148389633265305,0.23625673397893,0.225482123642872,0.172672273111835,-0.0682933202800514,-0.174673837827754,-0.312546992002891,0.0305878266510786,0.0010782151178109,0.410149188241367,0.33921145373186,0.41963517663011
246.in,246,1.00000000115201,-0.0305301022129747,0.0560049453201995,0.38499957161569,-0.014199512968107,-0.0015734232291915,-0.116522857223291,-0.27070423083934,0.0032665556632785,0.0618998530621735,0.396742954702857,0.330461694135787,0.280245743066443
247.in,247,1.0000000013478,0.0237847494301816,0.0698103390739785,0.363432870191399,0.0313643610063893,-0.050069653396124,-0.0801940084225448,-0.251014986555655,-0.004440659977431,0.0834104421447601,0.406393746879285,0.337606997551461,0.294531394647811
248.in,248,1.00000000126034,-0.10923449703744,0.0988907632324818,0.338788511810944,0.0542947493283808,-0.0608904747463276,-0.151119987025858,-0.296859334492076,0.022096938164283,0.0200947772592677,0.41370867555153,0.346679025220664,0.318241930178862
249.in,249,1.00000000100705,-0.0491681315198735,0.109027431017384,0.325393786841082,0.0798435162944064,-0.100632694635809,-0.119848216117075,-0.282289798920726,0.0092820734314325,0.0521307968171224,0.425166979560118,0.366391215158064,0.3371030941696
250.in,250,1.00000000112109,-0.192321641802515,0.132948862201322,0.313884706350104,0.106567438910408,-0.124955352812521,-0.188919343290822,-0.329975286649598,0.0400214893340543,-0.015203589580048,0.434345487158887,0.367898267081124,0.354796419717708
253.in,253,1.00000000114476,0.0262571495154967,0.250297797754401,0.299801266099605,0.0538891326316222,0.187295314519225,-0.0871700565527641,-0.25469744939346,-0.0074426057064291,0.0875479800123698,0.359290952836979,0.298090427430738,0.380131451705031
255.in,255,1.00000000133838,-0.0709105669510827,0.295956605331582,0.260250844338662,0.116498600515463,0.132451363875173,-0.12489346196677,-0.278732645078726,0.0156768735021542,0.0451501441164427,0.385394930436618,0.315468313438652,0.417690432769708
256.in,256,1.00000000125106,-0.192546049210618,0.308052775362966,0.249438847587261,0.134125242308268,0.113544094702761,-0.197196485187369,-0.33058249212481,0.0410702634926313,-0.0193123952176494,0.386289705819739,0.333519336584245,0.440385476371347
257.in,257,1.00000000104339,-0.152972125357631,0.336667124398552,0.227937186637329,0.171779914150745,0.0834330413244789,-0.167612274552461,-0.308067486991215,0.0328010629626059,0.0014713622092648,0.40840960057486,0.345087486313841,0.453558222979226
258.in,258,1.00000000102666,-0.0419836951709317,0.162133572276427,0.373416188636772,-0.0027965516746098,0.138889186800957,-0.112207505709597,-0.273934386115254,0.0091028910141713,0.0601897889223711,0.391841718806656,0.319147639256466,0.32369104947441
259.in,259,1.00000000129112,0.0254578355157621,0.195657220176355,0.355037864095467,0.0288276479927078,0.11062406740719,-0.0832367737160653,-0.248780234583922,-0.0077339853948161,0.0902796570526303,0.407709309614609,0.337807702453465,0.350859284261644
263.in,263,1.00000000151535,-0.136274345925883,0.280275862213262,0.285197801639351,0.139405878916982,-0.0011279690694754,-0.165708615450083,-0.307666313415622,0.0315818543210646,0.0075490999407444,0.447561323983328,0.391296481925589,0.438685671590802
264.in,264,1.00000000120006,-0.0310150574242285,0.10909665657793,0.436388886723392,-0.0303392034892368,0.0669489096952029,-0.107091590525285,-0.271921196258212,0.0102524321610002,0.0642501387164285,0.43181706671848,0.360136397424737,0.3024360326738
266.in,266,1.00000000110544,-0.10592635496767,0.141427298707768,0.396212735634559,0.0278715325214668,0.0099496742022494,-0.143213916233487,-0.293620954726509,0.0248676910795607,0.0267575329625558,0.455424433281799,0.380107477440085,0.337688510495358
268.in,268,1.00000000075542,-0.193408784613318,0.184457542211877,0.35363073646538,0.0843212280164334,-0.0425671983096321,-0.200867419048832,-0.329080846232926,0.0435688493799456,-0.0170805167787377,0.469638260532707,0.399643103607923,0.383342133902652
272.in,272,1.00000000156269,-0.116272290577889,0.1204543723327,0.153431530151141,0.141493323728123,0.0423574529813002,-0.12174457001816,-0.34848674636587,0.0277325087017476,0.0360728419336261,0.273897695141749,0.231463526375453,0.334602489148442
279.in,279,1.00000000130818,-0.0581547229515272,0.0885308186663588,0.174546669566331,0.144167415602109,-0.0638585059352481,-0.108580714120601,-0.334181111910116,0.0131837465364768,0.059545552082945,0.325645480668597,0.289948424355158,0.342223036127092
281.in,281,1.0000000012518,-0.138315729507175,0.127951558280357,0.134697132897118,0.19938509754667,-0.120928669192182,-0.152295049492992,-0.363292516582867,0.0269502714970241,0.0162835844964311,0.34641626039538,0.314565289492142,0.385503517809324
284.in,284,1.00000000103813,-0.102273356024788,-0.0042402478853949,0.252147797565778,0.0846463227251374,-0.119757355297879,-0.124027134858601,-0.347489643770127,0.024754385883139,0.0373126904219874,0.356577383858327,0.310785927164804,0.286359838734429
289.in,289,1.00000000110981,0.0153109643431223,0.152005146870771,0.219596493924734,0.0871950810442205,0.142307810835119,-0.0633147793153939,-0.304788638779742,-0.0022553068850108,0.0945699885592416,0.305308224086504,0.267859394938656,0.342700579625479
294.in,294,1.00000000130541,-0.0186801707296216,0.0659305225005379,0.271604284075984,0.0246970012420694,0.0956100586939699,-0.0839785544890249,-0.32522368330347,0.0065589262314932,0.082245040226178,0.325607835995454,0.282908491421759,0.293662084318228
300.in,300,1.0000000013028,-0.0297295133354052,0.0076508547553363,0.346472564947628,-0.0084619499579249,0.0188896485363389,-0.0880806485521212,-0.319856002370323,0.004330505997784,0.0732978396384713,0.379353484832961,0.32307326608903,0.264892120596175
301.in,301,1.0000000010977,0.0200602470744334,0.0339293953421001,0.314197229129611,0.0304302516645992,-0.0143117112909381,-0.0550717482958622,-0.301943405254553,-0.0081804894640735,0.100242353218119,0.388176953987136,0.33077219719063,0.286966091165137
306.in,306,1.00000000117103,-0.0399198518972211,0.189160557021312,0.281057909247704,0.0350427391471799,0.249199498808256,-0.0878985965267918,-0.325614518355815,0.0095225023379028,0.0715137687484959,0.332297596248904,0.283163066225898,0.340348910011414
311.in,311,1.00000000103016,-0.146210221383646,0.300051630124216,0.184933792086158,0.178042460000247,0.101242260219383,-0.144397371003185,-0.364607232106355,0.0308443026357699,0.0156521983267976,0.383566284353896,0.342523176408143,0.459322481784942
312.in,312,1.00000000090491,-0.0296244880954252,0.133795097979344,0.334213090488201,0.0008648037689246,0.173569627989494,-0.0960701973033763,-0.323226544895485,0.0056174310569324,0.0767412531469662,0.37505594717607,0.319702888047504,0.3286217885352
314.in,314,1.00000000094259,-0.116006774587431,0.158727013734189,0.309743322305125,0.0504050094563293,0.116156151391684,-0.137401479603918,-0.349003484277586,0.0243027527161561,0.0370322821745432,0.39586791142183,0.339650586994296,0.354970224538421
330.in,330,1.00000000132172,-0.0326378017624101,-0.0203395216634027,0.191281931334747,0.057381866241593,0.0687363565932794,-0.076869757953835,-0.372852735708844,0.0029904577981443,0.0860246321260609,0.272259898064738,0.256410409644104,0.256501012939827
355.in,355,1.00000000083359,0.0259678989282724,-0.0080867240488146,0.268183993959704,0.0473348703511086,0.0218048731606043,-0.0479516696570541,-0.347469798199636,-0.009686126155308,0.119585967891514,0.366599174117002,0.337145022950397,0.284968583305933
374.in,374,1.00000000118686,-0.0976661987112494,0.0667774428632648,0.310904437065881,0.0388982248384847,0.058243555814568,-0.105155072505945,-0.401456514283008,0.0224701053120781,0.0557417023836445,0.407534369097085,0.385218334367723,0.329665760123793
385.in,385,1.00000000114421,0.0238628659393764,-0.0332886073983028,0.13162659895099,0.100700847703967,0.0430387809519801,-0.0335589175807733,-0.403488531839685,-0.0078458135648276,0.126361364501026,0.27497153076491,0.269054121557487,0.292803231514389
403.in,403,1.00000000113366,0.0133776913891565,0.0076869263507539,0.170155224020745,0.0724525905849443,0.116315342340636,-0.031373295018628,-0.409041713724832,-0.0068953832391947,0.125824175212036,0.311566443696185,0.304620541028025,0.311507223874895
409.in,409,1.00000000155352,0.0296194533076696,-0.0377293134310187,0.232439329468311,0.0494042203318747,0.0447780647416378,-0.0197169165221248,-0.395021767693992,-0.0101148809775504,0.132541807773299,0.363106721266298,0.341513736890135,0.282448969810384
410.in,410,1.00000000093363,-0.116023455619436,-0.0265327044717406,0.22497804717853,0.0679355135934098,0.0252674092987273,-0.0943997375312048,-0.453481201963679,0.0278188297347044,0.054057398020894,0.363435669192454,0.345217845315832,0.298537727458987
415.in,415,1.00000000093281,0.031148883952041,0.134482851070064,0.183702358175426,0.0827187579464908,0.283975765052938,-0.022156865411275,-0.396183004718903,-0.0082459293428784,0.125027030408243,0.313943751619028,0.302911447098682,0.367569856756175
423.in,423,1.00000000089869,-0.0579474693231237,0.111082385141986,0.202328179691997,0.100888974961469,0.146805437593553,-0.0741793996522018,-0.430627105658228,0.012765751663828,0.0868865512792435,0.371080695390836,0.371136783442591,0.379800847402828
432.in,432,1.00000000143131,0.0162767199828201,0.0640480644955374,0.167252851494604,0.0574386681610122,0.0942795685775105,-0.1584901313196,-0.350724907858832,0.0001498540751059,0.0847550008242549,0.227631171233296,0.228933663110189,0.361935799810209
440.in,440,1.00000000124067,-0.0816025061235194,0.0561463545664114,0.183371334853884,0.0857260438356454,-0.0351214456708719,-0.196756249150318,-0.379352942910934,0.0226403154300148,0.0429293534701439,0.284943813896557,0.290634352122981,0.375311012322046
444.in,444,1.00000000113294,-0.0014335703536294,-0.0656505828416261,0.277218212302239,-5.3509013924649e-06,-0.0720443192328306,-0.151593174232992,-0.35037073413202,0.0014198000003541,0.0839878766398046,0.314239420483861,0.298330954451392,0.299453788954298
447.in,447,1.00000000142768,-0.0285560359942271,0.0110585433317679,0.220112843524361,0.0948528834675723,-0.143247714759318,-0.173607356510323,-0.367269311874034,0.0023878025839599,0.0757899986743768,0.345787102383637,0.336754575618209,0.371507893876265
457.in,457,1.00000000126505,0.0423523345516443,0.0844980165917531,0.261201553015461,0.0407222328574933,0.0522329268884199,-0.134528611277884,-0.331312385155444,-0.0107789774346634,0.109903654314215,0.325196479642246,0.316635920994332,0.38652459593709
460.in,460,1.00000000090904,-0.156521312694313,0.148755101989591,0.211843088809072,0.112550526036058,-0.0190120503345172,-0.245697940841656,-0.408903178043772,0.0322356725667135,0.0098366932465995,0.359247812041694,0.349875923666268,0.448740087698098
462.in,462,1.00000000128085,0.012075123218818,-0.002812723295539,0.338172043157647,-0.0280069040180882,0.0036391124965341,-0.15986758125582,-0.349674945827266,-0.0023600407995477,0.0915287758910744,0.355834083960786,0.338901219552165,0.336693557605983
465.in,465,1.00000000097888,-0.0244593761490435,0.0712705444496871,0.282021392765999,0.070568280354278,-0.0733036932340319,-0.172999860302371,-0.361319463796508,0.0034084540335042,0.071046156402549,0.382030930626795,0.379433582266375,0.403736270690685
471.in,471,1.00000000125477,-0.0226606577277439,0.238413570772942,0.231032001348498,0.0881592856261458,0.173166969032607,-0.180459212503311,-0.356497426959597,0.0044153950012415,0.069458416998099,0.349734615834116,0.343313077913003,0.477305429940709
503.in,503,1.00000000091208,-0.105995529343672,0.0122077449924515,0.154586488539596,0.152516659556026,-0.187243747529734,-0.198709814334492,-0.440291892396963,0.0240700711373944,0.0431504863976282,0.355771214535334,0.364613269362878,0.410835383820621
505.in,505,1.00000000117167,0.0692514278104723,0.1033904774421,0.166047039189657,0.0666775096711526,0.155610808086812,-0.112594890609213,-0.381156053868451,-0.0151152352892022,0.129897814812958,0.264481824332231,0.279914757494193,0.410688362293686
509.in,509,1.0000000008651,-0.10379434851494,0.192629765643914,0.106554557748166,0.181391662258766,0.057655505832996,-0.203826857740318,-0.441925685389596,0.026067595421872,0.0440353033122122,0.307753319168375,0.333507295985395,0.499074223069903
510.in,510,1.00000000113488,0.0035142495819921,0.0338126510005794,0.234630249225833,0.0130084539338574,0.124160722056592,-0.140539399283755,-0.400513854296436,-0.000469046578874,0.101276947544137,0.289225249830461,0.305758189524392,0.357957775478868
521.in,521,1.00000000109363,-0.105541964956578,0.0837731701488547,0.186829871254162,0.134920200940623,-0.0962637048724151,-0.196818176915121,-0.438098134433836,0.0232289154395377,0.0455484424098741,0.389701355863004,0.405720887920491,0.442804053184566
524.in,524,1.00000000108963,-0.0709877665361055,0.175328797111761,0.206743028375562,0.0710827068767159,0.215644547603705,-0.179319753219691,-0.425464984193076,0.0150339499913905,0.0643986022751976,0.319370346560464,0.32465521957545,0.446457949985686
531.in,531,1.00000000127821,-0.0298943903515828,0.139679804043336,0.245870663197866,0.0694179248816355,0.100381021738495,-0.160652157608502,-0.414294711377237,0.0075564056431841,0.0837936597471477,0.373261024266685,0.376713832243186,0.449574919798879
540.in,540,1.00000000138215,0.0184920369559682,-0.0154729510387132,0.0912986119254474,0.0775840247961967,0.14455539164124,-0.11633640827853,-0.451530056493237,-0.0003118400958413,0.118652891810972,0.190608187873795,0.232905683430583,0.360207397322963
544.in,544,1.0000000009371,-0.143685777934568,0.0768423409777778,0.023457265112481,0.169873894361861,0.0473820643763333,-0.196597578597608,-0.505236948470356,0.0383331398067987,0.0351061247579372,0.230290212380537,0.272033075797269,0.436077064541678
554.in,554,1.00000000141147,-0.0765922692051055,-0.0805361333960666,0.166289585087571,0.0777870100053129,-0.0605534983160573,-0.153360453044512,-0.477900203594156,0.0150803242579193,0.077627095470799,0.301073061959418,0.325239898663783,0.339319767408089
556.in,556,1.00000000114627,-0.155891054001106,-0.0393851908334519,0.126186989076485,0.129894616270746,-0.108324559873251,-0.20456977943329,-0.501873573404311,0.0304642901804061,0.0376446682778959,0.328077985530698,0.351648654399331,0.380412632612719
559.in,559,1.00000000095813,0.0512093366513066,0.0768412999796594,0.125898267118656,0.0725029103351971,0.191038662772976,-0.0979902080867886,-0.436957888377927,-0.0122442121961711,0.134645436718433,0.247907094034474,0.276176788520049,0.404787052137142
560.in,560,1.00000000114909,-0.0702239790986354,0.094228274844381,0.108928729525538,0.098169120590761,0.178738855191349,-0.156977891277211,-0.470497316160478,0.0150744859191947,0.077602073477028,0.263959997285564,0.294133502557465,0.416671253916316
567.in,567,1.00000000103537,-0.0265694634045469,0.0498130465860764,0.150756677274899,0.101185372759606,0.056149091484994,-0.143235785234359,-0.459862060571251,0.0055210399144412,0.0956752498520833,0.317539541183631,0.344124008002627,0.42174722363549
569.in,569,1.00000000103518,-0.105285742374902,0.0887347433313254,0.101190130046885,0.162419348357684,0.0176366669601896,-0.180817389326509,-0.48759481549005,0.0223772873216112,0.0594852188667792,0.334574432485837,0.365415250351317,0.452748849660311
574.in,574,1.00000000117931,-0.164241296246469,0.0071442862844945,0.174755620246611,0.0996085086209556,-0.0425376341081002,-0.211165720453316,-0.515032519777109,0.0389863095281666,0.0312220678984984,0.358860658307511,0.384164009898413,0.411954998452842
582.in,582,1.0000000007704,0.0153570349118203,0.0323551203785269,0.252515202244787,-0.0034462926906923,0.23282150291003,-0.113411850689005,-0.448676749785646,-0.0023799236587334,0.11934172102096,0.315865207145414,0.340518585809775,0.369895668146029
587.in,587,1.00000000115424,-0.104107951558094,0.154218656053383,0.155312412037497,0.13435882325826,0.0863397905963202,-0.173588215859813,-0.483858253160524,0.0204245771224659,0.0655546261193382,0.377811962000358,0.396031245045027,0.482271071813426
591.in,591,1.00000000097336,-0.0162101472608215,0.0539100439862837,0.245848589077178,0.0532933547142673,0.0613725101390204,-0.135018138741982,-0.459553018080752,0.0032615598723635,0.103286119031971,0.395140071950425,0.418235489030033,0.424087583207826
618.in,618,1.00000000118034,0.0083543120581177,-0.0536950051584147,0.158766483069153,0.0295700497169862,0.182397067606708,-0.105345205981221,-0.500707303521639,-0.0007220879317112,0.123578239004951,0.257355684124933,0.307968653797276,0.346543784591327
629.in,629,1.00000000099048,-0.104789842976348,-0.0065446186778628,0.115481208888897,0.146998016542635,-0.0407036441856828,-0.160902301935026,-0.543410881714677,0.0211091028235936,0.0696063686357687,0.347474044318705,0.400702423070396,0.431550733667597
642.in,642,1.00000000112772,0.0096423771608577,-0.0672118629361909,0.268897372545593,-0.0322322720563758,0.172619740573339,-0.1058093243449,-0.498493267672606,-0.0035534018001797,0.130085240524249,0.340620332355505,0.381816796480368,0.340356790830553
645.in,645,1.0000000013023,-0.0137509591444594,0.0131877853981142,0.20356553618603,0.0661582595336792,0.0861797544544313,-0.115650995761597,-0.507610444020199,0.0032483884495208,0.116547496396969,0.370549314585104,0.422808222790482,0.413990692156998
649.in,649,1.00000000128288,0.0953102424995763,0.0440571816268057,0.1055391956158,0.0721524987858003,0.0856978987994461,-0.18770601737899,-0.416244691540069,-0.0169897172919527,0.132899601074225,0.199671839817012,0.259980919420803,0.444598420500321
659.in,659,1.00000000080488,-0.0755786837165911,0.0727364224251906,0.0958963559658687,0.156110804993201,-0.103337822242945,-0.268301240795586,-0.464082125245541,0.0161157980173139,0.0554225569522211,0.291970748556101,0.338245078076733,0.506222231110241
663.in,663,1.00000000092389,0.0064961303249831,-0.041335414308217,0.174932621147644,0.0732967235046235,-0.133412954141918,-0.221762066749211,-0.440773239535059,-0.0034528052598066,0.101598934199586,0.307376088996905,0.35327907959829,0.433653610151322
668.in,668,1.00000000120032,-0.0325950233069278,0.0972465166205886,0.150206854286492,0.0686201340596302,0.130244877255518,-0.253965379097566,-0.464471612128693,0.0115119525480694,0.074667396285718,0.247063529538971,0.309644012267217,0.486590693201676
685.in,685,1.00000000113483,0.0921051100318767,0.154728252679998,0.21685169219949,0.0133400321466042,0.239858261647006,-0.179389821504105,-0.409826338176702,-0.0267484358756891,0.140957248122042,0.289604823000169,0.333077589571627,0.49468714987776
687.in,687,1.00000000071908,0.0194294466232957,0.194121839312531,0.170975219167594,0.0723284643599837,0.174973873544291,-0.228840670896662,-0.432303834786063,-0.0117709550473311,0.105875596982688,0.307623246018483,0.351876203834499,0.5409852060491
698.in,698,1.00000000115391,-0.0427881401026889,0.059870537479776,0.314458603999729,0.0011812638276605,0.0510502814523386,-0.247967003541932,-0.460753629317654,0.0142873746722155,0.0692039343934143,0.374325476203658,0.417806338974794,0.465344077441273
711.in,711,1.00000000091401,0.0210560058069048,-0.0167995817631672,0.0891198043620752,0.108543330962324,-0.0245690058461705,-0.207152800419336,-0.485058309273483,-0.0058946749665495,0.11628665327607,0.252351022730738,0.320998703479787,0.459362845927151
712.in,712,1.00000000138187,-0.128382048191937,0.0142884216661894,0.0668151799217922,0.135342566215208,-0.0475372908068952,-0.272738383703294,-0.533905438752949,0.0282518538582739,0.0451663901666449,0.259269598011808,0.329146711140565,0.479729130720986
725.in,725,1.00000000100715,-0.0623842427157121,0.153037654853926,0.0546675690302887,0.165612048043804,0.0833048656372807,-0.248955420244175,-0.514059794123019,0.0132648464371335,0.0761658175550128,0.268263610343438,0.345084466407137,0.558062350316574
740.in,740,1.00000000122359,-0.0300628479662633,0.130376396934468,0.161523412846657,0.0457159293644367,0.237498425695293,-0.238787628738143,-0.508991521711621,0.0078508559075467,0.0869064649453512,0.274640639376012,0.345680680022939,0.515204327297313
745.in,745,1.00000000129369,0.0963034293759572,0.0467228140579453,0.224676425686106,0.0018187812020653,0.171929204904804,-0.168035880998118,-0.459790028289779,-0.016369719371638,0.152427339686386,0.304447268910451,0.37349378817983,0.467711847109102
760.in,760,1.00000000141482,-0.125864055756469,0.0225669622921574,-0.020411329392351,0.165344139096154,0.0633936248312534,-0.257793412016062,-0.585282814531683,0.0305378430469383,0.0553382045535867,0.204820486476469,0.298132130200528,0.493516643984274
776.in,776,1.00000000115328,-0.038742307056117,0.0326508004959079,0.0725702878866352,0.0752633960206939,0.189041356184001,-0.220373063783334,-0.55973305919268,0.008265558182382,0.100710773559816,0.218399829861042,0.309441285545979,0.483522958268946
791.in,791,1.00000000094317,-0.0673282522116199,-0.0056363930709477,0.116157307335075,0.126869446686879,-0.0443054849566004,-0.234389543150195,-0.564867606534063,0.0151215788929537,0.0887355187379412,0.337790804336237,0.421354103082102,0.495049975744878
803.in,803,1.00000000092991,-0.0730425726642505,0.0969529576487393,0.107840447668475,0.123781159759254,0.0988454428755695,-0.231983273319539,-0.573595576120584,0.0177874179380723,0.0826429337765617,0.329884145707584,0.412600510171139,0.543360492804472
822.in,822,1.0000000008471,0.0620330959348994,-0.207058649129275,0.114940159699824,0.0001684908039453,0.0532214657969896,-0.147847702339792,-0.568787747073667,-0.0124511334133829,0.157354360208102,0.227542575254044,0.334977227473603,0.362180592968584
869.in,869,1.00000000170964,-0.0572985862298526,0.0712781086311332,0.24174663302049,0.164864929558046,-0.0150896555676587,0.0074769598206582,-0.192977837570096,0.0130783647654089,0.0944931483858652,0.374804931281486,0.251555355576195,0.195380533476986
904.in,904,1.00000000094714,-0.0988191338871208,0.156961216520835,0.375410264389564,0.0746413218522467,0.169970689988452,-0.0191360622275145,-0.201648430028523,0.0185135270363122,0.0798566148071571,0.451466007417444,0.31235381535507,0.216277314132515
965.in,965,1.00000000128454,-0.0557763596140746,0.100137192780479,0.367035500100721,0.0954744510387858,0.101952790994817,0.0279812064911219,-0.235239740537882,0.0157559550852118,0.111704528307622,0.49108904040687,0.364678190444315,0.218196446644239
1000.in,1000,1.00000000101276,-0.096471134561669,-0.0285869136911202,0.295864899845387,0.0915369952122163,0.0734399929471936,0.0267853377970235,-0.299965466941394,0.0169100623551553,0.107016306356305,0.42309147726876,0.316029239468202,0.16428922394795
1001.in,1001,1.00000000126399,-0.0523593570814364,0.0189953986165202,0.279739386018049,0.124350982185805,0.0623015316595674,0.0483809953745489,-0.283450974991923,0.0107008178148167,0.128553193435938,0.435423521844515,0.328749588766439,0.195845493931538
1002.in,1002,1.00000000105386,-0.173383846823908,0.0117242008358224,0.268124428573997,0.15623763753428,0.0288474486509298,-0.0160303114386971,-0.332287878543497,0.0351160056424252,0.0678522258449136,0.441047931085042,0.33869895102333,0.204627981917396
1003.in,1003,1.00000000122919,-0.125982212117479,0.0457204628842722,0.245681436444881,0.184368350239736,-0.01211235573382,0.0090535757038613,-0.314422665083384,0.0292328601885748,0.0866771847305679,0.452282090917632,0.352026960041555,0.229758700458287
1004.in,1004,1.00000000118733,-0.265999025545997,0.0755439174451578,0.219300580149548,0.207603974295669,-0.0154078807648521,-0.0707862110328538,-0.36544356079866,0.0595246301727454,0.0136225320719143,0.455264692524438,0.367016893888542,0.255803066352491
1005.in,1005,1.00000000086504,-0.209384760284054,0.0941613900844606,0.205822644123786,0.240545532393996,-0.0586777882393674,-0.03779699542975,-0.345572593949036,0.0461021978046256,0.0469863489591129,0.472103565957783,0.37559179686527,0.276948738401276
1006.in,1006,1.00000000108829,-0.08830371238666,0.15058960523375,0.253998421015678,0.115947029839088,0.311011568483054,0.0250663598217777,-0.301934686051063,0.0178180583387902,0.111720892730207,0.37914830656347,0.273342996579342,0.242748437256051
1007.in,1007,1.00000000100563,-0.0461351083114504,0.170811149013371,0.221040724055138,0.157786988212547,0.274405858575055,0.0475449605009564,-0.28233358941455,0.0060611336820634,0.125899240991663,0.386486151974907,0.286448817818932,0.262226609884206
1008.in,1008,1.00000000088856,-0.171806202203227,0.189185984223927,0.214343154762939,0.184595008327272,0.252344780329122,-0.0095650264762293,-0.331468833581616,0.0396914036411448,0.0673277879380506,0.398707257784701,0.299104316147698,0.279443042904497
1009.in,1009,1.0000000007736,-0.125371036248329,0.223354822465015,0.186373404722569,0.215894967974841,0.222821208584887,0.000778536084226,-0.322770084597174,0.0232590903980641,0.0874663478173221,0.406613403381972,0.310189997400732,0.318325336533728
1010.in,1010,1.00000000107674,-0.270277723574971,0.244456075316036,0.175856555877621,0.225435361305164,0.202424023477401,-0.0637011298016618,-0.366290108383475,0.0562362555953511,0.0174060563092977,0.418957367746905,0.317100554546946,0.330470734104192
1011.in,1011,1.00000000111169,-0.20533344940642,0.271261747241993,0.15784429018062,0.255171356991356,0.175332471295256,-0.0319344557988227,-0.342541219228408,0.0442759459925847,0.0420263661394882,0.438668493680501,0.339970795542549,0.357249580031788
1012.in,1012,1.0000000012129,-0.0917181995455502,0.0852098542224997,0.294816164816927,0.0971865806823166,0.230767127712391,0.0210949676832914,-0.303481216706543,0.0237644530599368,0.105547046873902,0.417975475510048,0.314191593244581,0.212006777550253
1013.in,1013,1.00000000100131,-0.0457247839950387,0.126361868017642,0.284161635877713,0.121642141566232,0.2140396100691,0.0449942183759006,-0.283784613893928,0.0094179377591195,0.129306807228327,0.434719722618894,0.327350946038581,0.245566921599973
1014.in,1014,1.0000000008376,-0.17468323729512,0.133537146559481,0.265140339477174,0.148781741855265,0.188544724095582,-0.0218631641175875,-0.322869383107352,0.0384280937034519,0.0616473637025125,0.449615444886348,0.336245786087062,0.253194285596889
1015.in,1015,1.00000000105736,-0.133991698586796,0.175288756029115,0.242050145848262,0.189137685012195,0.158413998656885,0.014265005268099,-0.313056687721156,0.0312158653109017,0.0882204844836622,0.45552123257795,0.347161285535849,0.287217295171462
1016.in,1016,1.00000000150327,-0.266640681529117,0.184021115344702,0.218048728132938,0.209401836289931,0.117651796498957,-0.0626981509887196,-0.362966984915187,0.0600773475622474,0.0212729950144674,0.456373188703994,0.360265892396041,0.304168324876114
1017.in,1017,1.00000000089298,-0.207275962471894,0.209723007726009,0.202959719486946,0.242594920377577,0.0992188375703322,-0.0361161405727485,-0.340869270646446,0.0441266867932074,0.0499018987698055,0.476451758198744,0.374363160930383,0.326160865521692
1018.in,1018,1.00000000086616,-0.0885375418896637,0.0307190998629565,0.348675801917823,0.0717884482689799,0.155327448250796,0.0276944135733872,-0.30166029958937,0.0201974480777804,0.108415684625569,0.452443465645884,0.347778718761011,0.18865532659537
1019.in,1019,1.00000000096734,-0.0364318980966414,0.0506804898501387,0.332541978839777,0.10736121117112,0.121811458577634,0.0514657851863897,-0.278562018621856,0.006653916227068,0.132434118949729,0.479114319882653,0.372594095295924,0.20849293828519
1020.in,1020,1.00000000117938,-0.177527414424383,0.0731361519845194,0.318854121610905,0.11930007349502,0.0979255849876093,-0.0187694951378402,-0.336337926988394,0.038835640779721,0.0668554760024061,0.48069171368907,0.369711972035109,0.232723390388593
1021.in,1021,1.00000000097981,-0.128148819637405,0.100121303950142,0.292927802372657,0.154387236380177,0.0727162504785824,0.0044039622014502,-0.310738455137042,0.0304100549148143,0.0897211593266357,0.499065174068983,0.389505698950758,0.254895545422798
1022.in,1022,1.00000000120295,-0.269169753230907,0.12885788132802,0.268475235213863,0.183145090027404,0.0448356835397399,-0.0691283637024136,-0.368784924817763,0.0599318407013222,0.0161589082857485,0.497122279285414,0.3956652953854,0.284314108112614
1023.in,1023,1.00000000124779,-0.21773031314676,0.155237447691111,0.262470899598935,0.217982469664665,0.027827522897493,-0.031787873658952,-0.340827058035517,0.0520837470574167,0.0470213428023405,0.525166218700491,0.408609867559839,0.29961354497808
1024.in,1024,1.00000000105136,-0.0889378879868372,0.0010750253155554,0.0950669658956191,0.181249172693151,0.190887309608411,0.0473312633212802,-0.351034943252749,0.0210028471774683,0.121994700700655,0.277194579403097,0.203153289775725,0.183199013436202
1025.in,1025,1.00000000112099,-0.0402443511356663,0.0323807304143343,0.0796893275945412,0.208963294449098,0.153154189424475,0.0688489556464415,-0.33652424377136,0.0100808586332673,0.138982097273428,0.291784246928012,0.217101521907252,0.216039457518172
1026.in,1026,1.00000000108099,-0.171915449399094,0.0365792404333895,0.0667480643185085,0.226338422244294,0.136837877898345,0.0046528519305117,-0.378731140203731,0.0371154800669503,0.0685715266558579,0.300406024329884,0.222899110737043,0.225830647467472
1027.in,1027,1.00000000103178,-0.124101323256276,0.0719719056439508,0.0501340889869561,0.262474368973797,0.099533698979065,0.0203304798005587,-0.366661933064081,0.0273886119650008,0.0990886559793892,0.31176833211862,0.243725920771546,0.262794018143576
1028.in,1028,1.00000000131386,-0.254226715830975,0.0985279670761292,0.0309192285196189,0.285886905618357,0.0875282739081383,-0.043486009876331,-0.406471881398877,0.0566951931718511,0.0385929907892081,0.324404835564624,0.253229392399988,0.276739937166274
1029.in,1029,1.00000000070634,-0.200558922548795,0.116456213981926,0.0031052578497272,0.321333268815224,0.0507809561286555,-0.0196819525099638,-0.392944502413746,0.0450115079593699,0.0609525559830749,0.334494810936652,0.26216802442573,0.298344413456001
1030.in,1030,1.00000000091655,-0.0864215200549804,-0.0584029263054408,0.158722676306471,0.152061377561165,0.113754614562133,0.0422116145461379,-0.346038424531661,0.0246833294088828,0.119678204333104,0.319503401291289,0.240968352680321,0.170428513561107
1031.in,1031,1.00000000114358,-0.0463639899868954,-0.0366700767894394,0.128692594873484,0.190071880241768,0.0763911456911341,0.0685557166348762,-0.340072031212976,0.0096234575933013,0.141474163196404,0.331964760296765,0.251389394043986,0.184531186211598
1032.in,1032,1.00000000123321,-0.172152991875007,-0.0085892935942345,0.115621094156735,0.208308396108939,0.0570446293933187,0.0047139792854826,-0.379624553969562,0.0381547236977636,0.0795717147850088,0.340445418869225,0.267759690385264,0.203648714345707
1033.in,1033,1.00000000086388,-0.118265662205587,0.0085322781611729,0.099734375516836,0.250451500352145,0.0272122435458242,0.027728823578269,-0.363471818357973,0.0243553325924356,0.102475056096679,0.357227299627596,0.27996782553962,0.230216584845661
1034.in,1034,1.00000000090586,-0.264281981985789,0.0286113085766486,0.0873113405602788,0.269698669065871,0.006884672080291,-0.0422607133959121,-0.406737662886078,0.0608511174780953,0.035675777146418,0.370865336337377,0.290047696222176,0.239893746914943
1035.in,1035,1.00000000129464,-0.208808173326401,0.0747258725208207,0.0522161802684382,0.301656603440743,-0.0273861874787378,-0.0231604762086016,-0.399242202274426,0.0461519430636298,0.056702260751625,0.364293887775606,0.30542782436397,0.284803183255767
1036.in,1036,1.00000000103362,-0.094928397369122,-0.111258288217119,0.2066704422921,0.131950352365198,0.0374702785875742,0.0470455725487448,-0.348853621040376,0.0185465922641691,0.118895124918169,0.368131372690164,0.277304177367986,0.134076972750382
1037.in,1037,1.00000000087127,-0.0388821454205116,-0.0979914144880367,0.191565628894152,0.161913764274251,0.0018267339948526,0.0686063337435426,-0.332006753021715,0.0132929161109555,0.138833516774791,0.37576384773962,0.298925715256411,0.148611805921579
1038.in,1038,1.0000000007684,-0.158917037716214,-0.0663959678055951,0.178853284702101,0.175750551253992,-0.0186646470920056,0.0048330735190868,-0.37650468684489,0.0354841386930342,0.0787373509553001,0.383323500211153,0.308758365584057,0.182898864724741
1039.in,1039,1.00000000131018,-0.125026341847371,-0.0329498165222604,0.159370466811171,0.212052068780234,-0.0475028416619651,0.0299422978119738,-0.363584874558033,0.0284884618398422,0.0976136803378949,0.401793561890474,0.312596092671723,0.206140685874805
1040.in,1040,1.0000000009844,-0.265229514671844,-0.0204849971556739,0.145881220602276,0.237497580841147,-0.0700555111522128,-0.0448839013773799,-0.416450309152663,0.0608333238554869,0.0321971077152943,0.39878110326932,0.32389843030475,0.223092822272625
1041.in,1041,1.00000000099047,-0.202028787963562,0.0024857838921616,0.106928205222164,0.271626241484008,-0.0993204710658818,-0.0145243467548334,-0.386013563760812,0.042386334645879,0.0633364180457002,0.417237405291851,0.336836855453325,0.241848531764575
1042.in,1042,1.00000000094543,-0.0891163935504092,0.0624580366416989,0.151014984032193,0.150679808849985,0.260443884883353,0.0321843855619074,-0.349091273795321,0.0173134238633834,0.119052880344891,0.31475135250626,0.240578263046664,0.217993187234765
1043.in,1043,1.00000000107557,-0.0547397507885846,0.0885138506154706,0.135350173872301,0.189964971737158,0.239505811825405,0.0617858401911001,-0.32875205780172,0.009548999434524,0.137561886934093,0.340821510971271,0.259594927087623,0.231163579358741
1044.in,1044,1.00000000138033,-0.171959955284919,0.10768689233616,0.116826976745376,0.212121495719342,0.2156112774606,0.0014583054624425,-0.380803136664545,0.0375421398507073,0.0788982766817832,0.332672707161636,0.268282313100207,0.257419158651357
1045.in,1045,1.00000000097737,-0.11198916706299,0.120417550947474,0.0986529653303079,0.242605620139691,0.163848626986159,0.032060930664208,-0.365218179278461,0.0265315342238599,0.10140532239746,0.350341967187968,0.277865437112564,0.28113359788417
1046.in,1046,1.0000000008837,-0.261565582328336,0.149869518146454,0.0883200523322332,0.26781909393302,0.162860125950661,-0.0374639161745145,-0.412213710270226,0.05905495929655,0.0394504421194385,0.368161647518996,0.279903492323887,0.297208290808371
1047.in,1047,1.00000000110822,-0.199463361705331,0.176339912704292,0.0557206969312899,0.294763224896846,0.123798280429473,-0.0167617079968109,-0.390812530436367,0.0437710975677302,0.0588750435798084,0.371568070585266,0.308456388759504,0.326278025728371
1048.in,1048,1.00000000100661,-0.0956537978409645,0.0068249826811621,0.214258508353208,0.130864237466258,0.200166600841416,0.0465359894892198,-0.348192245098125,0.0235012026446203,0.113917411949112,0.367567975407628,0.280010797787154,0.184202605834359
1049.in,1049,1.00000000076762,-0.0528043143779548,0.0254549018537414,0.179230201670327,0.167414009391175,0.161488524794812,0.0735734692945302,-0.32780506578187,0.0112963475868204,0.139139833348679,0.377214085723289,0.291264791315225,0.209567296174476
1050.in,1050,1.00000000106465,-0.172238101095503,0.0420454785566561,0.171897047474941,0.182554488527863,0.137570072872341,0.0028197919834616,-0.378261322098892,0.0393270218458791,0.0704632366096206,0.389431809283861,0.303616006579727,0.227737047868683
1051.in,1051,1.00000000124596,-0.123737316730699,0.0660950338285395,0.160934521575828,0.214643427510045,0.101018853377437,0.025208147821462,-0.361399811652352,0.0288088586002315,0.101821171211132,0.401191262585881,0.320502086296387,0.252063067146725
1052.in,1052,1.00000000098894,-0.258938530267485,0.0908466500098548,0.135567946916614,0.245956941369675,0.0963472476571645,-0.039674653572891,-0.399743252750864,0.058132298125139,0.0397922311025605,0.406221992769478,0.329227296017507,0.2657241005826
1053.in,1053,1.00000000116451,-0.217074608797791,0.143297413011069,0.111012742359087,0.273158763937213,0.0581611929761464,-0.0164050118372118,-0.394800123756922,0.043789121746951,0.0558986548603537,0.414403790384716,0.337106619067666,0.309504869536873
1054.in,1054,1.00000000103212,-0.10110046910118,-0.0563716505512447,0.264547105907535,0.103904755246436,0.106491552768199,0.0342489069627323,-0.358427786732824,0.0237626723505741,0.118051993846264,0.398221219659253,0.31306153967266,0.162126084082859
1055.in,1055,1.00000000119546,-0.0280613842911496,-0.0345703396824199,0.2451142716825,0.126455269206645,0.0734161560726116,0.0735720934676976,-0.333963882893229,0.007866492241445,0.148101238856262,0.414898132768379,0.330253134117974,0.189240101334161
1056.in,1056,1.0000000009523,-0.167544631167899,-0.0163318090243182,0.217868976272144,0.153596125195697,0.0630447489093243,-0.0018644864346776,-0.377960828228131,0.0366282806571139,0.0769063137595754,0.421756064153136,0.343782644827513,0.203064446020439
1060.in,1060,1.00000000115533,-0.0922433741901328,0.106701387411823,0.213719419301388,0.128366409540649,0.332058685703834,0.0428820159968706,-0.356700631955326,0.0254190200402699,0.109837474393041,0.356535979655096,0.277297473008663,0.235548196420562
1063.in,1063,1.00000000112394,-0.132696761916751,0.181780854752283,0.157416781891062,0.211852267985767,0.246233344147035,0.027823990233935,-0.364993383270986,0.0311253351449599,0.0967224006550931,0.399990793421249,0.313356514035774,0.30166767776458
1064.in,1064,1.00000000118845,-0.256044340024957,0.201990580102596,0.123751945811551,0.240658534630541,0.230680966717082,-0.0392453707559084,-0.417873293725514,0.0547514016721092,0.032593142653199,0.396881181497564,0.321157056829669,0.327246626826575
1065.in,1065,1.00000000124022,-0.203222348615851,0.224892280303002,0.104058157238479,0.282598246333991,0.193730752503496,-0.0139677232298576,-0.392478627177278,0.0458461305888575,0.065110538976827,0.411738723959122,0.340921414277908,0.352518563709633
1067.in,1067,1.00000000138577,-0.0442061032484793,0.0837789984272509,0.245387276953638,0.131738538515392,0.238539366042965,0.0688543072193339,-0.330468250258676,0.0106822933372585,0.144659749856612,0.424814949515366,0.335316848741777,0.23608670509737
1068.in,1068,1.00000000111189,-0.178720200159217,0.0844354259584508,0.218515041077723,0.16310421627505,0.200008432533882,0.0118249040115898,-0.376138188578428,0.041631501715838,0.0774142522710511,0.422930712289111,0.334394851406688,0.241350909551086
1069.in,1069,1.00000000142786,-0.130026774276261,0.116221115585385,0.204592144169438,0.181392828551095,0.177199582119646,0.0185520476987524,-0.363991298476823,0.0277403914752204,0.0953827991709631,0.4428940110251,0.35199148578519,0.27699539198264
1070.in,1070,1.00000000118282,-0.253900102948335,0.14267068039094,0.187092524674476,0.216255635720571,0.15503865046004,-0.0413542232632022,-0.411543456147906,0.0532674961105318,0.0353267097772968,0.444932045027637,0.359860779665891,0.299077463505101
1071.in,1071,1.00000000089088,-0.214712504419545,0.170465924588765,0.169582686488401,0.239815699669699,0.135551523107194,-0.0161039208875143,-0.384883404044467,0.0453478593094307,0.057328971767829,0.464775263054384,0.379245271715483,0.317136849847206
1072.in,1072,1.00000000122199,-0.09689084793497,-0.0070896599873287,0.311563467201258,0.0782016674907938,0.192063274481294,0.0464631289513159,-0.350156626916912,0.0235239841352685,0.112338570046362,0.443127451626041,0.349311137151597,0.179377918674773
1073.in,1073,1.00000000075041,-0.0412281454117513,0.0153625319527034,0.295699294997848,0.110764541232466,0.161309461395579,0.0645853599038118,-0.327539944320226,0.0078392297880326,0.142493012649161,0.463151369545501,0.372938004217924,0.203262335589135
1075.in,1075,1.00000000122503,-0.117599675735097,0.060022945431372,0.248985943764142,0.165007680297561,0.0906557157515708,0.0320843829067551,-0.360814254235217,0.0249902458770856,0.104524575419045,0.479282338044096,0.382666722291359,0.251717756543627
1077.in,1077,1.00000000121343,-0.209188038280287,0.114832103179305,0.213790115544989,0.221204041496936,0.0451453043517303,-0.0179267631623601,-0.394513577879155,0.0449982760027207,0.0587031217046336,0.497699704989088,0.40984310167089,0.302743050001629
1078.in,1078,1.0000000015304,-0.0537264421599142,0.0552827172115851,0.169194411717613,0.131475150550555,0.108407720647936,-0.0692558370351776,-0.286800279364899,0.0072686933611663,0.109019891537969,0.282510908505467,0.214634416258071,0.259834869911396
1079.in,1079,1.00000000177221,-0.010183779970332,0.0867018687438048,0.154289849285401,0.180900248122364,0.0870890772332851,-0.0398154034991791,-0.262654491741106,0.0030387385765099,0.129168835810148,0.303005613453764,0.230233910745676,0.280294645691519
1080.in,1080,1.00000000126265,-0.142781507870632,0.102091805669735,0.144441027259357,0.19718882489225,0.0610626366400588,-0.102428428779829,-0.307316322918622,0.029970741887018,0.0665561288619475,0.318229936681276,0.237833834450882,0.294729747352254
1081.in,1081,1.00000000111731,-0.0977063510627841,0.139819630716412,0.127356385751762,0.221089686516689,0.0351492576810162,-0.0859535195602992,-0.295912403220188,0.022117865068396,0.0824917978712681,0.32944465817599,0.255104195259722,0.331156353037834
1082.in,1082,1.0000000012458,-0.242015617597139,0.151099842633314,0.0948457563793841,0.254766220960268,0.0073259237782005,-0.147918715745931,-0.343916549678258,0.0517088219729288,0.0197698076704268,0.331274729113031,0.258402231658991,0.346994499065937
1083.in,1083,1.00000000141136,-0.169783525141537,0.181704758783927,0.0838740851905705,0.283474411643844,-0.0263099635187955,-0.114852758044472,-0.314694321361203,0.035791040677193,0.0539660000806839,0.354919490184916,0.274991946519937,0.365422886690605
1084.in,1084,1.00000000129569,-0.0602076381409352,0.0027161198303306,0.232200337511287,0.111391041993451,0.0370956078141571,-0.0670121125804716,-0.287083371819148,0.0138348840533759,0.104876115374463,0.331498732343187,0.251492331903885,0.239431500641137
1085.in,1085,1.00000000089193,-0.0013652817450469,0.0326436254483944,0.214846509740761,0.145548934415296,0.0008951293788284,-0.033367379697413,-0.261535820085052,0.0009924561044409,0.134207058567714,0.353577162349298,0.268265536069928,0.260669214075367
1086.in,1086,1.00000000137398,-0.146752006406182,0.0462836297997165,0.204122440696719,0.170436128495239,-0.0167102380418236,-0.107309165786487,-0.311576845162893,0.0330024291914115,0.0612618655194214,0.353584788145222,0.277721445062323,0.272144518874513
1087.in,1087,1.00000000105073,-0.0898673799400729,0.0807063750678037,0.172285474498829,0.202478380402738,-0.0389734859858551,-0.0807150304964874,-0.294942325824763,0.0214932228999809,0.0898020618643576,0.361376315524497,0.290951038343644,0.302415082320725
1088.in,1088,1.00000000118185,-0.237191095809329,0.107842578541281,0.161475045777616,0.225771329836861,-0.0614880517026795,-0.155613989921711,-0.341741401320423,0.0543451775026267,0.0151628158775538,0.374441431110437,0.30255970197263,0.322884305365703
1089.in,1089,1.0000000013127,-0.172566358883934,0.129966561533225,0.139866777288089,0.256341108060817,-0.0912467210698841,-0.120415962301668,-0.316768540129254,0.0391365347375346,0.049110129008397,0.401403437291594,0.309277440756528,0.343969548436188
1090.in,1090,1.00000000127221,-0.0600687192345101,-0.0418869536874606,0.269797401272203,0.0893271065786595,-0.0329494392569976,-0.063251455812813,-0.28205109767754,0.0126930194453141,0.104461933210354,0.365684536243061,0.282841993444,0.208021056133787
1091.in,1091,1.00000000118801,0.0004578505309239,-0.0348512620522707,0.26478465855013,0.12020982264995,-0.0834600326324995,-0.0288509553295913,-0.26355870520622,-0.0012054496567014,0.135553992580248,0.389006003888486,0.304696626350851,0.226784322900473
1092.in,1092,1.00000000124585,-0.135084112369431,-0.0208483480151597,0.250925468999008,0.137047965427048,-0.101167220131331,-0.104669637770282,-0.310546005796331,0.0313693815441516,0.0652353021662573,0.399218977552533,0.312217214480408,0.2440978430542
1093.in,1093,1.00000000096945,-0.0949814371230458,0.0198148960107405,0.239090054540599,0.172001883518714,-0.127039709403928,-0.0726397044969454,-0.290899535583539,0.0223848962278471,0.0840832655407691,0.414649501428825,0.329491739366832,0.275048906104828
1094.in,1094,1.00000000096699,-0.229005635800524,0.0359156188686886,0.222516340311652,0.197095010189916,-0.139856765286751,-0.147568952506224,-0.340455380171672,0.0520433732843636,0.0239101298160883,0.42135397693762,0.335840531180781,0.295285954317298
1095.in,1095,1.0000000009091,-0.168849638095045,0.0520779971957779,0.180275690437372,0.237893139485512,-0.179248840172799,-0.117703275992132,-0.328974679871463,0.0350094915973333,0.0516235266593492,0.426721945851957,0.341662785151334,0.315560894265249
1096.in,1096,1.00000000155942,-0.053326761115598,0.114314207756996,0.235170800277448,0.117631230645882,0.189910575494128,-0.0608270814766265,-0.277829315916017,0.0114676627819294,0.105492058182466,0.335685044739483,0.24991287048657,0.281064020988968
1097.in,1097,1.00000000113355,-0.0155512954048266,0.15075891100167,0.214425197949954,0.140482923300937,0.165602618629145,-0.0376890216696936,-0.262229789552397,0.0051169844928169,0.134677390303972,0.355816338787068,0.263300561908205,0.309475014526445
1098.in,1098,1.00000000147609,-0.140856262365648,0.161261999586769,0.19078989168832,0.168041848747042,0.136107750504905,-0.100688363569748,-0.306011897428743,0.0318805851473702,0.0673585095317249,0.359040898955637,0.278121399704732,0.328172452058634
1099.in,1099,1.00000000114406,-0.0878294119809448,0.190113327667994,0.172068523981763,0.198055667113589,0.10690674617768,-0.0800956478024377,-0.289360778528437,0.0168274440580629,0.0910725104411213,0.370064573504594,0.288487219824588,0.349234673020349
1100.in,1100,1.0000000015363,-0.234054985500663,0.219250138992353,0.157761659554703,0.219721285053326,0.0845470707164811,-0.146898969536523,-0.337732368039679,0.0499338029225926,0.019558880669232,0.372139097032761,0.298428332962823,0.370660460262325
1101.in,1101,1.00000000076277,-0.177846634876175,0.231177856822333,0.136048393670369,0.256338731369209,0.0562883239179513,-0.1270639249323,-0.325690578251823,0.0403574471359123,0.0418056494210096,0.383756894325693,0.311733179490615,0.394264559378216
1102.in,1102,1.00000000116011,-0.0606669747263606,0.0530799167802761,0.278355850974973,0.0929920648303221,0.107610841262976,-0.062905699818966,-0.278526896540499,0.014155277465777,0.102449258322034,0.371561271535002,0.285228118366833,0.254252940976532
1103.in,1103,1.00000000138403,-0.0110969919911232,0.0842818659392142,0.258807400164829,0.121869546676714,0.0857540804811635,-0.0399967684794549,-0.26363688293968,0.0009058577040618,0.131220186023396,0.386288722885548,0.306967301834164,0.284643572387827
1104.in,1104,1.00000000083097,-0.149721555634688,0.100932546909847,0.246742334754699,0.144535247738655,0.0673049429316434,-0.111998661595556,-0.312322817973129,0.0334441794834185,0.060514016381118,0.398333139280307,0.313063473004477,0.295198286960708
1105.in,1105,1.00000000112075,-0.0940644549895414,0.134947800489124,0.222584043106973,0.177776054209564,0.0365686222961985,-0.0849171139284549,-0.289033953168607,0.0211390199021842,0.0894162887092191,0.413288632369105,0.32739016668562,0.329296667523069
1106.in,1106,1.00000000089775,-0.233425753610789,0.140272137454621,0.214466510457706,0.200706807890435,0.0057935953350719,-0.155968699174762,-0.340936433007463,0.0537290136145205,0.0126320034791411,0.419129410785769,0.342026581668475,0.338032696990185
1107.in,1107,1.00000000068025,-0.174996461756438,0.180191732210855,0.199855703285061,0.230532435953287,-0.0102070295938416,-0.122880768167285,-0.325875956182984,0.040292118033569,0.0468435811273308,0.430780043059166,0.338513459976957,0.368089302784183
1108.in,1108,1.00000000104392,-0.0575446270062809,-9.43266164102564e-05,0.341309923613153,0.064860249417579,0.0338332347435266,-0.0591845373434616,-0.276765772866484,0.013615138643742,0.10529258193481,0.420806685927432,0.325818425494746,0.228352418233329
1109.in,1109,1.00000000112249,-0.0152369264108758,0.029981970734039,0.314647010666518,0.0947128186725301,0.0169118983145777,-0.0436315510603792,-0.255885932838953,-0.0007515245394596,0.132338167694843,0.431846208451546,0.341628465000095,0.256142118447275
1110.in,1110,1.00000000104733,-0.139614204913984,0.0317937186711081,0.303442306425729,0.112644101971657,-0.0238214684449283,-0.102420633280078,-0.314865473977788,0.033179327399732,0.0630134307919805,0.433273058137511,0.34543982725212,0.26527515973485
1111.in,1111,1.00000000122904,-0.107025188450965,0.0874474709299128,0.274391047928396,0.15607630855015,-0.0441047945085146,-0.0828764155679285,-0.29681157445881,0.0238417783581481,0.0857972205946212,0.452203773838493,0.361195107589726,0.308744073837669
1112.in,1112,1.00000000081319,-0.223875623389723,0.0873331432223286,0.268503776569468,0.171513318300679,-0.0658200830149937,-0.155313465080661,-0.341586901478989,0.0480215543606934,0.0237442319724053,0.457016566291093,0.372411900791906,0.316640675598845
1113.in,1113,1.00000000103556,-0.182599281039516,0.114615315709223,0.240054063641541,0.209643862145378,-0.0987617318907377,-0.124672838955915,-0.319361314499935,0.0390274017622936,0.0472426287265497,0.473892546244661,0.388987067940675,0.339649500685628
1114.in,1114,1.00000000120673,-0.0615480793374139,0.177961577525858,0.287974476633708,0.0835169018511648,0.277756554707264,-0.0679859601879535,-0.277686757282843,0.0146356640661013,0.0964737391653674,0.374763279231822,0.290722215896324,0.304306609817578
1115.in,1115,1.00000000116512,-0.0070806645462037,0.202893989682826,0.258564851084238,0.122503594378666,0.237019894388186,-0.0345348337510838,-0.260554037915421,0.0034479986683385,0.131263920494712,0.384096963206662,0.301089790164816,0.335310381888852
1116.in,1116,1.00000000107762,-0.146897998760882,0.216195865259092,0.254861903620314,0.146265375346535,0.217777526986722,-0.0977513440532043,-0.309378078059429,0.0339912265364673,0.0627475204269307,0.401441564418745,0.31241171438597,0.342364205187996
1117.in,1117,1.00000000114706,-0.0982826972213214,0.242170677705362,0.223106834896737,0.18446262700611,0.17779931317945,-0.0706844227138338,-0.291876576908185,0.0215329542891045,0.089463435588426,0.406241576936124,0.325764108708765,0.370607955453638
1118.in,1118,1.00000000113445,-0.222012391851031,0.252679874028476,0.222265220625272,0.199160724604228,0.143818770347151,-0.143527399523478,-0.338253066855495,0.0511707393122465,0.0225980336147896,0.421289718356631,0.336762515849631,0.387337375091831
1119.in,1119,1.0000000009982,-0.162567920552675,0.286886970622358,0.189475205599308,0.233213395762755,0.134020869132446,-0.127244637046701,-0.321437153288181,0.0351645904720325,0.0560454818681653,0.429493340111887,0.34837606976701,0.430059684652557
1120.in,1120,1.00000000085319,-0.0522855703287308,0.115148468627103,0.335004262651554,0.0576038757582163,0.189020623639726,-0.0696438320536643,-0.280837712805952,0.0117511166507098,0.104548533875413,0.419642491293233,0.331248379005496,0.284653396602716
1121.in,1121,1.0000000010213,-0.0151693364358831,0.145606508515554,0.319307681444315,0.0875141266908706,0.16147127185878,-0.0426787484302515,-0.270312009641559,0.0021512624611989,0.132907599311174,0.426021194656485,0.33959468490884,0.311744675034455
1122.in,1122,1.0000000009682,-0.145368382560098,0.160110028498454,0.298199036429293,0.111966649931818,0.141771935822752,-0.105975588338281,-0.308081812527243,0.0330384179796816,0.0687606984192856,0.442285819103913,0.348531372747978,0.324233971437659
1123.in,1123,1.00000000122354,-0.0946360572596268,0.191459914277226,0.274749504927499,0.152126131533983,0.107061796294721,-0.0828792558816286,-0.296816454179393,0.0222424191018908,0.0845039334642505,0.445224105321252,0.365842633487295,0.355595783144564
1124.in,1124,1.00000000108296,-0.230561503526125,0.196148552325627,0.263534361183586,0.167092181875722,0.0859856340771907,-0.152163842419207,-0.346046395909768,0.0535480032071894,0.0214185902366698,0.458547542793523,0.363281990829023,0.362542140918518
1125.in,1125,1.00000000093132,-0.177309638516203,0.23778637301679,0.238846827107163,0.205967340341555,0.0551811426440282,-0.132268780602432,-0.326756105744268,0.0382955305252041,0.0462470705594692,0.46897400648607,0.387869522497712,0.401832353636536
1126.in,1126,1.00000000104011,-0.0587168465211693,0.04544344324789,0.387218963087954,0.0297252524201167,0.110731333590873,-0.0609562947511275,-0.282348609740352,0.0133171959840173,0.107803994185997,0.458646683535477,0.356787279954762,0.248654049021724
1127.in,1127,1.00000000102098,-0.0089399020775346,0.0866889550053804,0.359217764871435,0.0724339837830411,0.0745625834932815,-0.037975000944871,-0.262575807872598,-0.0014285102644596,0.134334185347975,0.468487010266481,0.377076711487045,0.285567660129309
1128.in,1128,1.00000000087843,-0.152388528279611,0.100489949717753,0.351398054226519,0.0910393946949399,0.0693597062762729,-0.107463070383642,-0.309932743013835,0.0350608244101594,0.0621772443412236,0.483650790600938,0.38506200617499,0.292918497157467
1129.in,1129,1.00000000076659,-0.0953037354173741,0.12316002328366,0.339069376477251,0.118041653532675,0.0339091302732612,-0.0827372815219081,-0.291999281328103,0.0196468343309029,0.0898302725725215,0.497004761592055,0.396937722414593,0.320873249115759
1130.in,1130,1.00000000150195,-0.229554779492816,0.155207808138079,0.323732659318523,0.14088365246295,0.0113000782124146,-0.156030450977573,-0.340884125592119,0.0485637167088489,0.0222221128321021,0.50722013934249,0.411867949813138,0.349043334216978
1131.in,1131,1.00000000089848,-0.182725673480602,0.177037778685919,0.292875224846424,0.182014339354457,-0.0224531685298309,-0.122519759648756,-0.32707894825985,0.0409915023883216,0.0445407860320031,0.51018366975502,0.41801530059385,0.369404544877117
1134.in,1134,1.00000000127078,-0.13909980249632,0.0678058079880476,0.0977628915491451,0.204186798217386,0.0937516023792188,-0.0797490380676316,-0.357362056094688,0.0286418318571061,0.0814177480853312,0.295792215586386,0.235199908989119,0.297852702671257
1136.in,1136,1.00000000085489,-0.22684690311873,0.103167501450908,0.0716234103443787,0.256061118134896,0.037336397096504,-0.130903457720752,-0.399527364211982,0.0494475949671866,0.0338467626268686,0.310326648420669,0.263593713311488,0.341954435851133
1138.in,1138,1.00000000126551,-0.0608879684246957,-0.0238180636886878,0.192239697030645,0.13127124183555,0.0755394886626642,-0.0355725294247668,-0.321451350652794,0.0117991492478034,0.114766680183901,0.316841893896384,0.256905685619376,0.216578634139199
1140.in,1140,1.00000000085794,-0.146159850069233,0.0046822564184586,0.155209698006319,0.175457009919384,0.0170085471816385,-0.0904858416561856,-0.358719127994356,0.0286254793731733,0.0727578511432194,0.336656552171281,0.281382209061546,0.273185424119688
1141.in,1141,1.00000000114745,-0.092282417318255,0.0412377963972473,0.129554076213472,0.217980420931485,-0.0186926141538471,-0.0608926092918465,-0.342111357069513,0.0200199988567258,0.0950092879714357,0.349377443782846,0.291972333887244,0.299533300767303
1142.in,1142,1.00000000116426,-0.221146456106243,0.0697892326787605,0.117998261589783,0.232277497935495,-0.0230129704910961,-0.1289051691636,-0.387793988216291,0.048368700218226,0.039183194040422,0.359824958944373,0.303140931333627,0.317319248550189
1143.in,1143,1.00000000086441,-0.18406065069705,0.0702146486499873,0.0975765763446904,0.267613559055371,-0.0715788202396463,-0.107938962229321,-0.37020709328012,0.0413445750173747,0.0570065077255025,0.376074018153249,0.317749753091521,0.336029993053436
1144.in,1144,1.00000000120691,-0.0714635075055752,-0.0844588340443251,0.238269886327873,0.103553348613897,-0.0175899495571877,-0.0418531593664493,-0.336460859559909,0.0172273869544675,0.109790543030777,0.34988587436505,0.293369097604806,0.198914138282598
1145.in,1145,1.00000000113737,-0.0117847760045859,-0.0587844121326948,0.221018793752837,0.122374135647358,-0.0323138429883807,-0.0250369538812805,-0.313547709774489,-0.0007902229648103,0.138742961172399,0.378938082472475,0.302995155614114,0.223501266244862
1146.in,1146,1.0000000009252,-0.144974122049678,-0.0406600093711742,0.20938582724244,0.147130678843507,-0.0571420177500773,-0.093233049311846,-0.359667293567574,0.0305994239518736,0.0753110019082379,0.384879708481027,0.318104010807899,0.249535329704983
1147.in,1147,1.00000000100707,-0.0880607535138495,-0.0244628279043189,0.1831717836632,0.187554996177936,-0.0996913765266675,-0.0567496770039156,-0.344161883717259,0.0228110662137552,0.099587397818948,0.387739495389442,0.33532311705089,0.27173187214444
1148.in,1148,1.00000000092307,-0.230947936642956,0.010520330248813,0.170134801678931,0.203231203739097,-0.105629708637569,-0.139361332042183,-0.396897157818447,0.0502197419730553,0.0339706971600318,0.400322426251552,0.335726341315312,0.297229353971025
1150.in,1150,1.0000000012851,-0.0740750988442936,0.0739060213815634,0.184350120165461,0.126246771285088,0.223591827715329,-0.0443510268766884,-0.332357115701055,0.0131376766113918,0.120483687845141,0.314546523148098,0.257157524307545,0.273488977895733
1151.in,1151,1.00000000108242,-0.0096811977295192,0.110232741769373,0.161519967054555,0.158189711693303,0.188034015032664,-0.0163264291140511,-0.31307168689508,0.0004890775972907,0.14136865150243,0.330791516078473,0.265936754706622,0.3063478619712
1152.in,1152,1.0000000014169,-0.141322127274445,0.138489265959211,0.159556271712685,0.166709642465877,0.177254190792364,-0.10043284665762,-0.365257870617035,0.0310654847030048,0.0745462227979454,0.333010882184409,0.285091893029433,0.336100507041617
1154.in,1154,1.00000000104392,-0.223051993869502,0.170039211241916,0.11210121651658,0.232762153385087,0.118077795102528,-0.128167457354557,-0.387981113173938,0.0486437218151891,0.0405534401180631,0.358079602407775,0.301517211563254,0.363039082348611
1156.in,1156,1.00000000116654,-0.0592750070166553,0.0245098650400283,0.240282093716389,0.0995586065518886,0.142889643615521,-0.0349281373923145,-0.329555833471064,0.0119637647101699,0.122771946525763,0.35125814736971,0.29240542158655,0.248776841258883
1157.in,1157,1.00000000110719,-0.0129898102358943,0.0580461578690882,0.221845611603482,0.126941854984602,0.119028697666171,-0.0141398830439936,-0.309351488067121,0.0022522596733203,0.145537757191719,0.375294672074119,0.301140011782993,0.277135140885439
1159.in,1159,1.0000000008229,-0.0978600080127393,0.089876497502963,0.181756389692608,0.185133348457247,0.0740796655950524,-0.0714518392990579,-0.344538700143425,0.0207877187171816,0.104314752250691,0.39205284047946,0.327393863663452,0.32357284442401
1161.in,1161,1.00000000117855,-0.175734674788823,0.137526384785812,0.167898370081159,0.238534775192698,0.0089008550888532,-0.108208654109592,-0.37487382537421,0.0412594858475204,0.0572053698344105,0.418201794638601,0.356403426149172,0.365726108426245
1162.in,1162,1.00000000101153,-0.0658594094422667,-0.03003237830568,0.299414808247259,0.0692498272545796,0.0839326359355678,-0.0455316769857873,-0.3290979793687,0.0147525891438867,0.117342270858933,0.407856376062381,0.325885878720226,0.228888806999072
1163.in,1163,1.00000000086592,-0.0133058316436923,0.0047136170971183,0.276245965842697,0.108345694349964,0.0548938473506119,-0.0283647275483884,-0.316934179052702,0.002266294196759,0.136252138685818,0.413716398802948,0.343232990204386,0.259190977645358
1164.in,1164,1.00000000080663,-0.151661398765366,0.006798371307419,0.255681236413202,0.123991648523463,0.019252685560883,-0.0867478077857965,-0.363543621656539,0.0320059952044709,0.0728447697304733,0.425305830987103,0.343975949863305,0.269180257871461
1165.in,1165,1.00000000112127,-0.0895151558473825,0.0389891794938641,0.246710737680893,0.159145629180222,-0.0164982951178742,-0.067743891653869,-0.345083537614506,0.0194336841114757,0.104545017965729,0.437475290463298,0.367775739632361,0.299953072478416
1167.in,1167,1.00000000113892,-0.184922322005742,0.0891817996566372,0.204036887068394,0.216855965084929,-0.0691950841800422,-0.108406676934395,-0.370720724303085,0.0400723124682456,0.061063763130425,0.465043690325602,0.390945438055946,0.342453280023391
1170.in,1170,1.00000000121022,-0.142501490873751,0.185459194670839,0.212674064074279,0.152330733226612,0.245116020837434,-0.0890210444885453,-0.358377907987204,0.0321238544565649,0.0777447167833849,0.382339973301455,0.312323113257251,0.350584939914261
1172.in,1172,1.0000000009185,-0.2366110087492,0.220808302877782,0.170763939836795,0.194967291492757,0.198317921528433,-0.134521509887551,-0.386170564937053,0.0506817279248748,0.0354400967942713,0.407006384355902,0.33224829115366,0.382398728998888
1176.in,1176,1.00000000097455,-0.141209758873959,0.118386806795543,0.259071809292761,0.128356696834992,0.163809751399822,-0.0963228068567402,-0.358684897883237,0.0319317229671063,0.0776217392716346,0.423329467167392,0.35172014813625,0.322553805192805
1177.in,1177,1.00000000132393,-0.0892915469993026,0.14454015930481,0.242301340235234,0.151647770753065,0.130221089595658,-0.0643810802798901,-0.335118004088624,0.0200338357686501,0.10257261754776,0.439060357933838,0.364501847156464,0.344435259418802
1182.in,1182,1.00000000109726,-0.149406913415056,0.0654237257183101,0.30438497335052,0.0989160209816127,0.085599327882808,-0.0874743882581057,-0.35880225990424,0.0315412496576856,0.0781132244647499,0.462329287576628,0.391428020695632,0.291180109925008
1184.in,1184,1.00000000122692,-0.233319268321265,0.111112325634784,0.274536959417764,0.153727961582151,0.0291504346110888,-0.131430155233482,-0.396508303368586,0.0538680836735071,0.0341370703075768,0.473583736096125,0.408981494233556,0.341890681527402
1185.in,1185,1.00000000094251,-0.177354048208194,0.133125345085991,0.258063066186809,0.181896273395826,0.0124245115375534,-0.118874190193268,-0.375967399880792,0.0404629186179594,0.0544146434456695,0.496621133962995,0.423939934854497,0.367905711472338
1186.in,1186,1.00000000119092,-0.0649516218668522,-0.0005316165632461,0.0881931673949318,0.158232817352347,0.181477939041519,-0.0280801379045262,-0.380705637156143,0.0149304764351168,0.124699663262563,0.257656718351229,0.215039860830989,0.253865083850476
1188.in,1188,1.0000000012293,-0.1313646605283,0.0324980613094735,0.0597208549308641,0.197749594609495,0.119510492272843,-0.0770322198539302,-0.407688873443696,0.0285177648571655,0.0886184603184909,0.284549177029386,0.246487259280939,0.2955250031061
1191.in,1191,1.00000000087592,-0.160842221534429,0.100786348583221,0.0085551006959205,0.303077656263828,0.0345199166329325,-0.0751127733765871,-0.419685217355328,0.0367011139581914,0.0816128999740479,0.318142078031471,0.277801804365096,0.360557853996357
1197.in,1197,1.00000000088368,-0.183298226701726,0.0466377362296765,0.0647150316490987,0.275158665345223,-0.0393062498464055,-0.0848183553587623,-0.425607999294402,0.0404664927048026,0.0632787549344791,0.36037566845868,0.317510081674883,0.33651703577719
1199.in,1199,1.00000000089499,-0.0042105920471026,-0.109577217358003,0.18117474065162,0.131521382740142,-0.0128452343430886,-0.0035303347734476,-0.362250418757373,-0.0008931234766649,0.152658225373191,0.350374399652757,0.307942278169263,0.224086614758644
1200.in,1200,1.00000000074105,-0.140899024384969,-0.0992384701911167,0.168086967386884,0.157080566775197,-0.0335515563139069,-0.0762347463729575,-0.410467672131853,0.0293625129696076,0.0918853726468209,0.367801820468871,0.320322441293415,0.237312098701743
1201.in,1201,1.00000000112366,-0.0894914477123002,-0.0621757300636229,0.145744947436194,0.190396541181446,-0.0678813405097527,-0.0437999884200291,-0.393175432887927,0.0208797069630157,0.11720519990537,0.369631691910076,0.337416886594192,0.262680995437616
1202.in,1202,1.00000000089593,-0.227510249097373,-0.041947870455056,0.128488074720534,0.21618360550776,-0.089072626133714,-0.114104755262319,-0.445304047315928,0.0496026478930029,0.0476770804495378,0.377737488365895,0.336787254722853,0.283561208575698
1203.in,1203,1.00000000118027,-0.176503169811245,-0.0031382581591996,0.113902819290272,0.238122804324432,-0.114350332929089,-0.086309707903048,-0.426641693076998,0.0362919909886529,0.0715180049525488,0.389390072045266,0.350833916911169,0.312578490154553
1207.in,1207,1.00000000089657,-0.0818158944409025,0.117955077953115,0.0892394116467578,0.221122243737856,0.168155886901255,-0.0399464932719805,-0.390883232379603,0.0144581543878737,0.116825615132302,0.33167239875952,0.291275033639686,0.348532694564871
1209.in,1209,1.00000000122322,-0.179126071126646,0.16068668387607,0.0484974404830383,0.279564967840295,0.118287144370736,-0.0819498674176169,-0.419321678086273,0.0426301668414113,0.0716183079766833,0.353317189874335,0.312513102496503,0.38562802756951
1210.in,1210,1.00000000161542,-0.0584154323900801,-0.00806987491599,0.198692031447625,0.10369681572433,0.177709563552183,-0.0219638181444169,-0.374152869787922,0.0104625280837724,0.13095935061544,0.343907816053275,0.297643413383009,0.244891956562521
1211.in,1211,1.00000000094212,-0.0046204139519101,0.0129320356770098,0.183178099077731,0.137651422907443,0.145402199927955,0.0082663974822549,-0.357905077087231,0.0004940081436781,0.158705758291383,0.357633699006552,0.30675805519158,0.26994788483088
1212.in,1212,1.00000000095093,-0.151607356108575,0.0212617515458346,0.167905386708326,0.164742727502194,0.122088174942906,-0.0744405061073937,-0.41031217186064,0.0339831376014173,0.0820863193916414,0.364974261491014,0.318757729836985,0.286924520281363
1213.in,1213,1.0000000011793,-0.0971976217310095,0.066058884110501,0.145446692956592,0.190254769739467,0.0836201804919977,-0.0509923796442306,-0.398294999040141,0.0255357249057126,0.107643839297482,0.368088283813513,0.336822082999216,0.329426242865038
1214.in,1214,1.00000000102644,-0.222138036170309,0.0744830196521305,0.136471363967078,0.209674581408253,0.0660509761016636,-0.117045756057089,-0.445754784412661,0.0498948152196595,0.0466188418023898,0.382032554023123,0.343582739792721,0.336949161756448
1215.in,1215,1.00000000098269,-0.174492244699498,0.115862045601232,0.110734349180895,0.247257306364935,0.0454366656643845,-0.0858113117705792,-0.422202485782675,0.037863416212485,0.0773063875019711,0.394993334822049,0.35502380407902,0.367867488631331
1219.in,1219,1.00000000120911,-0.0780136487873552,-0.0026091560730743,0.19726398858999,0.169746778319933,-0.0043708665794363,-0.0412799253618311,-0.392583996569328,0.0208146988239036,0.116866900502239,0.412487436197322,0.377058907340551,0.297649791124129
1220.in,1220,1.00000000098467,-0.220604197098346,0.006949233369313,0.185737716886983,0.185059122541144,-0.0126171174745342,-0.105849087746696,-0.437197235910737,0.0469211134690023,0.0527279334015211,0.425563571799656,0.372232551657418,0.302757630135097
1222.in,1222,1.00000000139654,-0.0601784848635119,0.107980653312537,0.190590567584344,0.104290581891455,0.331354946261725,-0.0322867913479542,-0.381479721148051,0.013937237536296,0.128862062203987,0.34086333650574,0.298748438329415,0.307182996435615
1223.in,1223,1.000000000727,-0.0025180026721103,0.119538200693821,0.181995142820609,0.137879114738963,0.306286399786888,-9.47854710092079e-05,-0.363341294165166,-0.0004129928753813,0.156331475628581,0.355822038043553,0.310519886961769,0.324039984365596
1224.in,1224,1.00000000093621,-0.143480683408501,0.142940786561101,0.17361357090377,0.158543070392039,0.27895344354227,-0.0708759680594144,-0.414267721329542,0.030558248433749,0.0905671846499991,0.359750469884606,0.312046520724985,0.346875141900086
1226.in,1226,1.00000000095133,-0.220613596723785,0.190670919263289,0.134965884106133,0.21246086168587,0.221180006552337,-0.115064473270881,-0.444032477196892,0.051757356659285,0.0491765559788894,0.378780681480244,0.328816195154201,0.39045199509012
1227.in,1227,1.0000000010767,-0.175426943933957,0.219426631494691,0.103124212109407,0.253262749521683,0.185867507090853,-0.0795357973438251,-0.419637635157774,0.0388720385382992,0.0701236950609002,0.394805789696757,0.35399042423385,0.410284532133844
1229.in,1229,1.00000000131634,-0.0164915925341203,0.0554898782738872,0.240531388179849,0.103786661544149,0.216448716646505,-0.0128183267754656,-0.368658931907222,0.0013327331489619,0.151352237218,0.396511252733465,0.343013877114387,0.296243313541815
1230.in,1230,1.00000000127882,-0.148924180025534,0.0841250957961132,0.20643337192091,0.138392122747471,0.195816171117829,-0.0668733982385628,-0.413232440548618,0.0320549519465299,0.0853672971377104,0.397157684819526,0.348390638539756,0.317718995716689
1231.in,1231,1.00000000124518,-0.0811013753492828,0.115297925948839,0.194288829174116,0.172842790371128,0.158330703904546,-0.0353999302076253,-0.390437254705261,0.0210230327296043,0.117857174493946,0.408837583599557,0.371252261872083,0.346670293006215
1232.in,1232,1.00000000117652,-0.219397962381169,0.122959148261263,0.178772903252362,0.187892969967587,0.152245689315068,-0.12126345203063,-0.442956965804605,0.0474582710973817,0.0444260571532142,0.424781486173772,0.382246340670591,0.359946027622209
1234.in,1234,1.00000000130214,-0.0514676094127812,-0.0243090737326905,0.308277440953336,0.0482683885561321,0.180949109527356,-0.0250055030120704,-0.378465177919961,0.0164859171614541,0.128733238654461,0.424925231473922,0.372619073351706,0.239243397354354
1235.in,1235,1.00000000139018,-0.0158178024771119,0.0132680408758722,0.28982292963792,0.0809500404801637,0.14722775492703,0.0026808641645904,-0.364317871859569,0.0049183441233244,0.154155846365953,0.441940976360997,0.379358656810585,0.276226615567617
1236.in,1236,1.00000000130962,-0.13933994735724,0.0152835411990773,0.274459987491806,0.100917351354352,0.111537043134322,-0.0721277005531356,-0.409360427064641,0.0290818455897812,0.0884106147316748,0.442588068820431,0.387131321926373,0.285752746571569
1237.in,1237,1.00000000096033,-0.0940366178270398,0.0674810160627469,0.2429524692468,0.154711358907649,0.0928802032702954,-0.0426224363797663,-0.393161597337532,0.023408976394395,0.112915502443371,0.451864272895914,0.407392767163739,0.325007981427434
1240.in,1240,1.00000000117095,-0.0509030573477682,-0.0526110354007099,0.0596601923499603,0.167078563669094,0.211806335324655,-0.0117087477974607,-0.434034338909359,0.01285555052303,0.142674148882732,0.244484780838229,0.226001617921523,0.249474747040503
1242.in,1242,1.00000000099017,-0.145519777456878,-0.010929825431356,0.0234545159917696,0.217104542251394,0.157488192022635,-0.0490744432051403,-0.464657464940633,0.0337361119291506,0.102940231490134,0.263597272130127,0.237421389847874,0.287501674327355
1246.in,1246,1.00000000079298,-0.0672893435494132,-0.110858607522176,0.0951845577103696,0.137410378434235,0.132755142262002,-0.0180329042389588,-0.43517775194308,0.0148944802123223,0.138987151143926,0.276371258438174,0.259403292242869,0.220384746747485
1248.in,1248,1.00000000086195,-0.1356805931419,-0.0627941680669366,0.0700643005334541,0.196169288169626,0.0719990699278095,-0.0434267321817438,-0.459211867823402,0.0304825439944958,0.098958831915213,0.300450009519496,0.282172619739927,0.261094961726851
1250.in,1250,1.00000000101221,-0.220911513950183,-0.0195757190439619,0.0364198577480045,0.245214665365181,0.0187800651246392,-0.0992690689586244,-0.495130957545209,0.0504016027616072,0.060315724043025,0.319155932573083,0.304459212406741,0.310966001939557
1251.in,1251,1.00000000090435,-0.180849705451327,0.0128295749970608,0.0133940913276325,0.27592909112569,-0.0120547559448684,-0.0687355095471569,-0.471347569725992,0.0378446533066377,0.0834101465545526,0.348116309247035,0.316584439715825,0.337056158403532
1253.in,1253,1.00000000104124,-0.0076999161269968,-0.123301972501108,0.139099549649914,0.147712671091394,0.0284103106413635,0.0206416726818283,-0.410065273806594,0.002198700236251,0.173179046647674,0.334863058355561,0.309267659616883,0.219499754985426
1255.in,1255,1.00000000107487,-0.0789062550015565,-0.103027189974595,0.109957916456694,0.195963530106477,-0.0313551744351131,-0.0277578690721244,-0.442190774237105,0.0228495106892295,0.125051784522109,0.354904114084473,0.333826903390345,0.2619208058412
1258.in,1258,1.00000000112733,-0.0521100640088889,0.0103381951233158,0.109324740486977,0.128274318184385,0.286924925155107,-0.0092012299250838,-0.43121369038085,0.0100594508066005,0.143088373699797,0.281721810555119,0.260599740541015,0.277023309003555
1259.in,1259,1.00000000093327,-0.0120152341232274,0.0317229358101386,0.0887570948091928,0.165830573593457,0.25491781456444,0.0135166341421933,-0.415145042454853,0.0031271566930827,0.166090473134366,0.297263132971495,0.270028222409645,0.293825079804889
1260.in,1260,1.00000000109247,-0.140392901026878,0.0505222116291088,0.0773527560758174,0.184071493502612,0.23226616702624,-0.0500142280805774,-0.460146282395342,0.0309842784630064,0.10152111747026,0.305398904553927,0.281087334568711,0.314052864749614
1265.in,1265,1.00000000095069,-0.006221297026788,-0.0216981687901115,0.132842684341769,0.15117757299263,0.174599551082994,0.0168856416681277,-0.411883678295545,0.0033636349933655,0.16280839122105,0.329771340982731,0.310824245316097,0.275157621061281
1266.in,1266,1.00000000091215,-0.144306212640483,-0.0089602645981998,0.125733938010038,0.169198304241224,0.150599384291652,-0.0508781593903652,-0.460602823921215,0.0303050771165332,0.101835163497419,0.3457528892022,0.322055681825819,0.288426730062206
1269.in,1269,1.00000000095578,-0.173328601971777,0.0629975967052514,0.0736456390746024,0.260397259882374,0.0769989958693047,-0.0682636985023647,-0.468135129905302,0.0395973283428945,0.0863030636906794,0.385128263481322,0.357599813460694,0.351838476342548
1271.in,1271,1.00000000143958,-0.0052501461256209,-0.0905327099466076,0.189260009968779,0.121900022827615,0.104413078628315,0.0158732427209818,-0.421682891117534,0.0024405692765778,0.163829832481386,0.36768772761656,0.347777898937581,0.245373911460986
1272.in,1272,1.00000000110846,-0.144035114200421,-0.0689103665736872,0.177626306815092,0.13404220701581,0.0791491884897636,-0.0508073775174775,-0.456763503534828,0.0249342357777327,0.105899364450363,0.392215093008276,0.354716965900488,0.259980837405781
1275.in,1275,1.00000000131625,-0.169177204151435,0.0133721357115155,0.10848375832136,0.235547951718812,-0.0126283306008239,-0.0610343858158123,-0.464593867471028,0.0337976759316955,0.09033960393337,0.419290643313639,0.392757922501467,0.332260818214648
1279.in,1279,1.00000000099994,-0.0774558059199178,0.129116947659125,0.109740372804639,0.201712167871331,0.264732414901102,-0.0281100671615945,-0.437738647855042,0.016314471384773,0.13161596085468,0.362241672655565,0.333173498888733,0.363903412284145
1280.in,1280,1.00000000121241,-0.222780608765094,0.15561664170382,0.0956117266482282,0.219452000596169,0.252165783956355,-0.0942440978786414,-0.493439162569365,0.0483916221561473,0.0605663338350909,0.363943689034336,0.337234297749464,0.386264938016367
1281.in,1281,1.00000000113664,-0.166321632345202,0.181724881430174,0.0772098321035958,0.25564501973462,0.237336799137494,-0.0706074671015772,-0.468604633480909,0.0388920680377154,0.083737658175462,0.382542546087245,0.358826223106481,0.410474259943482
1282.in,1282,1.00000000082999,-0.0627564529862086,0.0058512300943952,0.204913012992277,0.0917331911210102,0.285975112799725,-8.31756271511602e-05,-0.426282393317075,0.0153874428770948,0.141541306225082,0.367986591832912,0.325972798351456,0.26506657496065
1283.in,1283,1.00000000099698,-0.0115563714009772,0.0264301180465482,0.18542386247578,0.121605710958074,0.256252631753141,0.0129981992413259,-0.413334536878234,0.0083528587069449,0.16696883715521,0.37896429034544,0.347001818994801,0.291916691505214
1284.in,1284,1.00000000113604,-0.144936233765838,0.0481555028181356,0.172606267575378,0.142276010571056,0.229933299951861,-0.0471642508283387,-0.459343472003001,0.031405912021745,0.10264842144331,0.384182875426775,0.352522967237024,0.308751409948075
1285.in,1285,1.00000000105573,-0.0836714563752436,0.0718454375750841,0.145786818003222,0.176505851901666,0.190601862441533,-0.0162390292548361,-0.438526615512873,0.0151238727522873,0.13323998198035,0.401101679891339,0.362466222787739,0.339553021661912
1288.in,1288,1.00000000127751,-0.0605529674385901,-0.0480790051439705,0.269896485261337,0.0522712799771901,0.210912838690287,-0.0087575235671786,-0.435753125264362,0.0150014995359105,0.142090565655584,0.402604841444555,0.365865436328694,0.254056185482862
1291.in,1291,1.00000000107979,-0.0894740809802866,0.0163969198570124,0.216651484134505,0.142535834299042,0.122618262224116,-0.023648580159642,-0.443658870605162,0.0214498390653232,0.125692899121535,0.440027508990758,0.406690646871771,0.316440071616697
1293.in,1293,1.0000000011782,-0.174317303858199,0.0559245483229916,0.176175501742559,0.200233033392913,0.0639259515790713,-0.065547075983707,-0.474586829683294,0.0370115510015727,0.0932678107785461,0.460358401481334,0.424037206381684,0.354794184321021
1294.in,1294,1.00000000137577,-0.029628017811893,0.0153356807280779,0.124828564061628,0.125380572656322,0.134236167900203,-0.124086085633722,-0.362557311355372,0.0052142399845108,0.127939438965664,0.253237447320018,0.237173736177647,0.321989964642169
1295.in,1295,1.00000000119254,0.0269163471688002,0.0352377037030326,0.11551461494342,0.153661317148125,0.116319617297152,-0.0838166725033548,-0.334922731462569,-0.0024508660277726,0.156028223279224,0.262970874720173,0.248983835104406,0.345351721179992
1296.in,1296,1.00000000128787,-0.108899572112036,0.0606559998888991,0.0966039133736895,0.179067584859269,0.0861576329141094,-0.157672697238151,-0.391355008188986,0.0235413592950052,0.0922434784634074,0.275417398165658,0.25579191498854,0.361196412375448
1297.in,1297,1.00000000130612,-0.0610805459211446,0.0914811158542607,0.0706904177121512,0.208021421446611,0.0476593980496661,-0.138783337702759,-0.374043182087277,0.0120992458127072,0.109833728068581,0.285208653846587,0.273999229382363,0.39037142523401
1299.in,1299,1.00000000125656,-0.142115207785941,0.137043387763149,0.0501162136919004,0.263462326180147,0.0085466169209749,-0.17276617655969,-0.403360827235444,0.0314112581212483,0.0735611297650775,0.317348565868374,0.2902304126842,0.431599166984093
1301.in,1301,1.00000000078005,0.0225755424866257,-0.0208581872680482,0.16745468897947,0.134698928452192,0.0230668027776411,-0.0892655985851145,-0.343254157052888,-0.0035747596476514,0.154751694236606,0.312169700103403,0.285840832234996,0.315894713273502
1305.in,1305,1.00000000067092,-0.13930133224787,0.0723979132357066,0.0886394856232653,0.228723761966966,-0.0721470164536151,-0.174082164912909,-0.400169095334812,0.0280062819839108,0.0759944561494369,0.354578089158509,0.330243039526596,0.408427952520991
1306.in,1306,1.00000000116994,-0.0225715834475833,-0.107957837598052,0.240834545756225,0.0749437910515887,-0.0071060360379647,-0.115000690198163,-0.354169911687589,0.0089647134929884,0.130579581130851,0.347166254389067,0.309635928871043,0.262662080192098
1308.in,1308,1.00000000141914,-0.104850771417933,-0.0433078634117727,0.197454723907729,0.12556968484435,-0.0665347330546055,-0.156053531382911,-0.384191553242939,0.0178691021207461,0.0948801061017101,0.360464651530584,0.333312610938118,0.312614255230776
1309.in,1309,1.00000000094131,-0.0708317269176971,-0.0287238133274889,0.180790690637586,0.162135554454899,-0.0977895216992282,-0.131852086871237,-0.372928141144986,0.0135476111863476,0.114917022660807,0.377453273535411,0.338616344770745,0.328607474726781
1310.in,1310,1.00000000092699,-0.200725630477169,-0.0131428643499165,0.173955792637367,0.1879247308284,-0.12697184370951,-0.196290409451031,-0.420581881813877,0.0452178869238453,0.0474874031770911,0.383534341344699,0.352437571559047,0.349875690244654
1311.in,1311,1.00000000123646,-0.150539619365336,0.018368869754288,0.144865548920752,0.220924299609865,-0.157787943593896,-0.177217496134588,-0.405905063357584,0.0358269386294713,0.0685159554669804,0.386430343675343,0.372448688835461,0.378815846165345
1312.in,1312,1.00000000128372,-0.0222078135705804,0.0806160373371456,0.18207220563194,0.0982194388703428,0.216586563953122,-0.1100383265826,-0.360721507254797,0.0080474773847439,0.130551154266886,0.290761146994983,0.270444403505948,0.346676413193921
1314.in,1314,1.00000000126697,-0.108247680748839,0.128067047309343,0.156339117860854,0.156505049130399,0.166118765178188,-0.152031161224031,-0.380736343904068,0.0170966653265611,0.0971243977410243,0.321570497719446,0.295193019682577,0.386333457972753
1315.in,1315,1.00000000110966,-0.0551311527491776,0.134098795049034,0.13144230501625,0.18376227533138,0.129158670773689,-0.134633436827041,-0.365693218050878,0.0115135869319677,0.118692683228819,0.334151215828406,0.308085616390424,0.407869254608811
1317.in,1317,1.00000000091763,-0.146141197206457,0.172553238740071,0.0910220541050716,0.237946375090448,0.0754292832208066,-0.179732505856014,-0.403274929210224,0.0315442604182353,0.0672279518089397,0.345497592030806,0.327346690822469,0.456423101410466
1318.in,1318,1.00000000115862,-0.0166016278034869,0.0154845030680912,0.234616692291003,0.073173088485643,0.12887674509825,-0.115277778071354,-0.353877833269191,0.0013229189985741,0.131643816988193,0.338625388623917,0.305461664726781,0.319968004904916
1319.in,1319,1.00000000115097,0.020703734070665,0.0460760069847857,0.223744927678951,0.103238864955331,0.102981152516524,-0.0933430792204804,-0.345390441555684,-0.0037714422977064,0.151366270448746,0.351686298125353,0.321145461207463,0.348071869579991
1320.in,1320,1.00000000133095,-0.117566828365821,0.060341007822922,0.195243273412598,0.129418204522887,0.0797895603742931,-0.15765538454523,-0.394902879209152,0.0248151210043075,0.0893627449160563,0.351709975856342,0.330986523503715,0.363494234637963
1328.in,1328,1.00000000113861,-0.191382904961697,0.0386905829173338,0.231342041773683,0.154424843718332,-0.0527075614053793,-0.204508571933522,-0.419934707562283,0.0445122575933017,0.0433640093300156,0.422234861292919,0.392111344932267,0.379633711694005
1329.in,1329,1.00000000097399,-0.142342590284619,0.071448840029647,0.199303972200551,0.187119663062979,-0.0837702515854162,-0.170398559493771,-0.404681042619336,0.0342886077899765,0.0695428923439576,0.42992639190783,0.408663021412898,0.403508696413089
1333.in,1333,1.00000000091023,-0.0592990148134536,0.191168873772545,0.185407340199119,0.16300877061966,0.202873361220619,-0.139708119718956,-0.375571247043644,0.0150905538863288,0.115174941191281,0.367805722516754,0.34297479583577,0.435620290846783
1335.in,1335,1.0000000012205,-0.134808909594864,0.245504013152434,0.152189302458225,0.204259283135118,0.153996106352739,-0.180254599594027,-0.403759267945676,0.0281329037830448,0.0737347266867609,0.395474391024798,0.367864475747223,0.486927159634967
1337.in,1337,1.00000000084056,0.0345067485742128,0.093788765026566,0.276139568436963,0.076650023534074,0.177108200051078,-0.0920402875379085,-0.344582277009176,-0.0048249522670391,0.152151999532043,0.385095546791505,0.356852999578105,0.371394121115503
1338.in,1338,1.00000000091555,-0.115843382888813,0.10072761787295,0.271663449499367,0.0976404038953815,0.148881906795016,-0.159187489142609,-0.393120823398355,0.0298592526151313,0.0845668091662269,0.397704919941068,0.362357199977799,0.383274201189527
1340.in,1340,1.0000000010265,-0.199053667917306,0.16142109505892,0.21312883453696,0.15803727702919,0.106736373621441,-0.205826084746816,-0.422211785371524,0.0431491370355389,0.0400124081786318,0.415691479581741,0.39441619821645,0.427940157684331
1341.in,1341,1.00000000125336,-0.152974441742436,0.181660581940679,0.201113396934412,0.190732122808986,0.068897823391263,-0.180658823744783,-0.407820917238018,0.0354416793439185,0.0684018063929136,0.432677441474934,0.398911232785219,0.457336622058088
1343.in,1343,1.00000000139737,0.0307836601835835,0.0282170487304488,0.33594484263665,0.0435213219735917,0.0893610919967569,-0.0844486589831816,-0.340141637996931,-0.0063722726035126,0.154610944442957,0.435830829731187,0.394895265637071,0.34192534810107
1344.in,1344,1.00000000110652,-0.11057074918439,0.0480471072826972,0.304374832708683,0.0785087432472986,0.0729950139881293,-0.152034959076228,-0.390428983374874,0.0230963187960687,0.0908896213741337,0.435186707544239,0.401118499857392,0.354321120436247
1346.in,1346,1.00000000091569,-0.197670741596059,0.0916783494178916,0.269178854813805,0.12265001668878,0.0227770483263659,-0.205741659657635,-0.43221790519257,0.0409317221192505,0.0421248984210552,0.458243954799862,0.419823539533584,0.401836141177482
1347.in,1347,1.00000000085393,-0.140577355848627,0.126098818959288,0.247119501954139,0.157797581110826,-0.0031832170575569,-0.175375858339063,-0.398339855605128,0.0274311556955853,0.0798718314223779,0.47784049441304,0.441655848975678,0.428447725810894
1348.in,1348,1.00000000123772,-0.0229807826620106,-0.0217433916169506,0.0898505306142724,0.129476573230613,0.167562811889241,-0.101121621905353,-0.411710240113761,0.0015651303547146,0.143795745503052,0.234334568589769,0.237616577848801,0.314931678721024
1350.in,1350,1.00000000121167,-0.110468091733362,0.0172920094475003,0.0601806430675736,0.181079933369289,0.117273054570243,-0.137181154753927,-0.436577112297534,0.0224197154055099,0.0992167175654596,0.263436450321651,0.251361925482233,0.348574824538727
1353.in,1353,1.00000000088807,-0.135368091347403,0.0907114346212277,0.002524464009775,0.279116517587905,0.025511747025854,-0.155479605740094,-0.44965235470894,0.0302100945508415,0.0917825184515816,0.290476050700191,0.290201021015458,0.425090365136213
1354.in,1354,1.00000000104511,-0.0231103741396659,-0.0831466172389603,0.151429983705805,0.102437599162645,0.0884839161761632,-0.0929321666335809,-0.408891035077238,0.0052108183009775,0.145443909243346,0.279579748130661,0.272854503900651,0.282666520131962
1360.in,1360,1.00000000116546,-0.0227540934217886,-0.128823065050402,0.1987766951776,0.0810635009437021,0.010092137203832,-0.0999619435879242,-0.411478781990256,0.0068414622419182,0.142816374922848,0.322045896366749,0.316367930228867,0.272111849072571
1366.in,1366,1.0000000011984,-0.0152912846942258,0.0339481576219551,0.154698429935495,0.0994671734541856,0.245225940971233,-0.0942895823511518,-0.40824389171339,0.0029951095937126,0.146496715395858,0.286433024719895,0.273890987755843,0.339124701241729
1367.in,1367,1.00000000104174,0.0205565702899925,0.0572004047220807,0.12463695344258,0.131399169451258,0.213922853417754,-0.0804068433363354,-0.396220968870484,-0.0050364559221257,0.15897078314509,0.29276195132344,0.285798343785263,0.367572465751687
1377.in,1377,1.00000000108328,-0.140358580104475,0.0946723324049673,0.103286353956578,0.216205430761067,0.037026580810441,-0.15932671044292,-0.4489946950521,0.0300918319875986,0.0836402452802593,0.376711696487513,0.360634697745418,0.423615442634648
1380.in,1380,1.00000000089384,-0.117472205186994,-0.0275446115868751,0.212516520097361,0.104842504328862,0.0400124919767697,-0.140537463367392,-0.441642964818554,0.0238148555327579,0.101614722550074,0.384533523319332,0.367273931624453,0.334966402085024
1381.in,1381,1.00000000126177,-0.0527196737156446,-0.0106520736421265,0.191536592952601,0.144349296034211,-0.002406444745025,-0.112035872178228,-0.421926652365572,0.0134978997022175,0.130165096902722,0.391004734770615,0.386752777260083,0.359265193255999
1382.in,1382,1.00000000124787,-0.197007393356279,0.0045616052511932,0.185317317607041,0.163457872513331,-0.0179299230157693,-0.180585688530345,-0.468028041376606,0.043318011753981,0.0581799399677421,0.404493325678269,0.385918523711974,0.365298409610948
1383.in,1383,1.00000000121705,-0.145798327943682,0.0376202592285961,0.16422528525112,0.195062659973814,-0.0495970687887731,-0.153937890578243,-0.455169636396318,0.0287381732240195,0.087502536226114,0.42263233963923,0.404861098001276,0.399785485583661
1384.in,1384,1.00000000128212,-0.0198305549705939,0.0923291177560038,0.188115756649918,0.0720037996954881,0.323163406065774,-0.0987495951745992,-0.406428148671352,0.0007029566686714,0.142745863484554,0.318533128921071,0.309446908385975,0.366970668313396
1385.in,1385,1.00000000106919,0.0369422101526547,0.113770918369411,0.175960693181123,0.113524974066507,0.287389426085722,-0.0701901159441899,-0.396472940794854,-0.0069250602099703,0.170189531458863,0.332497200610285,0.324283398247232,0.390661973458196
1387.in,1387,1.00000000104209,-0.058188769752607,0.1588250034106,0.138505816120149,0.170748856116698,0.243538516345623,-0.109460859644318,-0.421182702790632,0.0107433074039325,0.132253891139013,0.352384962802148,0.339846202600271,0.428249851507028
1390.in,1390,1.00000000108875,-0.0342949783408965,0.0221905077038483,0.256634162005535,0.0527700308490613,0.241127609847383,-0.0951235266908063,-0.414936089077643,0.0068357286650849,0.143541466630195,0.364312234416025,0.342666048845273,0.332753833963883
1394.in,1394,1.0000000010654,-0.189693034760839,0.118498696658806,0.177772153298725,0.158375706807529,0.143213151855218,-0.18447985768732,-0.472302279726252,0.0382029302653474,0.0630990707307351,0.405905396368611,0.391381823767945,0.424521675230641
1396.in,1396,1.00000000091872,-0.0337300013773414,-0.0309175248572894,0.300796579439462,0.0225530820501957,0.169050759680478,-0.0922283611182133,-0.410558130331427,0.0094305682461921,0.141714898023487,0.402669116267462,0.376046349351819,0.312870535663472
1397.in,1397,1.00000000120117,0.0266844627258558,0.0001294039643141,0.27662054696326,0.0623822914193024,0.131800456434757,-0.0772640425038436,-0.394362087483841,-0.0051260597979316,0.167765825485074,0.410311091311524,0.404349565768973,0.341958223006384
1399.in,1399,1.00000000130046,-0.0548262853802701,0.0407360953366874,0.244431757416549,0.113664834736932,0.0701143415485626,-0.114083834683203,-0.429818624963686,0.0150531336960286,0.130271612706794,0.428668639153765,0.416991421069356,0.388349441348711
1401.in,1401,1.00000000094686,-0.138051606692625,0.0819928427375219,0.211445777853799,0.172122388451716,0.0223798591744801,-0.156900137174985,-0.450730445100962,0.0303235715676416,0.0867474165454415,0.460131743108961,0.440760163396859,0.420865770607191
1403.in,1403,1.00000000125564,0.0401010955690161,-0.0314595298496995,0.0203619644772401,0.167317931980266,0.169301638648792,-0.0580935756465887,-0.438838736904115,-0.0114385992728413,0.184089283621365,0.23139049354736,0.254886841518728,0.340358418588354
1405.in,1405,1.00000000083025,-0.0644008188902842,0.0032551237298251,-0.0073366645790019,0.234417578052753,0.101215721324701,-0.0926283076818104,-0.473124232995536,0.0117466162096932,0.13973384725075,0.255994893391743,0.27130174850011,0.371141147707598
1409.in,1409,1.00000000090121,0.0234663709150026,-0.083872103110665,0.0769034137601291,0.153097899811926,0.0863408284547723,-0.042026305475409,-0.440738472807209,-0.0039558139754032,0.178542328369146,0.278526125949507,0.285338333213794,0.310847296103732
1411.in,1411,1.00000000099227,-0.0579500111151243,-0.041115027050112,0.0499604444416912,0.199889872879235,0.0295474848063488,-0.10158109489144,-0.476486799276295,0.0175103731483422,0.13637960274144,0.291912220945995,0.310410143648237,0.358321856968517
1412.in,1412,1.00000000122743,-0.192578124560205,-0.0372694788469869,0.0361543248539425,0.215854290073,0.0186922045804686,-0.1703274523825,-0.518419133708249,0.039342308571814,0.0758738680349446,0.311115330288581,0.322840217648572,0.365178287219683
1413.in,1413,1.00000000110753,-0.141337166597307,-0.0030071919872791,0.0171495427116065,0.254822950942391,-0.0159257576675267,-0.139259946692089,-0.499229137629016,0.0288682226473592,0.0984122383069253,0.321791539509208,0.33166891806943,0.393448717343585
1414.in,1414,1.00000000139986,-0.0276213293014781,-0.180001578297757,0.160990171985792,0.0799755801935591,0.0392994580396616,-0.0767014232876686,-0.461671777487166,0.0075037658954851,0.155798852660553,0.305930661268561,0.306376112377769,0.254485943343009
1415.in,1415,1.00000000084885,0.0285917316394132,-0.140354754525873,0.139916755735361,0.112441349807902,0.0197953130000975,-0.0574159419646594,-0.446762187234641,-0.0076699912392626,0.177840744035155,0.314029487322048,0.326874727128459,0.286970036423233
1419.in,1419,1.00000000086597,-0.136945370918253,-0.0621895521574804,0.0723109413440973,0.221460747221805,-0.0901197612764899,-0.132116259274396,-0.495232216047781,0.0294612839992878,0.0982685324135025,0.363873502362218,0.371746561339381,0.366476823423839
1423.in,1423,1.00000000072302,-0.0576514722092024,0.0692701212739288,0.0510824489469607,0.206013856572421,0.18856361919218,-0.0932845877000523,-0.467847769899935,0.0141196718999748,0.135524686685009,0.294460899808437,0.310082361456411,0.397492389791362
1425.in,1425,1.00000000097691,-0.136960749526844,0.113282016072434,0.0102068802403485,0.251560561866352,0.140051763913844,-0.140842972264366,-0.502943863658906,0.028088350701542,0.0987586494836065,0.319807219442465,0.328905744402637,0.451124746516306
1427.in,1427,1.00000000117697,0.0328259736333539,-0.0341738630579437,0.132889587112876,0.123849194979302,0.176012458504881,-0.0552093697012939,-0.442732656761526,-0.0083001530662655,0.183331478216895,0.316732094134187,0.331622887569471,0.339295210495189
1430.in,1430,1.00000000108953,-0.19253088027847,0.0288046463975381,0.0878447516666955,0.194143354178643,0.0925522571185511,-0.169570605745331,-0.517392522126157,0.0397878373868258,0.078120004007613,0.352820148598971,0.355231594297719,0.399961145520235
1432.in,1432,1.00000000105596,-0.0288479408204195,-0.114859095112953,0.210028711166501,0.0655410589914994,0.121905481177487,-0.0760014533527551,-0.458771097662381,0.007157561578204,0.151768145027089,0.345728911188325,0.346902624540403,0.28268390391835
1435.in,1435,1.00000000117582,-0.0566626568469852,-0.0440382270537642,0.161996766738296,0.141256220920252,0.0389929037791192,-0.100610877193199,-0.478710544717393,0.016487077312739,0.130058713826042,0.377212441599489,0.385137792066083,0.358369703274861
1437.in,1437,1.00000000129503,-0.136132702325538,-0.0105053958733935,0.122948427306565,0.199330744452843,-0.0187194452116326,-0.131633437046362,-0.499187267625305,0.0317341868743716,0.0990951970928403,0.401131334674792,0.410168096634968,0.393294497109262
1438.in,1438,1.00000000116265,-0.0302091807005037,0.0492576808241759,0.159784886145904,0.091427154158025,0.35353313859912,-0.0700556026830129,-0.459708089997884,0.0103616101029985,0.153594376728068,0.303666832350777,0.311857219972593,0.353551098836676
1440.in,1440,1.00000000105395,-0.106986768895136,0.0905504196362713,0.118730749206697,0.137574329149285,0.297491917357338,-0.124193284407513,-0.488503384680175,0.0219906351537387,0.111762162476715,0.327026476529757,0.335861172640936,0.400127628029574
1441.in,1441,1.00000000086427,-0.0527830415478897,0.114798170290388,0.0915325522223648,0.178692034450623,0.267677199682136,-0.10461645508522,-0.470284562109868,0.0086101710010526,0.142241238844725,0.336352931370378,0.345008869494495,0.434108941128581
1446.in,1446,1.00000000098115,-0.107764714918023,0.0332757362567248,0.177854860495223,0.104145297927981,0.22468443955686,-0.122148104925954,-0.489213753187657,0.0237794033170427,0.115558032494126,0.368354674789921,0.365604656002819,0.371266866705618
1449.in,1449,1.00000000105066,-0.151796957213678,0.108330122856298,0.114415376183574,0.203964709697987,0.135680878241387,-0.143247710881672,-0.504781506978246,0.0253849299196311,0.103542107506469,0.400698168937174,0.401849755410713,0.445987890844064
1450.in,1450,1.00000000103909,-0.0242614207110358,-0.0695937232606316,0.257822116518997,0.0336311806112318,0.198736514350633,-0.0810006633458164,-0.459682295838214,0.0056142171646538,0.151225969789451,0.389840781321027,0.38806201105871,0.311904638573511
1451.in,1451,1.00000000118049,0.0328665005539337,-0.0610534350276817,0.25211089534933,0.0632890493810641,0.158487723901052,-0.0606497684198955,-0.445595031528309,-0.0092843059292822,0.181261560481431,0.398865001307139,0.40188342668104,0.329997525097326
1452.in,1452,1.00000000104934,-0.109366153456322,-0.0304417777927245,0.233045335106547,0.0896715769661663,0.13652813330049,-0.117903886376967,-0.490305410015662,0.0243104623312137,0.117318184298061,0.408454174218723,0.400475291618562,0.345479947878632
1453.in,1453,1.00000000163669,-0.0546989417973255,0.0046865975714787,0.195319494090096,0.119140957150838,0.106379157182205,-0.0976576710453469,-0.473145592319609,0.0108701194252604,0.137233655767354,0.411467569841708,0.421685067674583,0.376123952808216
1454.in,1454,1.00000000075358,-0.192342629028899,0.0187330674944655,0.184055351987036,0.149667819305172,0.0960597470052907,-0.161984601424688,-0.516642374346998,0.0430083848046535,0.0694057292895694,0.426206012520681,0.429177380480636,0.389583696940943
1455.in,1455,1.00000000102614,-0.130231559367885,0.0303533657486254,0.163194102490379,0.179408899317202,0.0492965144576102,-0.130280793944568,-0.498032110301816,0.0278078663939181,0.105562042394794,0.445240651973792,0.439928854819138,0.409596633027816
1457.in,1457,1.00000000121619,0.022647719622346,-0.0734170187596346,-0.0136716290097875,0.184646073268766,0.194293177682801,-0.0341362753324528,-0.493949263332848,-0.0025839673514372,0.190065460162504,0.212312453302723,0.253692183662201,0.327310803289283
1458.in,1458,1.00000000133196,-0.101588834210716,-0.0498040574057472,-0.0412053320978983,0.20442140979511,0.174497481191752,-0.0987754108931238,-0.537866881527886,0.0203515825510118,0.132789851268489,0.220090618369579,0.262108695325626,0.349647588091026
1459.in,1459,1.00000000081865,-0.059583228566693,-0.03207148360532,-0.0466172180444536,0.231858926197942,0.139812764170712,-0.0783772632258996,-0.522051135727808,0.0132532589005609,0.151772833845392,0.235808015790796,0.274048780781026,0.374639685196289
1460.in,1460,1.00000000100959,-0.193125155749475,0.0007685378247312,-0.0677200475522018,0.254344156130673,0.128269177059891,-0.146277529162006,-0.563147368208909,0.039137771205993,0.0844519880762528,0.251181191009298,0.286759516767049,0.389986862424057
1461.in,1461,1.00000000081185,-0.153590499263099,0.0214228270757738,-0.0828050439456261,0.290540193866411,0.0983432022806663,-0.123759546620466,-0.547433582795614,0.029421048390052,0.112535526874926,0.26983914712254,0.29485144789753,0.413195170163743
1464.in,1464,1.00000000102616,-0.108795210282863,-0.10280812722784,0.0206685235056213,0.177666973479714,0.104065746130699,-0.109729903028287,-0.545666968595366,0.0230536850594384,0.127254716261806,0.258521923742159,0.300162081169396,0.330160759291694
1465.in,1465,1.00000000080045,-0.0600843971214111,-0.0762016172746084,0.0072418698332151,0.21350227832614,0.0667593295466619,-0.0716349517253297,-0.518374985409029,0.0104637325812957,0.15672538148911,0.28500416614289,0.303336656152632,0.350217785379735
1466.in,1466,1.00000000107066,-0.188473510031671,-0.0554761459164002,-0.0033835129186828,0.225772863790551,0.040235243770105,-0.139371620032965,-0.565780285036574,0.0415344015735524,0.0844376998881382,0.291093573978908,0.321453128478836,0.367406008162316
1467.in,1467,1.00000000165352,-0.132446249914675,-0.0399476463622393,-0.0255067761829815,0.264319164012538,0.0222109595683375,-0.125990080123463,-0.552849844178899,0.0295588369226542,0.113567530959731,0.298466883812018,0.33897230548265,0.395226068884786
1468.in,1468,1.0000000008746,-0.0286872323440984,-0.198915073654479,0.108004845937456,0.0946744570320307,0.0824960348553617,-0.0569724809279329,-0.508798608463418,0.0056511407706795,0.168296368097403,0.288969415714096,0.314977462618395,0.256143121386306
1472.in,1472,1.00000000124499,-0.181889902632372,-0.132331061938635,0.0511524625320905,0.199751705917273,-0.0374335337434668,-0.138853049785752,-0.562151912106823,0.0376895582488616,0.0916771951676772,0.334402482660243,0.361100048695471,0.334539075044828
1474.in,1474,1.00000000139515,-0.0123658840599286,-0.04688136303088,0.0700178086185181,0.116892621043223,0.304118626496623,-0.0528552834695889,-0.506391726983358,0.0059765594748944,0.171284747318782,0.248415648932075,0.27772564048997,0.330349227956665
1475.in,1475,1.00000000083933,0.0269109451359994,-0.0144985797520888,0.0467160230886303,0.144648966809387,0.276388231030935,-0.0428970845955641,-0.494547597849366,-0.0051552775400617,0.183917544646184,0.252386042654512,0.294595947742288,0.360862218413384
1476.in,1476,1.00000000117084,-0.0994463297646779,0.0069710363826571,0.0282334441915052,0.175746706670387,0.249537426663748,-0.100942976863881,-0.543161754471981,0.0233948887819762,0.127505008756829,0.257749928088953,0.301783158480081,0.376605540619598
1477.in,1477,1.00000000089536,-0.0548771187304472,0.0238736936397547,0.0050026488877057,0.212337111151511,0.211168872886171,-0.0701505126068815,-0.52289461087856,0.0140436741345516,0.154699607334364,0.283456023218498,0.309114276284939,0.40191506422798
1478.in,1478,1.00000000110918,-0.18664395674335,0.044582539033416,-0.0074107935516418,0.229614984357204,0.200243080079235,-0.138060934947889,-0.567796448978149,0.0412019368814147,0.0918000250688956,0.281009743961696,0.318039810759325,0.414893244833374
1479.in,1479,1.00000000119832,-0.148343972865771,0.0642899691173277,-0.0296455171544411,0.271417166493511,0.159827922212089,-0.118519556446956,-0.560470578096386,0.0356379970060569,0.105424511420041,0.294265761287438,0.331993959642809,0.439188489126408
1480.in,1480,1.0000000013911,-0.0224356049884442,-0.108944089524064,0.12415306426501,0.0919021422092803,0.224866407204825,-0.0502620929648296,-0.506765074030718,0.0049500252621707,0.1667513891253,0.291755260434594,0.313082859047911,0.295455203633649
1483.in,1483,1.00000000123237,-0.0472390304628891,-0.0409927768017241,0.0575064447240181,0.17975991542432,0.139993138716751,-0.0699598225055783,-0.51241102649073,0.0093028402553547,0.155102118851541,0.328453297163317,0.347652421391855,0.367556229735465
1484.in,1484,1.00000000107818,-0.174225713660854,-0.0194502397745327,0.0472719232426161,0.197166164449842,0.11718961601104,-0.137499480136362,-0.566705182557688,0.0365505102261367,0.0907701935325856,0.330584163387493,0.354823247027971,0.383221668563339
1486.in,1486,1.0000000008177,-0.0277791442651944,-0.16554695485109,0.161409648656398,0.0769028933688048,0.153238472376671,-0.0605511312772938,-0.512709252557899,0.0048857001927532,0.169507712524524,0.322759076047345,0.348286119726006,0.273591113566152
1489.in,1489,1.00000000084124,-0.0518664079172595,-0.094150084702776,0.112995858458571,0.146272345677971,0.0642188471250282,-0.0783493092245369,-0.5210658728069,0.0088396512262496,0.152928625060813,0.359317286697743,0.386543125948237,0.34457773921714
1492.in,1492,1.00000000109797,-0.0166351924001456,0.0139663515001227,0.113359456509733,0.08704635013864,0.380353914317329,-0.0568689873788826,-0.506859284267707,-0.0005280191886423,0.173686163133216,0.290812207527428,0.311328429828641,0.358844068086236
1493.in,1493,1.00000000104432,0.0266934262777076,0.0304821427286482,0.0928978350945989,0.134574120196411,0.35049530680696,-0.0271788190255466,-0.49005019628728,-0.0064760085706087,0.196841451041959,0.300307463758073,0.32185566019278,0.375460625862829
1495.in,1495,1.00000000110678,-0.0571319509137504,0.073078128103781,0.060779111497065,0.188053453263639,0.293788910218352,-0.0757396317494921,-0.525526261233543,0.0164942073262423,0.155218714615479,0.315554633258794,0.342154946686326,0.422942736527451
1509.in,1509,1.00000000089554,0.0589279064509239,-0.0075796446042616,0.0687094967867243,0.138542332810852,0.121013632676005,-0.144358897205521,-0.42015197146231,-0.0103870703896289,0.179935646849245,0.236031166993909,0.268362918108656,0.403448009360473
1511.in,1511,1.00000000113892,-0.0202969188300174,0.0422269791943077,0.0363252262283384,0.192778994835405,0.0702239199726947,-0.183511927708214,-0.45083026125911,0.0065467415077133,0.135627555891856,0.245183916265009,0.292240306030754,0.448868374209265
1512.in,1512,1.00000000106082,-0.145973810959955,0.0545528582371861,0.0221936886827107,0.210229120190234,0.052812157107277,-0.25088641059404,-0.494917678365945,0.0340592504694386,0.0720739330737778,0.25585258982754,0.293312104625895,0.473366041049646
1514.in,1514,1.00000000122848,0.006187412563203,-0.091777098268406,0.14318873637149,0.0860226054473158,0.0845533614695978,-0.162688719087954,-0.43727453090355,-0.0030703225109154,0.158629983863441,0.256224212918116,0.292655224491047,0.353173856347713
1515.in,1515,1.00000000134795,0.0694989627217816,-0.0558319952542723,0.114468068326712,0.117992450166223,0.0559962127542804,-0.135365891999571,-0.4198065629277,-0.0177205079855,0.184417284222644,0.269239569585355,0.309310365470141,0.380100041302975
1516.in,1516,1.00000000086964,-0.0871070094314746,-0.0524321854065818,0.111296754792423,0.13463975851963,0.0315681410921499,-0.208994192640633,-0.471390075851487,0.0165796640635067,0.109246836376767,0.2789696479986,0.311616464326544,0.390722386029062
1517.in,1517,1.00000000067002,-0.0272832405525495,-0.0146207761434872,0.0842421144198412,0.177148465024581,-0.0070489699692864,-0.178051925564658,-0.44650311423432,0.0047887649098376,0.141218634864837,0.299867916056105,0.321707059722271,0.420011759554617
1518.in,1518,1.00000000126785,-0.149373071718038,0.0024382002085374,0.0813703669603692,0.185114749077026,-0.0200861691065,-0.253710429700235,-0.497349029484501,0.0349629292450031,0.078593578620886,0.306254125354483,0.337187114508643,0.438868230398794
1519.in,1519,1.00000000082556,-0.115519545824477,0.0202449884954827,0.0426149425351,0.220406691359666,-0.0574041019459424,-0.23288871608314,-0.484340850802992,0.0226401459781644,0.0963931151556384,0.315997746590459,0.350523667817206,0.464442559793346
1520.in,1520,1.00000000109794,0.0142213006277577,-0.159219998142954,0.189851820569063,0.0495165491348894,-0.0063235275827762,-0.168224076914485,-0.438009733039468,-0.0054698040649371,0.158945266248929,0.299723244105117,0.327889210413304,0.322469487520921
1521.in,1521,1.00000000112301,0.0675844485249091,-0.119806018152082,0.177446636376241,0.0837008062862777,-0.0392626219508829,-0.132801783838118,-0.421100163040388,-0.0155465138688482,0.190415215723906,0.318359957502301,0.334299604838454,0.356114727442742
1522.in,1522,1.00000000113111,-0.0671169196764447,-0.103129645904069,0.150121499823821,0.106834302324985,-0.0514468814671636,-0.210999468380365,-0.462230255341742,0.0069761918412766,0.120457485181177,0.326998431853614,0.349791179930783,0.370395582818582
1523.in,1523,1.00000000085573,-0.0240933562237088,-0.0847287357104296,0.131906621564522,0.151466781079959,-0.0851422001569613,-0.177560052344621,-0.447050342753454,0.0056181713584287,0.139254646257586,0.334235833573535,0.359494007133142,0.388385109429677
1524.in,1524,1.00000000087106,-0.165657209478889,-0.0611314290563069,0.126785537451281,0.168961944183869,-0.108097084969073,-0.250159049887819,-0.497409315105483,0.0352633127640783,0.0765405108879117,0.34775191429979,0.368503992504087,0.409276103600778
1525.in,1525,1.0000000008309,-0.112265074359226,-0.0439177120369046,0.104787611060143,0.195464815716917,-0.141062170451064,-0.22527564200593,-0.477096685696624,0.0250825360014157,0.0965205654823852,0.360671917875712,0.387307004128485,0.431062326241473
1527.in,1527,1.00000000153962,0.0598736307007166,0.0584776629046013,0.108245478969682,0.114079323649975,0.196155002270302,-0.145418970478998,-0.41926750181967,-0.0158486788876254,0.182521740896195,0.270045883094882,0.305399970466208,0.435451331739676
1528.in,1528,1.00000000092957,-0.0719348631348896,0.0603680071315671,0.109411476246702,0.129808654397115,0.185332183465954,-0.216226462020095,-0.471521490616622,0.0151202809746772,0.11830800218173,0.281214648213511,0.315861525819552,0.448531096936063
1529.in,1529,1.00000000082678,-0.025831817784899,0.0942875130206231,0.084770077264606,0.168406503823035,0.150595054286176,-0.182852137924633,-0.451372376226927,0.0039191812462766,0.140748276866805,0.291941290990959,0.320409710897457,0.472116187281387
1530.in,1530,1.00000000112932,-0.158340930914796,0.115707152307731,0.074640138734999,0.182156704780422,0.127116547679264,-0.253080182541526,-0.501127015627184,0.037749387823119,0.0718689379534636,0.302586069337663,0.332867806680393,0.493026759161405
1532.in,1532,1.00000000108432,0.0092590751563537,-0.0344280742551689,0.196773905933674,0.0433330947187215,0.154590542953723,-0.167377757182999,-0.438762096675118,-0.0058899669067518,0.161860806611884,0.302554201492176,0.323387921694457,0.378683454739782
1533.in,1533,1.00000000088719,0.0609912103414162,-0.0118535391028488,0.178060504643541,0.0866763179515217,0.116877561734483,-0.142785860584353,-0.422962067188545,-0.0084026665525118,0.181106547744642,0.31556752687396,0.33858273149826,0.404471105365206
1534.in,1534,1.00000000117007,-0.0771067144019624,0.0231383633740503,0.153100380013413,0.113241679329113,0.115718847430528,-0.206111383014812,-0.463386490904602,0.0131842147289099,0.116823863415351,0.327036861823606,0.346989887639822,0.421349292769667
1535.in,1535,1.00000000074194,-0.0205053621079107,0.0472760592005396,0.141154097605162,0.144238679398113,0.0728332169397902,-0.178182481040285,-0.452996850154204,0.002340978601954,0.141656704900559,0.333114946638618,0.359116840553927,0.448427369258751
1536.in,1536,1.0000000009055,-0.160980487566945,0.058518958300637,0.120399460869494,0.160297602986448,0.0560091509799816,-0.259866113330927,-0.496826532328114,0.0316159172588092,0.0745255834997304,0.341438573279475,0.370196657534159,0.470534792048023
1537.in,1537,1.00000000112531,-0.10795465472083,0.0737631410051349,0.0960436825201632,0.192827797734796,0.0225296520281002,-0.232934683662353,-0.481973284178082,0.0197665538933288,0.0989418231683456,0.358920578118139,0.384907812880836,0.494072157027109
1538.in,1538,1.00000000102633,0.0016475316489504,-0.093184410743787,0.242813150103016,0.0271876902216711,0.0772067899593915,-0.169212788418391,-0.442388536724564,-0.0022265718793559,0.158622707286975,0.344657726311103,0.360129463773984,0.354244132869221
1539.in,1539,1.00000000106362,0.0572616251590818,-0.0654627696064838,0.216369455031954,0.0628132986746871,0.0466511618792843,-0.141112371504054,-0.424657478989295,-0.0083314667123055,0.180521611555532,0.357161589723308,0.373059568653552,0.381946113356042
1540.in,1540,1.00000000102776,-0.0738988249519845,-0.0453796763021848,0.209662742442775,0.0838268237371407,0.0333504746492813,-0.20609301249513,-0.464297392922815,0.013905356843196,0.121935227056869,0.363787255323479,0.379361454436212,0.394938490274757
1541.in,1541,1.00000000109837,-0.0212855107998514,-0.034773435444179,0.198291655930795,0.110755701440912,-0.0153455487066018,-0.179772849803343,-0.452840639156793,0.0029683869915242,0.14290948121903,0.370028697838175,0.397663254755828,0.414455010970663
1543.in,1543,1.00000000114419,-0.0990844636024766,0.0184209583782305,0.164365219009496,0.169597183547572,-0.0515231028169941,-0.224409443324354,-0.474674862906104,0.0213176360809985,0.101725124987825,0.401261110426428,0.424892504991095,0.456399154061219
1544.in,1544,1.00000000128692,0.0156520358759013,0.0779111479034329,0.19447912252489,0.0515730562307058,0.308283377607356,-0.166675471391218,-0.442314187061242,-0.0022962260876942,0.158368368052202,0.295758886646109,0.326198558234489,0.431499722496305
1545.in,1545,1.00000000084706,0.0665403275578966,0.0930117092354676,0.185148997258815,0.0769075739805003,0.272265163013815,-0.145421283349622,-0.425114550297673,-0.0113148857195261,0.182296402842832,0.30678360103723,0.333824424435822,0.457055156348074
1546.in,1546,1.0000000013518,-0.0764218876474451,0.120894377229947,0.157860581144291,0.109889424759519,0.252121406164431,-0.208118753415453,-0.471068336715178,0.0163661658679838,0.118662121887768,0.318527257124147,0.345712762860055,0.471426656863985
1548.in,1548,1.00000000106128,-0.142495856179734,0.171132971238079,0.118217858787448,0.159468156058369,0.202228854184291,-0.2516497157428,-0.493851644114192,0.0285327463464409,0.0786628233186319,0.344525263572624,0.370689953167756,0.52131023465278
1550.in,1550,1.00000000109444,0.0089978710633838,0.0143131945810777,0.244127556145313,0.0266840300892196,0.223793187111177,-0.166212723742097,-0.43091170743421,-0.0044864324537148,0.15856225395045,0.34429468924968,0.360707596589616,0.39769690765253
1551.in,1551,1.00000000106503,0.0659072983683217,0.0344196277681524,0.232709383503075,0.0530997811460802,0.203300402200544,-0.143008851464371,-0.425070942545352,-0.0105843254009455,0.176856237237977,0.343753880705289,0.374094825525601,0.424422677958864
1552.in,1552,1.00000000084454,-0.0742966050599528,0.0568906723595121,0.219563311391282,0.0901141816142587,0.174449124929695,-0.204209604258499,-0.468892266860355,0.021272920194906,0.11356653099081,0.358876704899872,0.383316515237639,0.440303853507327
1553.in,1553,1.00000000097978,-0.0122820681727378,0.0928172993745728,0.193255664260818,0.118752142513151,0.147065404716831,-0.181175709434871,-0.447488455196028,-0.0001725691646815,0.143230252841436,0.37855316341257,0.393530628187243,0.475290555103968
1555.in,1555,1.00000000110696,-0.101768108399315,0.127636362173082,0.153179037278963,0.17040594326535,0.088753061782604,-0.230654204845032,-0.483256201080056,0.0163205848476342,0.0995314143155475,0.391157501519102,0.418351934827503,0.51308833608769
1556.in,1556,1.00000000079184,0.0176283331566914,-0.045247082472832,0.297181100583055,-0.0086659143040873,0.154366211016838,-0.168936916877946,-0.441681351602934,-0.0109257397855196,0.165274556420537,0.381953223547692,0.394216858445374,0.377155487843445
1558.in,1558,1.00000000100142,-0.0768129899383477,-0.0082782049737531,0.26493283355823,0.0579005679003842,0.103455875632444,-0.206607526045289,-0.471212294756892,0.0192293462746685,0.112367292121899,0.399526217142663,0.421303813901507,0.413050825883961
1559.in,1559,1.00000000116822,-0.0235127184728621,0.0339056714516597,0.240307606266678,0.0774402686952952,0.0815270091963087,-0.187857680412154,-0.450051342216608,0.0020157783120643,0.138836033190879,0.41180986779372,0.430864568958422,0.454625168802879
1561.in,1561,1.00000000135759,-0.104938697640742,0.076685114439421,0.19815159955587,0.155019480515422,0.0112601762021702,-0.228475466410561,-0.483669121632542,0.027736214870135,0.09601070153713,0.428224490966829,0.46537104820753,0.491331314537092
1562.in,1562,1.00000000083907,0.006170473026398,-0.0734837044302059,0.0456566420552861,0.111791894127297,0.190117049753301,-0.154306083375968,-0.489976003416771,-0.0017958326348221,0.164091316636985,0.198292091186616,0.252614627589696,0.373020818449708
1563.in,1563,1.00000000110051,0.0594253998406737,-0.0425775092005486,0.0272179877126559,0.146264144781,0.15069788285684,-0.128204185790838,-0.47712719404669,-0.0102601596602447,0.193296132889709,0.20800591394699,0.269280313802125,0.406581100932331
1564.in,1564,1.00000000054926,-0.0727866337202618,-0.0280347650997766,0.0053422573156918,0.169309555101989,0.134965140147728,-0.192540475779257,-0.510583082834338,0.0139347940338912,0.131718396507418,0.226127872193172,0.267473982744738,0.422051937012705
1567.in,1567,1.0000000010153,-0.0922553248164971,0.0422057298759879,-0.0390384153375749,0.256420832387118,0.0437295010804763,-0.199289828509203,-0.524140283870532,0.0212355344584148,0.12016781419376,0.258063204936401,0.313974804882874,0.488211272176114
1569.in,1569,1.00000000078925,0.0715399748078298,-0.108440456353847,0.0848042769138443,0.116271506597137,0.0681542811834779,-0.116454127788797,-0.468845410567022,-0.0206956752834689,0.204926090363052,0.259472369658631,0.300185940598385,0.37457039649355
1570.in,1570,1.00000000121113,-0.0695149501648861,-0.0818574086195482,0.070377800817128,0.139826615155595,0.0546729108651307,-0.189774280250319,-0.52101502968236,0.0147788645831378,0.131489735173494,0.266164090220141,0.310477751245075,0.39428065732683
1572.in,1572,1.00000000081014,-0.161782994998687,-0.0260269883651732,0.0231463121599609,0.194577956793651,0.0098824284610134,-0.230530158073048,-0.545797982003307,0.0317294497386275,0.0870359456481174,0.28822927337577,0.334830790566551,0.435538333385551
1575.in,1575,1.00000000123135,0.0528033530952391,-0.157140988703215,0.132913015537576,0.0917595102931816,0.0010001479962495,-0.128719049401096,-0.471569430624488,-0.0119542798851875,0.189814475375358,0.297457753334305,0.344398410581948,0.343723068624258
1576.in,1576,1.00000000113734,-0.0761608625909639,-0.150833005863362,0.134012304130886,0.109217365618745,-0.0299070316772894,-0.193756527791962,-0.5250095718287,0.0209041472840025,0.128306011678169,0.303133510760497,0.34961987953538,0.364875542014924
1577.in,1577,1.0000000011571,-0.0142386995656463,-0.125318334480374,0.103026732072904,0.140900112689018,-0.0558477755831155,-0.165660907518381,-0.501390136669793,0.0028443991668295,0.158602944915965,0.32050800073179,0.362981508622163,0.393821239324298
1579.in,1579,1.0000000013508,-0.108134677017876,-0.0755244999673003,0.063141583905457,0.21234836374958,-0.104530461624716,-0.20893015036915,-0.531261184251065,0.0289761655484643,0.10778110178251,0.336478612899783,0.384392036251292,0.426980018021743
1580.in,1580,1.0000000009656,0.0078661843974157,-0.0201601067855426,0.0983387235549286,0.0813342454366043,0.26728282286285,-0.153916393395401,-0.493977774282846,-0.0026912288229602,0.16611004228537,0.23874573677373,0.282044968277993,0.394600682313951
1582.in,1582,1.00000000135082,-0.0718468535816612,0.0255248699256961,0.0687714579188158,0.139345146733996,0.210420651480086,-0.187651707483887,-0.520482050141356,0.0195459232863247,0.129011422735512,0.264060361716564,0.310326339303718,0.443474900668771
1583.in,1583,1.00000000106008,-0.0171696419125321,0.0568546472654688,0.0473524285037503,0.175858487899724,0.171628555993792,-0.169174439747485,-0.501039130999744,0.0036772290525638,0.154018616065873,0.273017956071317,0.331145756356313,0.472820346406445
1585.in,1585,1.00000000115284,-0.0949578500343054,0.0970069114330481,0.0080333510004583,0.231138690599453,0.1201908607329,-0.21268227739925,-0.531181300183144,0.0182197188414517,0.118521411137601,0.299904355097615,0.34983537665101,0.515406565179017
1586.in,1586,1.00000000135125,0.0092801126402716,-0.0789068321510647,0.162963148121829,0.0595966667397353,0.181443327840449,-0.145245951746503,-0.495909579711222,-0.0011392480638415,0.16898938806384,0.283484566194118,0.32922647572593,0.372847149827924
1588.in,1588,1.00000000132405,-0.0657779539959087,-0.0360694024588624,0.125236522418079,0.111092504678173,0.128813175642613,-0.187604973022919,-0.515169341330068,0.0143955661617621,0.131117654758511,0.310082285774078,0.353882550246814,0.414397041961603
1589.in,1589,1.00000000118805,-0.0216518117575791,-0.0073278846110843,0.0933887063016414,0.154163488228557,0.0881475936192447,-0.168394596044186,-0.50710475521992,0.0069229207394811,0.149859770190183,0.312226285946974,0.356255832815159,0.442952527108986
1596.in,1596,1.00000000094803,-0.154238084359812,-0.051751864017276,0.135189114322059,0.141967996328188,0.0041878486427843,-0.236669244700357,-0.5493855583569,0.0329847723936993,0.0886082008146315,0.367769448901596,0.413879041067051,0.430795287873585
1597.in,1597,1.00000000086639,-0.106994732677131,-0.0152012269507419,0.107643270348162,0.178078084987736,-0.0314397138541797,-0.209471613289987,-0.532973120868183,0.0222878458446791,0.111276232231513,0.375337015102992,0.419087962023291,0.463417746250087
1598.in,1598,1.0000000012316,0.0152174914973531,0.0352359805625602,0.158444165536658,0.0623084720365844,0.340738736643782,-0.145593144159987,-0.483004569827345,-0.0014526535464274,0.170685657540456,0.28530408373738,0.331711266589451,0.420984282492262
1599.in,1599,1.00000000095774,0.0543769725147291,0.062859151413256,0.1223646491958,0.0987073199145883,0.309346202931487,-0.122627614088117,-0.471139285079471,-0.0101985153767422,0.200248889682856,0.293002771018697,0.335766133642743,0.446487068968897
1602.in,1602,1.00000000089461,-0.1559525500867,0.129081935971078,0.0803474645952171,0.171926141873778,0.231308151660074,-0.23354656379287,-0.550107498028631,0.0390260847039563,0.0896263323724087,0.322407084992544,0.373769007628047,0.514498906893231
1604.in,1604,1.00000000094884,0.0140415780062858,-0.0316408981530624,0.201101966371433,0.0318050334009557,0.256711947359352,-0.153182739620513,-0.49523437493214,-0.0017900435491789,0.16893849667382,0.314564577486933,0.36213308501905,0.397818527067849
1605.in,1605,1.00000000065101,0.0702745143751255,0.0068728123271571,0.187862840643582,0.0635334371320838,0.237618382318377,-0.128654531292924,-0.470406075828819,-0.0122254670390765,0.198462683030714,0.335193347092034,0.377080637572974,0.425129800971577
1607.in,1607,1.00000000093359,-0.0362353307908865,0.0513353510800587,0.142342846846132,0.127696594617087,0.180172334937352,-0.162984229459415,-0.506782637626091,0.0087582674091445,0.150356915485641,0.351265307714012,0.393183788233242,0.462895178208335
1609.in,1609,1.00000000121222,-0.105329635447421,0.0933849217875713,0.110127604847994,0.180777006907404,0.128191667686066,-0.206066461728197,-0.530170777463047,0.0234203308721883,0.111848112927256,0.378488015280188,0.418914825719706,0.507863170439828
1611.in,1611,1.00000000116568,0.0553682768653072,-0.0702449750662095,0.234926183267122,0.0512674369584604,0.141855330932259,-0.128187312539424,-0.479991510707002,-0.0110015251561544,0.190146428104438,0.374532971242205,0.409481439977688,0.391608139023425
1614.in,1614,1.00000000083166,-0.151934243143602,0.003157657458263,0.197802933536246,0.120314085342649,0.0785040283858922,-0.226752067856609,-0.549697288769394,0.0353994432594635,0.0880610751736238,0.403101624684369,0.445680750273876,0.452319540737657
1615.in,1615,1.00000000094748,-0.108040231361916,0.0323024208603742,0.162844024084576,0.157603037828738,0.0432842136617462,-0.206365739429259,-0.531995926254261,0.0208563814801179,0.111543496048723,0.419186254449129,0.456950441817712,0.483101386411222
1618.in,1618,1.00000000095008,-0.0670954031697324,-0.067251782473047,-0.029920744973905,0.178833879487218,0.169717540864699,-0.174382770573948,-0.566267391223463,0.013834582642388,0.144620459481921,0.201338749543556,0.27804157318937,0.404798949112419
1621.in,1621,1.00000000074455,-0.102144186002385,0.0135514082479804,-0.0884994281388524,0.277025478005284,0.077244493596647,-0.183931606276292,-0.57867249932293,0.0231873673157269,0.128620515295262,0.237791942566336,0.314166981828138,0.483316558585324
1622.in,1622,1.00000000124126,0.0121384792872142,-0.170794707922237,0.0521419588305828,0.0956384922826743,0.127943260838343,-0.132107431106896,-0.534039496181464,-0.0075627067545928,0.189099742061359,0.224086555418475,0.297411352037699,0.338363168819924
1623.in,1623,1.00000000098962,0.0639664084019507,-0.133984965357272,0.0322258776085151,0.126988516451588,0.109844368154758,-0.100739552959703,-0.519869761394331,-0.0161467183956662,0.211083278831981,0.238522237307859,0.300634625896547,0.373628897585276
1624.in,1624,1.00000000114516,-0.0747564480408247,-0.127822432755433,0.0386587749512106,0.144785345245852,0.0902776801084915,-0.165612384265358,-0.566521145308299,0.0161512342172111,0.137915151537689,0.249439353783414,0.320914232993952,0.376930610457342
1625.in,1625,1.0000000010427,-0.0199036322308738,-0.0960812835997102,0.0063291846708147,0.181237499028639,0.052197428022564,-0.151329303452246,-0.557188457401384,0.0071880419468665,0.161235020633231,0.254207112433306,0.329036088054895,0.416271025153488
1626.in,1626,1.00000000120389,-0.152921132766705,-0.0872764507866928,-0.0079124082060119,0.205808233123775,0.0253542172796688,-0.208159519116776,-0.601878296524889,0.0347755275392177,0.104485294208913,0.26063271505395,0.330257647491567,0.427512728376442
1629.in,1629,1.00000000117234,0.0752605062721056,-0.210920977657094,0.109559517399831,0.09108973872197,0.023432018921286,-0.098694078894659,-0.517749412984821,-0.0150548721180436,0.212012931252392,0.279553108391461,0.344911852528431,0.338737201968859
1637.in,1637,1.00000000099798,-0.0191760522127263,0.0140073387252442,0.013357529479558,0.177369970828644,0.202709478686099,-0.151642480180253,-0.554728705978472,0.0065247700084899,0.167711570514706,0.258883884696876,0.324056323043124,0.466524217625656
1638.in,1638,1.00000000131652,-0.148141152230605,0.0432203023183821,-0.0209552450701562,0.204441253813132,0.187232026791429,-0.216764019331362,-0.594205557676811,0.0292179307165917,0.106430702008126,0.264327481391112,0.328612222329837,0.489362076459867
1642.in,1642,1.00000000108958,-0.0709172028482977,-0.054527700238196,0.0744830404021671,0.124660322456533,0.166213542259019,-0.172329848649249,-0.569070663883273,0.0168443498489789,0.144457924578273,0.286176566723363,0.349318419226991,0.421392322186089
1644.in,1644,1.00000000120203,-0.146677526182069,-0.0163517068605787,0.0460192041306917,0.172883392605848,0.118021296054772,-0.220117496836905,-0.598360193686178,0.033445716186908,0.0971058291324584,0.309165255568672,0.376312154309328,0.46336641701799
1645.in,1645,1.00000000074637,-0.094967710982824,0.0013642552669227,0.0188185058848591,0.212552811093051,0.0763939105367274,-0.189502544745992,-0.577629261150986,0.0185366002352378,0.132696291906946,0.323720120687111,0.388550020610588,0.487133731044262
1646.in,1646,1.00000000114828,0.0128648273611486,-0.172855789153484,0.167931734911037,0.0410631746523656,0.134825700324708,-0.12790695473721,-0.540264323402476,-0.0005770947098819,0.181357121659777,0.301691372383636,0.368525705485622,0.342095829128765
1647.in,1647,1.00000000096747,0.0701611595228434,-0.140962198658108,0.14328469816147,0.0787303138781136,0.110572874615925,-0.0976778756803387,-0.519654900666106,-0.015552225203724,0.214907782315402,0.320305037228884,0.375682509413654,0.375594592065751
1648.in,1648,1.00000000098124,-0.0699543779505059,-0.125670644674696,0.132694072856539,0.10402793860006,0.0887987067175242,-0.168678558164353,-0.566364821337592,0.0170078104120175,0.144307087962538,0.333800220120997,0.39169286080303,0.384088351851376
1649.in,1649,1.00000000140017,-0.0182669752026349,-0.095971584573679,0.104138205141457,0.132293889854503,0.0596939246643514,-0.148178184329533,-0.547798750311906,0.0030441480150907,0.168450162388456,0.343590328457698,0.403639662644695,0.414745016932464
1652.in,1652,1.00000000096029,0.0134639583944143,0.0049894899184252,0.104592260910617,0.0777529796311978,0.363231315262876,-0.127708814560938,-0.538694943133108,0.0009497648290995,0.179490598293806,0.263375643471056,0.333413603205516,0.421615455238655
1653.in,1653,1.00000000091735,0.0591565090045516,0.032401354259121,0.0887520957198181,0.096540178940949,0.33461235303958,-0.105620509112631,-0.527113696780585,-0.0138693978341522,0.203961879472416,0.277940104926701,0.337415848814159,0.451578940508274
1654.in,1654,1.0000000010827,-0.0731675310154615,0.0520496887172396,0.0789903745209631,0.119068745615568,0.318820745980594,-0.175417313923844,-0.57131832647997,0.0171783939575299,0.136145289255905,0.286639920497264,0.351192584340399,0.469121152103216
1657.in,1657,1.0000000010754,-0.0995891350710157,0.116327044986767,0.0301530868112932,0.211952072318553,0.237113582531552,-0.190330994206,-0.582052441503733,0.0236101331581927,0.124338691425545,0.320462484901059,0.39222712496266,0.532807958569812
1660.in,1660,1.00000000139059,-0.0692119439066758,-0.0216723193976839,0.127478729638227,0.0890195423539822,0.233264780976708,-0.177338040263366,-0.570455974076231,0.0157188999482689,0.139789826764931,0.330375835633338,0.389570414821718,0.441536955160296
1662.in,1662,1.00000000099043,-0.151179051221983,0.0365494407393623,0.0954178872704282,0.14340896570044,0.193162939633113,-0.220692273191183,-0.596982297108012,0.0290282373277184,0.108168051632474,0.352972899037233,0.407464116302247,0.486576104443166
1674.in,1674,1.00000000091997,0.0189729135685813,-0.206890627553904,0.0189917379938591,0.108522662126987,0.162118547184784,-0.110987619363891,-0.590112992698645,-0.0058194980674748,0.193322023921094,0.208120484063286,0.295405170993335,0.340054049482844
1676.in,1676,1.00000000112132,-0.0669752224473605,-0.162734998130056,-0.0151313743182935,0.154901609391685,0.121241302999786,-0.160859129751036,-0.618865470432037,0.0136309272940412,0.153469335113542,0.22604858630824,0.312512212209031,0.380695535293332
1679.in,1679,1.0000000010205,-0.0962704378133267,-0.0896351585306391,-0.0735291595492922,0.245961117306302,0.0320951418473645,-0.175666946480241,-0.625195008777577,0.0198239103829505,0.139702271674372,0.263998220532495,0.355181669916843,0.458213038000247
1681.in,1681,1.0000000010303,0.0674081812890523,-0.24579241091545,0.051860588417899,0.117079563644798,0.0541782795657259,-0.0841663467238381,-0.572737115379067,-0.0139939988964803,0.217362379232791,0.256302661823262,0.346703908141973,0.335722512556368
1682.in,1682,1.00000000105181,-0.063274369427506,-0.207414587636111,0.0322663673953651,0.129621966148647,0.0461426725825087,-0.153265781387178,-0.617470246390372,0.0141491110717561,0.160273862540183,0.260558567185824,0.346667756984442,0.363649826417788
1683.in,1683,1.00000000128756,-0.01276835203922,-0.202047850351143,0.0181675746170943,0.16174255826327,0.0008379107760778,-0.126951751133081,-0.601391751111695,0.0025595536314407,0.180133254909324,0.276823773709268,0.371793903909492,0.377109126080559
1684.in,1684,1.00000000112867,-0.145655626308302,-0.17889358887652,0.0023908866298677,0.182435906486797,-0.0086294127360378,-0.187024231817538,-0.638379148685127,0.0304200349517144,0.118067757438863,0.297017136198497,0.37788117293113,0.391056375287493
1685.in,1685,1.00000000074684,0.0168891330659263,-0.0973687965889015,0.0116099480653477,0.109500158772835,0.323329157896551,-0.104161762203805,-0.593367103434557,-0.0032843642228431,0.199120240088546,0.20324387225515,0.285533672004588,0.386426305761674
1686.in,1686,1.00000000114567,0.0805693748341201,-0.0538327834989335,-0.0084357166456192,0.136054386475328,0.28956536265045,-0.0725072150907637,-0.564312160947072,-0.0176191008013834,0.226832682138625,0.21835940406534,0.307831065697238,0.418326267754466
1688.in,1688,1.00000000123206,-0.022778616402606,-0.0285249144805971,-0.0361789724221458,0.18927570695989,0.240611218738534,-0.132978779958062,-0.603466277935411,0.0061943043544342,0.17750439871501,0.242137479985289,0.332799906769037,0.460618405893387
1689.in,1689,1.00000000101838,-0.159188007911213,-0.0053077101038269,-0.0538367404088571,0.214904548293013,0.221548302544581,-0.196500601690351,-0.645767298010302,0.0359605720136406,0.111739101372561,0.251567332861651,0.33760230107273,0.473149895997167
1691.in,1691,1.00000000118404,0.0098951633661657,-0.163830306893821,0.0660884494602302,0.0827427728286811,0.245961608744475,-0.112020558455164,-0.594091257124085,0.001360443486152,0.196615748977797,0.242239986573487,0.327356388692534,0.36090580132382
1692.in,1692,1.00000000092373,0.0546076635583977,-0.122814041152014,0.048247202814274,0.108947436654843,0.208268723416862,-0.0882361983614661,-0.575119110161437,-0.0110469863509874,0.212442664991493,0.257720654152084,0.342906893096756,0.390640900254876
1693.in,1693,1.00000000089395,-0.07229963050723,-0.108449141479898,0.0325307336202659,0.13977135562139,0.179054478480659,-0.149115322088935,-0.619793397412292,0.0194510255205611,0.146861235128167,0.262781595931062,0.348299492261577,0.402751177161953
1696.in,1696,1.00000000120114,0.0244276500789746,-0.220589901372851,0.119761538962044,0.0404163532704242,0.162227164016593,-0.112843735607313,-0.587920597482153,-0.0041689874436675,0.198144791816909,0.281112311179705,0.368737952426442,0.335653236622309
1700.in,1700,1.00000000117399,0.0675010015697376,-0.0024910529132186,0.049205362972169,0.110154688109475,0.37013067179118,-0.0755360974082145,-0.566236354112507,-0.0155330135539643,0.224889571384085,0.262236638172358,0.343198407138187,0.43978722632588
1702.in,1702,1.0000000015565,-0.0050296956881826,0.0358331678617162,0.01185250026169,0.16214366245097,0.302716278495454,-0.12060574704215,-0.598106071155385,0.001203040728213,0.188819920258823,0.276400628271497,0.363793226753593,0.491198685744806
1703.in,1703,1.00000000123736,-0.155662895915235,0.0424760005895288,0.0006120479700425,0.189747394031683,0.295139621513716,-0.192166491093115,-0.645998712215038,0.0348195876223375,0.113091102335601,0.290755823672067,0.372516009426878,0.495673040855833
1706.in,1706,1.00000000100727,-0.0694756400363707,-0.0515322022380466,0.0886986159690597,0.106114377650074,0.269465106254345,-0.160488422523359,-0.619562351634533,0.0170469884979919,0.153708561144284,0.3053595197727,0.392152514619934,0.433603310381508
1708.in,1708,1.00000000068693,0.0643598988699903,-0.138563269936813,0.157838179640389,0.0519049721403489,0.216561500721674,-0.0817370519071442,-0.571271325529057,-0.013917173829473,0.218879335440822,0.33921247017792,0.412953460480425,0.385805121202039
1709.in,1709,1.00000000104371,-0.125941724199462,0.0714612622545741,0.178750984595928,0.22095607144062,0.141856988089324,0.025476281143498,-0.220486210126451,0.0296591869809333,0.118132285238175,0.347834978734006,0.209251482194449,0.166167486532457
1710.in,1710,1.00000000148988,-0.0713201263466368,0.0933323103768288,0.161935806440327,0.254580259410752,0.11916581547266,0.0618798198751586,-0.192094153968021,0.0140972014160626,0.152788372730546,0.370198327883966,0.217924458517692,0.187577460526009
1711.in,1711,1.00000000159553,-0.206383174253027,0.107175349910631,0.148762957891726,0.285381605891112,0.0936111961890244,-0.0081307873572817,-0.239484506566682,0.0488564907100855,0.0803203946204387,0.374459877109542,0.223092014258997,0.193092101295481
1712.in,1712,1.00000000103398,-0.153082532375266,0.144624851661944,0.129375400592883,0.303014786434126,0.0690349915442821,0.0123678379025009,-0.224860895585855,0.0318428440288957,0.106475669216064,0.394577595004974,0.243330809116648,0.230396087260001
1713.in,1713,1.00000000126004,-0.292478872624136,0.167718645080451,0.10693958896258,0.341478472188485,0.0434609729634115,-0.0612377613703882,-0.275605481347098,0.064719885006189,0.0354786347593355,0.38604000329465,0.251826646471727,0.245549953821337
1714.in,1714,1.000000001196,-0.252719065231317,0.191009339368574,0.0874601117536988,0.367037108641638,0.0055949622326248,-0.0322686202731126,-0.25593665137207,0.055918172794436,0.0627107154060574,0.412900801124328,0.261752481498328,0.272375367816373
1715.in,1715,1.00000000138878,-0.133159851205244,0.0042695671653499,0.22944868152031,0.204858796353037,0.0700332702098276,0.0381555350358854,-0.212795139202347,0.0284350279870774,0.122118289969161,0.394374919601355,0.239949636022934,0.131960833867837
1716.in,1716,1.00000000103894,-0.0833915603750873,0.0394585569224768,0.216733460654893,0.22753364912916,0.0328855841022497,0.058739114984522,-0.195314002278215,0.0193025211735386,0.148363662199119,0.414518531076356,0.253413516585338,0.157149550099384
1717.in,1717,1.00000000110539,-0.216100497008678,0.0676112583757021,0.196939759657643,0.257435680572806,0.0158825319996517,-0.0212055598063613,-0.24419025533436,0.0430405398947772,0.0758376444540429,0.411709988230576,0.261859220613214,0.190327392823724
1718.in,1718,1.00000000094481,-0.153653272893381,0.0868159541926657,0.169444920503346,0.29154612137293,-0.0127419217283881,0.0192207533375283,-0.222240392447258,0.0332883443646,0.106407518274604,0.431361569070424,0.283193115539805,0.200239485685089
1721.in,1721,1.00000000167616,-0.132394901115618,-0.0431716791327229,0.272625775928212,0.176672949380924,-0.020225622243494,0.0316692507790566,-0.211650648340827,0.024764503302687,0.120232153014801,0.435388742289963,0.279593457929158,0.104881506841619
1722.in,1722,1.00000000119185,-0.0746111557325307,-0.0240442566281254,0.263087631254964,0.199085614162868,-0.0344543470531104,0.0463471041571323,-0.194645816941071,0.0145822550645088,0.145263902571586,0.449040114575639,0.293989201029189,0.13344884449618
1724.in,1724,1.00000000107488,-0.157496551191906,0.0336262195409792,0.228942497743749,0.25645138654651,-0.0866298868246769,0.0198840865431128,-0.225242767971176,0.0366440857257984,0.108665536798163,0.4762798270959,0.314000157872224,0.175905672743791
1725.in,1725,1.00000000089145,-0.286248972750164,0.0324358685737435,0.220588592683171,0.287196909641259,-0.123253856900773,-0.0520061489630316,-0.269373017695273,0.0636304473035342,0.039130550321384,0.486832325153645,0.326299231060807,0.185384308658471
1728.in,1728,1.00000000115528,-0.0769426467943676,0.15270709187575,0.206993768119333,0.228787587130606,0.182642157531517,0.0626012840817452,-0.197127099229398,0.0156024186086379,0.144519198245885,0.407829443990764,0.24463870768139,0.209267136493757
1729.in,1729,1.00000000113833,-0.204661262031073,0.158712861109613,0.190163377331504,0.247154494692159,0.168266541610615,-0.016619197749407,-0.25129174150494,0.0444587827466478,0.074458746587567,0.40635679766707,0.263356748893369,0.2232712423032
1730.in,1730,1.00000000132354,-0.158198928929535,0.198723403055291,0.180030789125503,0.280685696733151,0.154936897711277,0.0138851415032598,-0.222029551028079,0.0390957692717584,0.106210733078257,0.434224894164017,0.280657884724658,0.250864547599848
1731.in,1731,1.00000000117276,-0.288361746700544,0.212338782625802,0.16626009289948,0.308791403936029,0.116202656742962,-0.0520800675893152,-0.269800764133353,0.0635951377920954,0.0388244064070845,0.441616255166188,0.287893228305774,0.267087323604332
1732.in,1732,1.00000000104278,-0.251137989630694,0.248212308601144,0.142856837482902,0.342020884490776,0.0828995796468666,-0.0322128828505913,-0.256068288439442,0.0507655302131556,0.0615998577505861,0.452019996015532,0.296533541763268,0.297334911967084
1733.in,1733,1.00000000159411,-0.121614995010911,0.0709154395566223,0.269074283328887,0.172486692735272,0.138700896838887,0.0266512518590127,-0.215994377891912,0.0256480462670138,0.120719278732748,0.428190309165158,0.280772538299191,0.163368979867599
1734.in,1734,1.00000000134314,-0.0802048040270362,0.0891026140557078,0.272001220458959,0.199837367590053,0.114656676375002,0.0589049679163207,-0.196801214236001,0.0185191613592877,0.145120153836439,0.450310561911434,0.285087316089866,0.18177240219912
1735.in,1735,1.00000000113287,-0.21612512057079,0.103674631441754,0.248350431988417,0.220412051729437,0.0828081815951211,-0.022285386720354,-0.251461353792844,0.0469785210528264,0.0743611836186754,0.454879852309997,0.302030634341008,0.200575153472697
1736.in,1736,1.0000000013945,-0.158816309810224,0.139549168767023,0.217455889796656,0.25483203990565,0.0597893400952661,0.0122183984673865,-0.226948931309149,0.0386514523113399,0.100517768571368,0.470756024340389,0.308199651567047,0.227542722972786
1737.in,1737,1.00000000087721,-0.296889706001711,0.152689031992274,0.220458448378769,0.282035296864722,0.0369860675440153,-0.0554453936395321,-0.27759311819638,0.0653849450181107,0.0421532840309302,0.484766044802564,0.322417052538935,0.247124714884045
1738.in,1738,1.00000000095962,-0.245304280785331,0.18098857634955,0.191335376545398,0.315264250194303,-0.0002648825583156,-0.0328031097779353,-0.259148623244082,0.0550189428825418,0.0630690111648386,0.490138992032719,0.338738432433568,0.272316248668187
1739.in,1739,1.00000000119683,-0.131321734663071,0.0096813239154334,0.339201293058738,0.144104551216358,0.0692225368212895,0.0218401474380112,-0.219158312095334,0.0290052313126296,0.118233374578314,0.475303196691495,0.316072566683641,0.137074673638831
1740.in,1740,1.00000000057252,-0.0752202992252964,0.0354899045609344,0.314091752603073,0.175981106785274,0.0356417119807097,0.0661358599708647,-0.197141814951865,0.0179117556214712,0.138668933637979,0.487500104404161,0.326087614301358,0.152697424146858
1741.in,1741,1.00000000115735,-0.204996257457198,0.0507209807478197,0.297479462406124,0.198710283797754,0.0148813559421848,-0.0169700298640921,-0.243365064782314,0.0452563184027369,0.0761422835901418,0.499630231903068,0.339946065139109,0.178942342680376
1743.in,1743,1.00000000103672,-0.296820206313449,0.0991171137880147,0.270259892585998,0.252130113019129,-0.0342671937380426,-0.0566223602475232,-0.266995918510865,0.0638505438366755,0.0373431442025484,0.525426077887073,0.358548332405543,0.21817555735833
1744.in,1744,1.00000000095727,-0.25510320136965,0.116599373264515,0.246985539373445,0.291121092714996,-0.0673871585776598,-0.0347996426898136,-0.260623392039907,0.0562160235981562,0.0554461975728445,0.536267775579002,0.370074370256796,0.240451787508445
1745.in,1745,1.00000000125214,-0.126067464176108,0.177195346527648,0.271683492728893,0.167394952196812,0.28767899310814,0.0277968802932991,-0.214803874974382,0.0265877007976639,0.118911346910447,0.431752415414616,0.27884106361757,0.20880050134918
1746.in,1746,1.00000000123108,-0.0871603603825031,0.197719922800428,0.262593748843579,0.205170210351234,0.258625083331379,0.0513385055856084,-0.204129844573616,0.0176658721235578,0.141605049541827,0.450849438920884,0.291637339535148,0.23502119371862
1747.in,1747,1.00000000108893,-0.216543159958379,0.220637597773636,0.247247506069288,0.229015990257956,0.242381807468769,-0.0160408299540496,-0.247115463972201,0.0476693749117675,0.0746489923435552,0.459832604647379,0.299714190750688,0.252716022532086
1748.in,1748,1.00000000124738,-0.161995067923964,0.246843712320337,0.228680415749495,0.264186651225443,0.214207552610649,0.0118657300743859,-0.230098036629894,0.0373387379643848,0.107224500169252,0.470191032404812,0.309636489573544,0.275462484213299
1749.in,1749,1.00000000103447,-0.283344077065176,0.26388533411488,0.219788981293342,0.270450106400354,0.187647603718889,-0.0691769596433565,-0.272433554584039,0.0621709033721005,0.0416136981116277,0.483653768392283,0.327568907409883,0.302840300970449
1750.in,1750,1.00000000136778,-0.248012204347294,0.298726660586866,0.194666576914528,0.316155188645606,0.161901241846067,-0.0275997620212701,-0.255480919264127,0.0561129835168347,0.0632889781551417,0.493013425411915,0.338763385214954,0.322639017108334
1751.in,1751,1.0000000012099,-0.123819811297244,0.124867679491026,0.335350695289699,0.147042015688947,0.22681210814957,0.0282989115397231,-0.208772615262332,0.0257999660236813,0.120622980528803,0.484079479078677,0.321915674137585,0.182962233673957
1752.in,1752,1.00000000090221,-0.058364660426965,0.154122038459727,0.325359887680719,0.174870801288137,0.197619534897145,0.0633578955158018,-0.193644689873414,0.0150172497472661,0.151905890728287,0.49012167083928,0.327067110287398,0.212569744888435
1754.in,1754,1.00000000124711,-0.157070756521939,0.195742204897818,0.279267378155254,0.231896091915155,0.139265418796978,0.010370648857013,-0.226454893574553,0.0365364417566025,0.101919681170388,0.509605241477586,0.352965747909928,0.253187287526305
1755.in,1755,1.00000000091478,-0.293246659633092,0.214072813776395,0.2674183680361,0.252050328111722,0.123644882408618,-0.063507914618869,-0.275946428655566,0.0625208369321483,0.0373626146986722,0.520816458145503,0.350494973299429,0.271144542522403
1756.in,1756,1.00000000094122,-0.246074422329672,0.244606592624149,0.249351865476452,0.291610956214496,0.0864519634394658,-0.0261917491061419,-0.254441543379093,0.0539683649598046,0.0638853108769225,0.535031236124667,0.369913756527045,0.296817220032581
1758.in,1758,1.00000000127845,-0.0769777249594074,0.0899198115055268,0.368162492418154,0.146228185020565,0.118679500090728,0.0548492589158071,-0.196422597793943,0.0166361896219142,0.142261089830926,0.532457961027408,0.368965897582538,0.176989420288137
1760.in,1760,1.00000000067088,-0.170609867521913,0.1216359019692,0.329631146418244,0.208798568504922,0.0542565541908816,-0.0012724199696878,-0.235580099916746,0.038662095807329,0.0965213843628192,0.553225094860286,0.388835410799724,0.227268443435741
1761.in,1761,1.00000000129461,-0.29724692642461,0.147858703616897,0.32957955508447,0.219476936322411,0.0392502420539375,-0.0676685277766567,-0.27751494585299,0.0646613489932424,0.0304175916205125,0.565416749935149,0.396077491086901,0.247272429436849
1762.in,1762,1.00000000085137,-0.248128521656291,0.186333572407314,0.295907092126767,0.266960667677146,0.0112313955363415,-0.0289283425505988,-0.253976083898411,0.0517961956561214,0.0599106930820893,0.577112213138962,0.413896257288959,0.272832038357236
1763.in,1763,1.00000000164194,-0.124311075484017,0.026847159486833,0.140811456971113,0.228859209445605,0.172702919253569,0.0418992411709986,-0.266263097931114,0.0281792493180335,0.130932092668706,0.338367436821163,0.204804851460497,0.158283205987034
1766.in,1766,1.00000000143146,-0.153996265811881,0.108193604797662,0.0814050872167986,0.322131815578589,0.0879400663067742,0.0410934564491314,-0.271119454858752,0.0320592406769122,0.117855836884192,0.373206847332292,0.240295624097013,0.222574324560024
1767.in,1767,1.00000000115308,-0.294970842551755,0.12539083554085,0.0640650979201422,0.34114668767944,0.070893947834694,-0.0425311127665648,-0.323873614949845,0.0650417012292279,0.0479166827605387,0.3781267088969,0.25384345348271,0.241476093841084
1768.in,1768,1.00000000102413,-0.240162988667174,0.154032914486619,0.0624228308670972,0.37039675098777,0.0517069695535478,-0.0087787364451829,-0.301244754510648,0.0521960545842587,0.0823146620081383,0.400976615461932,0.267147202891739,0.263332856806774
1770.in,1770,1.00000000122938,-0.0819167106665639,-0.0049315972274113,0.177016936321886,0.234561162896936,0.0669468079097223,0.072743424345708,-0.24644261799354,0.0170753505466282,0.15274309643811,0.396093531409522,0.257372689003213,0.147917479013294
1771.in,1771,1.00000000122428,-0.210363867676298,0.0346219326778499,0.155004835306084,0.264140441964086,0.0546564724285479,0.0027010757636232,-0.292036201625122,0.0489560935186627,0.0902304374579423,0.401542202936374,0.273612084291869,0.179997198453622
1773.in,1773,1.00000000098854,-0.304563353654676,0.057313880639931,0.12596962012748,0.312341363674117,-0.0151076655484714,-0.0417576828898541,-0.322155253781721,0.0652656368028168,0.048749930733952,0.431651350602304,0.288702371565349,0.211502230844226
1774.in,1774,1.00000000099721,-0.238376381999056,0.0860159906121151,0.105003039409691,0.357181052103945,-0.0468692323029755,-0.0084667012553161,-0.308164304968415,0.0544217808737034,0.078986996755914,0.436482671374993,0.29925465099014,0.237233458566842
1775.in,1775,1.0000000013995,-0.13431695418153,-0.0809079745665329,0.239482692136557,0.184363548637176,0.0216668276269937,0.0472404139915498,-0.265060944533911,0.0304720802892156,0.128530239177009,0.416105829130985,0.284647673988294,0.102106311078223
1776.in,1776,1.00000000122131,-0.0738056112734565,-0.0662909649149201,0.222845205413678,0.204960921929515,-0.020687583777146,0.0688603520753677,-0.250288439504439,0.0138986169219039,0.159186289030412,0.431241351936658,0.293481433983374,0.126839472996002
1778.in,1778,1.00000000103309,-0.157231645952596,-0.0210501811981884,0.199006709951826,0.260273133235077,-0.0692244187514651,0.0283633012908642,-0.284069976388384,0.0372497252336211,0.114979984551811,0.454478968798746,0.315713333107851,0.172986075287663
1780.in,1780,1.00000000115053,-0.257672974362963,0.031366024090389,0.150006229094425,0.321817014415221,-0.114386498794748,-0.0138376979212198,-0.307026621933821,0.0563436125540011,0.0713644261547156,0.483888840629498,0.335713846730289,0.214535011089733
1781.in,1781,1.00000000127774,-0.113706025196259,0.0871505796393358,0.191924658132458,0.196930288555588,0.266185091472296,0.0470605176849881,-0.261637842294223,0.0213264498523873,0.133936533660702,0.374113719793319,0.241778299919685,0.183343498291887
1783.in,1783,1.0000000013287,-0.213354717107106,0.13762950939618,0.157249162125332,0.257222643654775,0.20049295502401,0.0121354198838673,-0.29170147906404,0.0476301518314536,0.0948134551597436,0.403167537971244,0.2664709378543,0.220953699146847
1784.in,1784,1.00000000117485,-0.148826008068792,0.148803119614385,0.13469709891934,0.295281244358872,0.160530227408592,0.0379489239254694,-0.274701930719758,0.0316831911592758,0.120839128690473,0.414957743234219,0.279241183357107,0.237982767025724
1786.in,1786,1.00000000084043,-0.244247145739414,0.192481563566011,0.0987848335240281,0.34910129194571,0.115742844312551,-0.017694126709329,-0.300229667843434,0.0504706938744547,0.0744813893953249,0.438198865334189,0.308398930935133,0.285366795720509
1789.in,1789,1.00000000121953,-0.212354931864625,0.0732326982843229,0.210506833423297,0.234307109620453,0.122066262685219,0.0063278472346866,-0.291826155902709,0.0461609079243178,0.0929401479676566,0.447349776047107,0.299901254802706,0.196613278358816
1792.in,1792,1.00000000126321,-0.242797608155536,0.145087325645185,0.157291597312464,0.319345520339799,0.038757952228757,-0.0196493866601146,-0.304037056308028,0.0545387469824436,0.0775421599142194,0.482147526216721,0.348958064005642,0.26719604982111
1794.in,1794,1.00000000097617,-0.082256196489404,-0.0010947774363794,0.277937457890706,0.182982004316928,0.0747914108195146,0.0669569058176835,-0.247961993521548,0.0179117378968175,0.158499286843603,0.474654849150392,0.324229960014163,0.156271388256032
1795.in,1795,1.00000000079932,-0.221897234300225,0.0077178842314966,0.263691089514884,0.210524097039676,0.046994864828077,0.0034667422176948,-0.297718795185124,0.0506977968691046,0.0897177772689765,0.481259126734188,0.339394811341993,0.165933052811821
1797.in,1797,1.00000000117813,-0.291877125311567,0.0558656212579948,0.224061343088664,0.259293596407936,-0.0115248373943383,-0.0414743934223616,-0.322675801175095,0.0658440346422844,0.047971523035625,0.499151009642319,0.3682671405894,0.210779402315683
1799.in,1799,1.00000000114318,-0.123414054333,0.137884286027984,0.245927944210938,0.172347516051204,0.330217997644404,0.0439745949361942,-0.264747021946103,0.0266493912585861,0.133953173219244,0.422364727000642,0.277822211072324,0.205745207251257
1801.in,1801,1.00000000115911,-0.217813605239833,0.192492747547113,0.217014901236058,0.238563935118727,0.278180336835251,0.0128658004593234,-0.290650517066633,0.0495556633487697,0.0958537180434117,0.452196694037362,0.295941430978716,0.244137038196221
1809.in,1809,1.00000000118547,-0.287233647108183,0.177114568963451,0.216996924986085,0.262103812528289,0.139153335866167,-0.0379729688946206,-0.32116751728417,0.0627323815865312,0.0527516365584987,0.500890123825608,0.365544829136098,0.269425753788432
1815.in,1815,1.00000000093553,-0.297297689990136,0.114225995849515,0.269318262022375,0.241087749080061,0.0665810671938454,-0.0396694480800673,-0.322049522434776,0.0651652925233345,0.0467515643592374,0.543732685424313,0.400513199098129,0.234245588221153
1818.in,1818,1.00000000113186,-0.0861698867838163,0.0245615650252089,0.0815454032605779,0.273934715777766,0.171600258445606,0.0985674422495573,-0.295095135585252,0.0192215787595735,0.169384333240551,0.33898767561087,0.217001629835078,0.173230888602981
1819.in,1819,1.00000000073713,-0.191248750608198,0.0249306603487605,0.0743198988479422,0.294082683918389,0.15620326017235,0.0161872545185654,-0.350928971661226,0.0435471582331705,0.106578139660802,0.344503454501451,0.233268048119471,0.19068740042042
1820.in,1820,1.00000000104473,-0.164859630384431,0.0618229532881306,0.0395538222481201,0.331674552609192,0.118897779011431,0.0468336562907799,-0.327118343232508,0.0384004083794902,0.120989268885833,0.355025808112443,0.245848890407254,0.214023814078577
1821.in,1821,1.00000000109377,-0.288361547024074,0.0836704770344876,0.0245598498469706,0.350938679735349,0.0983251422523414,-0.0159315723108739,-0.371265832662562,0.0635026057957993,0.067386540722283,0.360153012234091,0.254693217643052,0.236198296296391
1823.in,1823,1.00000000094725,-0.117734639349194,-0.068095483854559,0.154571629815049,0.208234530275522,0.129852371678189,0.0680908730643776,-0.320655309293576,0.0305431293754538,0.143813814038022,0.357799197172011,0.246532480047967,0.129012384926823
1824.in,1824,1.00000000108676,-0.0756033755335701,-0.0413385504699495,0.135965180066274,0.242258290709158,0.102494169591626,0.099225828286013,-0.290540963266872,0.0160433150241852,0.170922180597325,0.383223408049971,0.256696630810615,0.14640416262948
1825.in,1825,1.00000000125821,-0.212579863897482,-0.0089525819676897,0.110855768753521,0.2683694194508,0.0735457702261167,0.0351893116939554,-0.342473635401839,0.0435076353676619,0.108960858150093,0.378634172222705,0.259426431244986,0.165249541663638
1826.in,1826,1.00000000115145,-0.164678482063544,0.0116465050160582,0.0879341345857474,0.309559907702366,0.0503214406789142,0.0422802462666142,-0.330994541582455,0.0384635674733701,0.122249283226171,0.393440597326189,0.274795511931174,0.200098199218902
1831.in,1831,1.00000000103102,-0.21024277061277,-0.0886570791004095,0.175071248918694,0.243355521484169,0.0050599719473467,0.0173323872713444,-0.34378563820203,0.0475011921061708,0.104599388335737,0.428619661506207,0.308030235971248,0.138128730978632
1833.in,1833,1.00000000117715,-0.298304608040636,-0.0399246281739565,0.1299881632322,0.301648373057558,-0.0574178766571491,-0.0201711100801881,-0.373969714906038,0.065354398889909,0.0641919318001719,0.445368718977982,0.327082117142328,0.185025359849658
1836.in,1836,1.00000000125938,-0.0853796187304801,0.0815230543950945,0.131901455152202,0.24854499034775,0.24735422157462,0.0972625267634793,-0.30069526901637,0.0187282128861989,0.169565501120309,0.378696431275948,0.251271973165432,0.204045828987276
1837.in,1837,1.00000000147064,-0.207259066368904,0.0945223118847845,0.105612079287033,0.269922793387539,0.22695250279534,0.0227319507921279,-0.3441396327115,0.0463566304647588,0.105615935701851,0.379050032642258,0.267224769949035,0.222509571722508
1838.in,1838,1.00000000079286,-0.1549040543154,0.115658133730107,0.0912906581015998,0.297400948902037,0.20850757187082,0.0471366844873395,-0.321909642751734,0.035566442421275,0.135156864646331,0.396111596714148,0.27770380410665,0.24161155688102
1839.in,1839,1.00000000082119,-0.290393399543219,0.134445934508998,0.0823789659112186,0.318846040810378,0.180834984794288,-0.0236621008260415,-0.371345092736829,0.0610529919934644,0.0660644552321159,0.409849371028426,0.290890183370222,0.264642268794983
1840.in,1840,1.00000000143312,-0.240309365789083,0.173826342624953,0.0492709931368087,0.357623916726833,0.141602669378016,0.0126888065717843,-0.355444866487567,0.0557495821530938,0.0903092236986654,0.410416050839644,0.304870214222567,0.29314313353538
1842.in,1842,1.0000000007512,-0.073792740227914,0.0152316362289943,0.182490346007166,0.221331996864547,0.170607642580858,0.0940411084813693,-0.28779130093736,0.0140314371345156,0.176872976024164,0.423447452439361,0.290370279921197,0.170917809236613
1843.in,1843,1.00000000074339,-0.217407866114161,0.0280422094161742,0.177621999509797,0.236700366382606,0.148855229035443,0.0193720351259468,-0.348061185903508,0.047263970256587,0.102916546398933,0.422947941753243,0.29928640236897,0.196299543750642
1844.in,1844,1.00000000117764,-0.155295158022991,0.0551532144851496,0.155012608633082,0.268932466803209,0.117351955633527,0.051401353485758,-0.323985733169006,0.0359895518291626,0.127774379928708,0.444238809439328,0.31807154943658,0.212136640607348
1845.in,1845,1.00000000087875,-0.300225359925611,0.0741119581265452,0.134059827100459,0.300090259812393,0.0982669176682249,-0.0224372459827737,-0.370625482388663,0.0602839026005418,0.0577326077980075,0.445645889242217,0.330071405462449,0.229642798800134
1847.in,1847,1.00000000079721,-0.128504516284345,-0.0712013527034478,0.253793272105963,0.16212071745869,0.13459836359076,0.0622587948398717,-0.318117301906898,0.0281427357647196,0.141866902486986,0.437731810171336,0.318572703864514,0.117922198405992
1849.in,1849,1.0000000009037,-0.205287962787918,-0.0248859253410743,0.221165740413818,0.214071347391017,0.0744761810466611,0.0279705947699815,-0.338928240091284,0.0450184345605251,0.10851686510791,0.471001003913692,0.344426578757174,0.164767069943977
1854.in,1854,1.00000000078705,-0.0804755606480987,0.130668887747731,0.179083228275185,0.223813448596396,0.335097867942205,0.0975133902438771,-0.292758240368522,0.0254035480141984,0.167216260202868,0.419226469506193,0.294441104274212,0.224383535060694
1855.in,1855,1.00000000096945,-0.210858572942394,0.144672190421204,0.170305752220494,0.243428520900145,0.305278485314727,0.0185953028021936,-0.344992789698059,0.0480879997393424,0.105658321688646,0.423582278911129,0.299879089691682,0.243422695390752
1859.in,1859,1.00000000103273,-0.130809665503965,0.0416641611047939,0.259936625870322,0.16195745189096,0.283203601743915,0.0682747164748217,-0.31336899161374,0.0296346149371271,0.147607833907414,0.442006146777309,0.310310193159701,0.171623342215693
1867.in,1867,1.00000000105506,-0.203698766647885,0.0215351749597678,0.289632949314996,0.178098729247073,0.151754410254371,0.0215895258659457,-0.347084263037761,0.0456989324174137,0.105956244734865,0.505944732933979,0.377521915404082,0.189113134986024
1868.in,1868,1.00000000115513,-0.165098526187932,0.053799392238707,0.254205124018532,0.226753275160024,0.119507296037915,0.0554625887606931,-0.323447727747685,0.0348360942726257,0.128618788820055,0.524173241343439,0.389114040705277,0.211115806576835
1871.in,1871,1.00000000114313,-0.12305631659622,-0.0397290373865669,0.0651647985099413,0.246433053830614,0.238604448680584,0.0822285149921336,-0.368045775221759,0.0243819212795239,0.159379034590712,0.300825996712101,0.20964772079168,0.144732208208504
1873.in,1873,1.0000000009082,-0.215968374949066,-0.0061097355483954,0.0266496336414352,0.301148773535907,0.195279545547661,0.0469924418512332,-0.396251263180648,0.0462145143503516,0.114069989226291,0.332276635401209,0.224682243089052,0.176405178941178
1874.in,1874,1.00000000074562,-0.159725264535468,0.0246461771227781,0.0018493439719326,0.341283019306748,0.156567640746608,0.0752953875987835,-0.369301114968359,0.0353276466951435,0.14111725763211,0.343173760236433,0.245312692662318,0.209938493579742
1877.in,1877,1.00000000124446,-0.120235283668321,-0.104468175167544,0.115537367937644,0.21587115452015,0.162679482895483,0.0765135097175723,-0.361527114571554,0.0268556104058942,0.155410468556336,0.350241433916192,0.257861833590393,0.121317934768606
1878.in,1878,1.00000000070843,-0.0849033836999838,-0.0930125904200904,0.100335183916112,0.25887426570261,0.119488242610069,0.119243250974507,-0.344758559218943,0.017249944936708,0.187584509607848,0.360987578011024,0.253720804926877,0.134752097392691
1880.in,1880,1.00000000086951,-0.15623884098168,-0.0293097913067438,0.0478747893722311,0.312695968209358,0.0693824398776182,0.0688904190673263,-0.386917921998408,0.0330476934210003,0.144145574920548,0.367906307705735,0.278467257834024,0.195592319109403
1882.in,1882,1.00000000136087,-0.235330480412301,0.0093845360028112,0.0184097089374552,0.361573191527735,0.0251574262684802,0.0301373488519969,-0.399201170267394,0.0505834312951172,0.0997748758459088,0.402065517825084,0.308159937430024,0.227709159275413
1883.in,1883,1.00000000085913,-0.12348636695423,-0.180743722082535,0.162292413683432,0.195773492302325,0.0729053442154247,0.0727161059319511,-0.365781712223642,0.0253651246376435,0.157163416298276,0.386369983266693,0.287490077910332,0.090364598308451
1885.in,1885,1.00000000090458,-0.205912478991581,-0.129563948562723,0.12913212819606,0.250706018879469,0.0295399911027547,0.0469454317218249,-0.388098710462841,0.0461177004470114,0.121718540382775,0.411944144193479,0.310961623946698,0.124936142813225
1887.in,1887,1.00000000112664,-0.282060511418201,-0.0860736407011542,0.103102337783844,0.304054772864033,-0.0338336709644298,0.003541887386088,-0.420240748671826,0.0619548276514018,0.0766143990510542,0.431053994492403,0.331706300809631,0.170361288270405
1891.in,1891,1.00000000102099,-0.217148436030652,0.0548465670713235,0.074365333746932,0.274245565140612,0.264131422186244,0.041373061556191,-0.392155746992155,0.0463443793262919,0.114593048547077,0.366478328757261,0.267102630751715,0.212927090412372
1893.in,1893,1.00000000099139,-0.283259446018644,0.0967636579718776,0.0393316126048081,0.333110336602534,0.208055293165014,-0.0007797155108816,-0.41438604401242,0.0634875135119068,0.0714015156584185,0.392164368928485,0.297360015750249,0.255699355873265
1894.in,1894,1.0000000012246,-0.246084009972808,0.131881225407358,0.026906648250648,0.364519021614578,0.176765915875631,0.0359856626429775,-0.406162855794994,0.0514255001276485,0.102565025342469,0.406090278527169,0.2979225757257,0.283745579025435
1896.in,1896,1.00000000109888,-0.0834166254464102,-0.0223119582544589,0.134318902616185,0.229036131601468,0.197567588231236,0.102625857557567,-0.342280636874529,0.0197426865375013,0.178689227115442,0.401446659743271,0.297605596872252,0.167628104559922
1902.in,1902,1.0000000009286,-0.080201502958596,-0.0906782208605503,0.191898315968903,0.20165237010315,0.122295757591417,0.0985054321870931,-0.351571158277457,0.0175259215841609,0.180371974465483,0.433067275062117,0.339047801255392,0.144924944513321
1904.in,1904,1.00000000116867,-0.152079692503842,-0.0421377412895818,0.155482242845731,0.252444097982559,0.0731078819623808,0.0627132629948062,-0.373282414335556,0.0303061666451981,0.144682377476025,0.461616384806115,0.362823751333388,0.186215593554462
1906.in,1906,1.00000000107752,-0.244238620507613,0.0048136970539335,0.117782059704617,0.30322296757058,0.0142164677350409,0.0215969010938833,-0.404289685166314,0.0518051245081827,0.100134603481772,0.48671723532796,0.373926280894417,0.233812685943754
1907.in,1907,1.00000000082777,-0.119487647916273,0.0590369393293477,0.164332262180656,0.196462876192527,0.385644058273034,0.0837118168528256,-0.370437774058745,0.0272019290878303,0.162396224873553,0.379929070223748,0.281167452099905,0.198601903250506
1915.in,1915,1.00000000079093,-0.209211007188454,0.0481837623124625,0.184692124188187,0.213976891973322,0.266322244843388,0.0385282796992504,-0.396062027893066,0.0491268228225308,0.106662647555958,0.44793943705208,0.339971423143384,0.212608859125638
1916.in,1916,1.00000000109204,-0.157668861597055,0.0837049289423069,0.154447417677087,0.264097804002816,0.22987804084899,0.0795540727964749,-0.37185391325364,0.0363687211207465,0.143418975775707,0.459437786547893,0.353145431409685,0.23353233633345
1919.in,1919,1.00000000115295,-0.140231954797863,-0.0535034717753994,0.261427717983407,0.139868388688942,0.249229593769107,0.0851493673028621,-0.359335245830126,0.0262826964982984,0.153850415952315,0.471213113080744,0.355063926791721,0.13038787595623
1921.in,1921,1.00000000085006,-0.20467444648417,-0.0030322241179434,0.23179671685994,0.191323549711466,0.188578673999586,0.041622934654055,-0.398142124651,0.0467754946262998,0.115047489385661,0.483691208813968,0.374593686923987,0.192323219521169
1922.in,1922,1.0000000009816,-0.164054947834256,0.0210828093346918,0.217172739856164,0.226721195843257,0.158597494135719,0.070743642883674,-0.373237778645114,0.0362281960123425,0.1433160684247,0.512832381740935,0.393864250112802,0.20972295714824
1926.in,1926,1.00000000117817,-0.0517312564359264,0.0528440395297575,0.117602216243451,0.237174533050903,0.142385809450094,0.0064125916355327,-0.274707460234208,0.0109518487483627,0.169507370472785,0.33425092839371,0.228048965265208,0.241549330363791
1927.in,1927,1.00000000132953,-0.171590728768503,0.0621590679731468,0.0974868338949737,0.263071715966535,0.113473851030729,-0.0645962545041676,-0.326569831785958,0.0437380481575712,0.105559980639255,0.331921176398,0.242207903701393,0.263787702573441
1931.in,1931,1.00000000125908,-0.0998283803456314,-0.0319032847210015,0.204030034135105,0.175323841501291,0.0984445902890737,-0.018952934265049,-0.284644601194663,0.0192230682749729,0.145745836715203,0.369233316954873,0.260645400830723,0.191539230320591
1934.in,1934,1.00000000119407,-0.119909793943402,0.0297912084828659,0.130659905918182,0.266680177334517,0.005089645621065,-0.0428927385864496,-0.30606778453065,0.0242973642355369,0.130352380445093,0.393283149302372,0.298297199129477,0.26023645339588
1940.in,1940,1.00000000071709,-0.121452238599643,-0.0222729289796092,0.189716249063042,0.242513755381038,-0.0796592258822053,-0.0342547815547413,-0.302714931886833,0.0264614159434649,0.134002581214406,0.440695110127533,0.328278270060164,0.233240155496389
1941.in,1941,1.0000000009866,-0.266716686144101,-0.0126372225506489,0.170649924095875,0.264148462954407,-0.0941962764396018,-0.115276441979234,-0.352508279382558,0.0582212928324139,0.0614952388876827,0.442964760307731,0.342763108608823,0.253327058685058
1942.in,1942,1.00000000144205,-0.196493656690397,0.0244106919057212,0.158495176577985,0.291107464818063,-0.1234560849481,-0.080165132875608,-0.328774553473721,0.0409369642603679,0.0949276130495038,0.464781584327595,0.360368438228484,0.282692976529291
1944.in,1944,1.0000000011311,-0.0468931927750561,0.100438243915607,0.159644222190091,0.218939995231724,0.201145477227161,0.0040116488479228,-0.277599036092577,0.008981225427898,0.172501995602126,0.366483112992611,0.267750976717394,0.271214207874183
1948.in,1948,1.00000000086353,-0.209613313386063,0.189420005900322,0.106132923031375,0.321856957015993,0.109057185557585,-0.0891608645380536,-0.335449577327218,0.0441662605901512,0.0880576030782618,0.416877149624978,0.313771839150651,0.355886862484668
1949.in,1949,1.00000000140169,-0.080286091907188,0.0226260880929668,0.235858147356961,0.154290700072883,0.158259359513144,-0.0158692774552176,-0.290282159002645,0.017422672001671,0.150790929702085,0.395578534005208,0.298999637936099,0.222161430657388
1953.in,1953,1.00000000115368,-0.265954772555594,0.108120766904595,0.174713107345695,0.263434068639228,0.0563065591872859,-0.107473368399991,-0.347527338485616,0.0599532427212191,0.0574048983810883,0.445836699156561,0.338433959827141,0.307286560672175
1954.in,1954,1.00000000140899,-0.204717488846625,0.129357206558035,0.155160814521694,0.296807895791321,0.0110799560971598,-0.0700468706755411,-0.33201559693326,0.0454508551590899,0.0936159894980518,0.460866457526067,0.352148127722943,0.330610166623782
1956.in,1956,1.00000000092621,-0.0423823370163557,-0.0321501687984778,0.267837460266325,0.15884543409496,0.0405614240541792,0.0061219406938531,-0.278646623363535,0.0098016061548061,0.172045984567818,0.456411307359596,0.345768553586077,0.212399910038457
1964.in,1964,1.00000000089088,-0.120926537772455,0.19268627281012,0.180956066500186,0.237001815153056,0.237370183439067,-0.0359563465812353,-0.306232069977146,0.0308743002063624,0.135484713980327,0.434202649369618,0.33669841297336,0.339821827194308
1967.in,1967,1.00000000096743,-0.0900768796391944,0.0640869557446293,0.293620562851694,0.127735921893148,0.23182389060153,-0.0219827638848716,-0.298891120077707,0.0205569162868384,0.148352759981028,0.435336226294713,0.325563271322493,0.24360914693782
1969.in,1969,1.00000000078755,-0.177750632453422,0.110642824615911,0.256463630468073,0.181922694139898,0.185801926434704,-0.063635167681794,-0.32152007842713,0.0402859163322894,0.104860409221217,0.46924517505636,0.353243452385298,0.283862379619912
1971.in,1971,1.00000000079442,-0.246132641383901,0.153297697343381,0.225196103800872,0.238033260984772,0.130985482283677,-0.0982104374234452,-0.349742579336048,0.0544939067126035,0.0715823839567467,0.483055648953208,0.379902805703526,0.327367338780928
1977.in,1977,1.00000000099335,-0.260911580489347,0.113138413548225,0.275690497842115,0.206136208195789,0.0709745503907245,-0.109765712438962,-0.347782756949585,0.0553752538626969,0.0657442584303426,0.528769245385243,0.404288643119054,0.309452054000545
1979.in,1979,1.00000000129888,-0.0864710632707765,-0.0047403421194968,0.0897785406782083,0.213182762587292,0.196220387760189,0.0082029262088381,-0.339541198288953,0.0200171502654234,0.164221744591529,0.302852807496871,0.220678769212228,0.214287829570497
1988.in,1988,1.00000000096206,-0.116417953760902,-0.0096125932311555,0.0983439420716877,0.273807751796165,0.0423977679559594,-0.0190244974239148,-0.355745286159967,0.0268199614116455,0.146962913618465,0.379609908998222,0.299277401450821,0.262102788899175
1997.in,1997,1.00000000137609,-0.0884864727864559,0.0315619940028397,0.144252093836822,0.187339242396409,0.277533851378939,-0.001616400048259,-0.341639677519249,0.0183770880878924,0.158873395385732,0.340868147072298,0.259413823144443,0.233259588279237
1999.in,1999,1.00000000127427,-0.178321360903281,0.0808828216988043,0.106148504053563,0.244683975144921,0.214248289018099,-0.0451314565512661,-0.376145641110167,0.0398611664188645,0.115522728207455,0.353630295974412,0.278533964670822,0.282792989775598
2000.in,2000,1.00000000101043,-0.129879700867945,0.10027382549392,0.0903238520016317,0.281379801517465,0.184694067897404,-0.0203637085525506,-0.35995335801956,0.0301445986893561,0.137099844742275,0.370854992679392,0.293627535269938,0.309861895492247
2001.in,2001,1.00000000075366,-0.262272506823318,0.121084871891916,0.0800636807829114,0.300331386213156,0.160158408676118,-0.0885800450955886,-0.402590519602674,0.0573591055591539,0.0759150612884184,0.387095435082014,0.302451758492606,0.324055783879812
2006.in,2006,1.00000000122546,-0.123525558536834,0.0597679147647402,0.133997519045927,0.249372839962717,0.107291460174327,-0.0245442418385224,-0.361548688441265,0.0259709321928232,0.143741777707071,0.40747667717065,0.333038513042887,0.292308296399249
2011.in,2011,1.00000000085258,-0.184271661878858,-0.0340303712203024,0.207310139179389,0.196095442612003,0.0638094909199143,-0.0450488987583373,-0.368206831633451,0.0410482377724397,0.114574556141873,0.4416579239519,0.355281642059254,0.230532992107036
2014.in,2014,1.00000000111465,-0.214188679996988,0.0381384922664027,0.166663923450768,0.266390673421479,-0.0189788110726508,-0.0689527788098623,-0.388757424665706,0.0466816095140396,0.0965058721440965,0.481296616061083,0.392432236857514,0.302992998954032
2016.in,2016,1.00000000089017,-0.0404292607115062,0.100943123936898,0.177595187157865,0.193967293736172,0.312529373430683,0.0210268184016426,-0.326496356456506,0.012553477319161,0.177744015941976,0.394769843938724,0.303736485334329,0.280552059386118
2017.in,2017,1.00000000096884,-0.173974940080435,0.134107009835975,0.166767819735583,0.212532870635692,0.296950055224592,-0.0491740138305625,-0.372024851405601,0.0366659980774425,0.112421665165868,0.405429361476554,0.319106604623386,0.309255226016147
2023.in,2023,1.00000000108886,-0.184471277893073,0.0832703787861308,0.210932834776017,0.199521881418153,0.219358630522186,-0.0449111801646416,-0.376553187346523,0.0361455780942084,0.117856463686313,0.43661489188295,0.351851056358861,0.286863782382882
2024.in,2024,1.00000000097057,-0.122403452728172,0.104143339770969,0.192336402498545,0.218556092999612,0.188316551876207,-0.0184065045520348,-0.352802338073184,0.0242825959930509,0.148642211485313,0.455103553645067,0.370811883695286,0.310826749431904
2034.in,2034,1.00000000138428,-0.041625952689375,-0.0318514120841571,0.0210750017593173,0.257468905090255,0.194159879562942,0.0362637354140441,-0.378203285260722,0.0113685629437895,0.195047544640319,0.286820186169263,0.239037686068942,0.235681088104608
2037.in,2037,1.00000000130821,-0.249703397415913,0.0359414673862237,-0.0014372099820362,0.324587235122723,0.128751324055389,-0.0650532826215297,-0.444795386848838,0.0563020975045334,0.0885919260026433,0.332804438135143,0.270184515474166,0.290799244355106
2038.in,2038,1.00000000089168,-0.202286550193502,0.0527042670797499,-0.0363165666235118,0.363089879013833,0.0953549207538391,-0.0498982423417413,-0.442777461051324,0.0446254463487103,0.116520101899908,0.333103750878549,0.289468595415276,0.325737274259262
2047.in,2047,1.00000000080329,-0.172477488103998,-0.128910336227504,0.129264407360848,0.223605714738429,0.0250504379232,-0.019944565047469,-0.418645172779445,0.0371865371929866,0.134267177629143,0.391300686311868,0.326759642412756,0.195387295281635
2050.in,2050,1.00000000106295,-0.209581083762681,-0.0440478053090204,0.0671782305089314,0.306626372314968,-0.0576714610472979,-0.0561539239549241,-0.444395963701495,0.0483448888396498,0.103961231595136,0.414015400148338,0.362105824193921,0.278784521786405
2055.in,2055,1.00000000090796,-0.260043293625567,0.0824700636978958,0.036822571219729,0.306397122715759,0.195612028721695,-0.079232604682407,-0.455580057630214,0.0588205686060202,0.0821406302086629,0.365156132584382,0.309963064373511,0.319841387796069
2062.in,2062,1.00000000123838,-0.204084697461848,0.0507263524904971,0.0827057900169706,0.312443697293616,0.0960353579410074,-0.0454646437561467,-0.432142229627701,0.0484132615454742,0.109758191020266,0.418429382334811,0.358821009193221,0.317278739572935
2064.in,2064,1.00000000150632,-0.0430899343161386,-0.0933352046153148,0.19844071400875,0.166603174244862,0.120662587633885,0.0437922416421343,-0.376165998217092,0.0114988876615119,0.193817213036828,0.422653517358049,0.342166712318461,0.206526371081657
2071.in,2071,1.00000000089825,-0.174038934782262,0.0940724256838451,0.119455665349187,0.223232649215147,0.319570970381795,-0.0358131923229442,-0.424268639717642,0.0356490875587811,0.12619922076477,0.3808295464985,0.322065314967387,0.305862213130272
2072.in,2072,1.00000000117374,-0.120615337467441,0.12233848859909,0.118592733161641,0.254109499341106,0.287257780676771,0.0061464407624854,-0.404508881898137,0.0285205473604146,0.161818356692806,0.401988220052465,0.336406297893419,0.324009845298186
2073.in,2073,1.00000000111846,-0.259185562099198,0.131490149217356,0.0908457017950308,0.270063565816365,0.283065072827696,-0.0737708700614677,-0.450092689646545,0.0558789302823906,0.0856663488640481,0.41526600380099,0.344223418111241,0.337710939324947
2074.in,2074,1.00000000098676,-0.21815263813314,0.162963965438181,0.0670102387693232,0.306681236631133,0.244353898655847,-0.0451097637959754,-0.4337281846857,0.0440063786123499,0.117513365176097,0.425579160966919,0.351039177379728,0.365233896215307
2075.in,2075,1.00000000107722,-0.0924264418917746,-0.018627750426034,0.207032557435826,0.137190860317757,0.305068622258864,0.0152619319631175,-0.391263906782673,0.0167566721965469,0.172440731932743,0.404685909205679,0.334422329840866,0.227174673503089
2077.in,2077,1.00000000123775,-0.174510261980387,0.0427337889851735,0.17922929892631,0.199154125433287,0.250253364979009,-0.0303026909153858,-0.420847791797785,0.0381300453493256,0.131291032728653,0.431419112993631,0.360957238688858,0.280990644648311
2078.in,2078,1.00000000122514,-0.123109601611508,0.0628616120978747,0.160223693600558,0.228034155089757,0.225765100680753,-0.0129708472442097,-0.40516399059726,0.0282950048953192,0.150246259030103,0.44324329193708,0.381919474081643,0.304302839014764
2081.in,2081,1.00000000096752,-0.0889437626886744,-0.0752589505222052,0.272675350520975,0.107750982398513,0.214420954768938,0.0239129666685521,-0.38819777016032,0.0171272442646444,0.17592680768074,0.447938568932737,0.37217814691675,0.197085972737933
2082.in,2082,1.00000000108998,-0.0386967075205527,-0.0470271580202753,0.241543703861396,0.151967075999291,0.182753322039325,0.0497242852124876,-0.370077633451309,0.009360696118245,0.198808650909773,0.46237187611249,0.383895532226727,0.21996373588703
2102.in,2102,1.00000000086016,-0.117899290368508,-0.12971117129255,0.0708595006480481,0.265858162279482,0.0281088856742029,0.0248207759612457,-0.445302334877721,0.0279983319945265,0.168011241889228,0.38862280223165,0.338476753948914,0.219724952581217
2110.in,2110,1.0000000012757,-0.21589817498358,0.0729094173980258,-0.0247272522245647,0.352546871619207,0.197291885075864,-0.0207060376588387,-0.482155859963775,0.0507798127689876,0.121842229729116,0.361736427624043,0.321259119365144,0.339179108950437
2117.in,2117,1.00000000094442,-0.0814792648662477,-0.166985325631368,0.177725249444559,0.147521356867855,0.184938042675514,0.0291412743219898,-0.442566182122887,0.0158120203780222,0.189841974123144,0.38830796581139,0.340457115942529,0.173082902096834
2129.in,2129,1.00000000104525,-0.102124721666656,-0.0380140400655061,0.170716047491872,0.153127607274615,0.331596439570333,0.0359167351366968,-0.446165362332679,0.0252269278789919,0.178784531984536,0.384942918475974,0.328800729961055,0.231423478723353
2130.in,2130,1.00000000087996,-0.039803332455582,-0.0230472183518635,0.146247355882053,0.190834790242469,0.299389272937621,0.0634069375729074,-0.425540022804575,0.0068851231689704,0.214210357741245,0.401465117250623,0.347443721182779,0.254656459573819
2136.in,2136,1.00000000113484,-0.0439541234221561,-0.0774931885943072,0.20166206683333,0.151633955602731,0.229006825640908,0.0602752490547675,-0.426090470746944,0.0118473412660807,0.205912608149983,0.442126113263872,0.387626956597341,0.223011803486846
2139.in,2139,1.000000001113,-0.0702245288769485,-0.027900605482032,0.0891287022253181,0.185075786948641,0.188512501268587,-0.0732771528858266,-0.377354374449269,0.017280460691474,0.167442471654551,0.281094449376113,0.238645939600661,0.279042612650853
2143.in,2143,1.00000000100881,-0.215950514580429,0.0512649924981937,0.0155680385999843,0.301693136464749,0.0785536382788506,-0.157182092577574,-0.431890698219855,0.0509724402477443,0.0853557509259078,0.323853205535225,0.28774879215532,0.356447761869344
2147.in,2147,1.00000000102526,-0.134116278802119,-0.0441932399650271,0.108368080499346,0.213958273512463,0.0495170746693082,-0.119266386170309,-0.40239053111687,0.0317139840467538,0.131299067702721,0.339341618596465,0.302345117666784,0.299638546463973
2148.in,2148,1.00000000091797,-0.0877405419245926,-0.0214937346418504,0.0899130454502101,0.251467907732464,0.0220767179544462,-0.0906652470089623,-0.380978898892751,0.0178461420807123,0.153395543900718,0.361361269662954,0.314821545422956,0.31903055506033
2152.in,2152,1.00000000088138,0.0010015192035667,-0.122064865191913,0.171701315717904,0.168361740836173,0.00272453048543,-0.0422617279373098,-0.356362130096394,0.0010574059466623,0.198005975173057,0.375746385659321,0.325597902848221,0.253165620175108
2156.in,2156,1.00000000075212,-0.188812279343244,-0.0411421536482403,0.116831918726828,0.278856834517706,-0.113631709532615,-0.13927038298555,-0.41789783027165,0.0426940268072479,0.106011975877571,0.411489870220531,0.37031801933539,0.338939821302004
2159.in,2159,1.0000000008902,-0.137888056779784,0.068887135105027,0.112879154242493,0.214581644324766,0.210932379712804,-0.113368507258222,-0.399634732060196,0.0309919264200393,0.13449852183208,0.34498716556248,0.300834737967079,0.343176990567159
2161.in,2161,1.00000000122023,-0.237127795597824,0.127904021376421,0.0817486511992514,0.271117418394755,0.158502608959806,-0.159708454831282,-0.431955042204999,0.0525489743875143,0.0826058594186867,0.370133567394846,0.321405829808442,0.39545095111753
2162.in,2162,1.00000000092828,-0.171985861040619,0.143352963733639,0.0543142823670962,0.303672265172041,0.129539218103214,-0.14285839610779,-0.41641738149092,0.0371366502052696,0.109266161547273,0.375370193370261,0.336032155947642,0.422855090935114
2164.in,2164,1.00000000096685,-0.0077740562274479,-0.0114910536552929,0.174172574272963,0.16796686433401,0.15832991524434,-0.0568841155716242,-0.35404637542926,0.0001109204700678,0.194974797857582,0.370860194418725,0.324205332841334,0.303656512874104
2168.in,2168,1.00000000120734,-0.180650431523141,0.0761786325773043,0.104962389425632,0.279868124798908,0.0328035642946909,-0.135120142160052,-0.41897774522743,0.0453785351013131,0.114198002999091,0.415677274991488,0.368282303581891,0.386536200014441
2171.in,2171,1.0000000008643,-0.144603291906113,-0.0508125089132395,0.21229598720538,0.169286648603261,0.0514589845490949,-0.116840285009,-0.403540576276161,0.035308576341839,0.12509716918475,0.424844007585133,0.374738244556499,0.293877932587588
2172.in,2172,1.00000000113422,-0.094404636799345,-0.0172930085692463,0.19654099318543,0.197170301474545,0.0228994938951166,-0.0984159241594076,-0.391242445013311,0.0179207420996344,0.153745293855655,0.438353728966102,0.387019242288827,0.324747672965233
2173.in,2173,1.00000000116325,-0.226373706658045,-0.0032933876480352,0.184259695238331,0.220070577572815,-0.0011119337465013,-0.162082295220594,-0.427867810371598,0.0487268270686173,0.0898489602105761,0.451225809307454,0.398716283690256,0.339715923539131
2175.in,2175,1.00000000150782,-0.052587970659082,0.0797100206874688,0.193854593482212,0.137091104384262,0.335434663665993,-0.0742594199774864,-0.36856043206397,0.0096306332534865,0.174848814372872,0.359273569426362,0.315275651255555,0.327277030487522
2179.in,2179,1.00000000111672,-0.230489842993754,0.171602102791903,0.127900836479845,0.246731855724077,0.226373446607799,-0.162578274310003,-0.431372661865011,0.0489425995865133,0.0874624411639559,0.401346702128921,0.354669136602786,0.4151230410816
2180.in,2180,1.00000000082067,-0.169200692339933,0.198029954154426,0.113281174710289,0.272102296010708,0.210689869885983,-0.129656334441858,-0.412586905634463,0.0382626241518971,0.109893828224187,0.41828988516933,0.370623413006301,0.435246356133039
2182.in,2182,1.00000000134194,-0.006288944081276,0.0444188099270286,0.225128398254787,0.141300616662912,0.220311166847349,-0.0471890693687253,-0.359937105742198,0.00364190275765,0.198395642438329,0.406953325995104,0.366052380417417,0.329060568521321
2185.in,2185,1.00000000080449,-0.22238979303799,0.106009601862424,0.182853961628613,0.214284044573221,0.151174081705801,-0.15680535307932,-0.43496843777303,0.0462064981619847,0.0941624402529542,0.445721466550466,0.387191151011353,0.387368638938745
2186.in,2186,1.00000000118758,-0.175379382996506,0.140268776614614,0.165538174337859,0.253989649320777,0.121363768856777,-0.130726820664875,-0.407280441894097,0.0342700944465729,0.119901434394495,0.464546957141718,0.410440027492098,0.413099334545982
2187.in,2187,1.00000000112362,-0.0501912607396254,-0.0317864443565843,0.302794384473253,0.0789265817320798,0.190504966567022,-0.0677185939402819,-0.368694162153465,0.0094947691105826,0.175481370535516,0.449195692952931,0.381096878660802,0.278768393506658
2188.in,2188,1.00000000130834,-0.0084623730227598,-0.006338155208807,0.279635308979085,0.116180487983922,0.14429640124711,-0.0465343247326277,-0.356671427880535,0.0028950857490514,0.201178660636073,0.452420059644097,0.399924009676052,0.307062448969704
2190.in,2190,1.0000000008027,-0.0944747617536207,0.028787420772019,0.244075184424735,0.171116794096634,0.0970073950015843,-0.0919584760104588,-0.38909557342164,0.0225118390396667,0.156287728358928,0.473818959905694,0.41861821419272,0.343081200256805
2196.in,2196,1.00000000077514,-0.0922297943855907,0.0026663827419567,-0.0019384514747071,0.289238331073849,0.125217746536656,-0.0711363223518274,-0.435066978610399,0.0205850178543547,0.165189345807965,0.29614583060244,0.274135956199519,0.342358429223711
2199.in,2199,1.00000000086041,-0.0574543057745443,-0.126091371969417,0.11157342232779,0.169416882038152,0.141556015993554,-0.0521472132744382,-0.425460639725802,0.0146826731107285,0.183457769153331,0.301337118872058,0.272163620140085,0.247810895820324
2200.in,2200,1.00000000080526,-0.0114944930525092,-0.0977984672512592,0.0777202995912082,0.207450181505955,0.105148465624001,-0.027113919405894,-0.405552013358178,0.0024667353091421,0.207518699373876,0.320767616842655,0.286969629525224,0.273550206291517
2205.in,2205,1.00000000127589,-0.0554038192265384,-0.180281181574831,0.155301271665024,0.143131922594531,0.0569959538751538,-0.0525957746363931,-0.422322686808837,0.0104292401358548,0.18940893195888,0.351057736946025,0.316196263954301,0.224984126132243
2209.in,2209,1.00000000115128,-0.213174498570573,-0.101787014724999,0.0927970542838209,0.249180579505645,-0.0515532144796744,-0.138826092747262,-0.478953349284537,0.0445267346219061,0.109251972088938,0.389821858716267,0.359897811321416,0.307908488432132
2210.in,2210,1.00000000101859,-0.168998272897571,-0.0630771736083174,0.0646671648996237,0.285195846519018,-0.0668231805082075,-0.115705286043037,-0.456702549118969,0.0318653950752148,0.132722708570091,0.40847010597861,0.374804921131042,0.33791930141174
2214.in,2214,1.00000000106903,-0.0936354270060817,0.0608219822681463,0.0456692863545966,0.250312660082416,0.209443067169315,-0.0847312521716714,-0.438331681991758,0.0174418364907659,0.165475866638832,0.335950990749841,0.314087236805137,0.374256853323183
2215.in,2215,1.00000000123016,-0.222709004678767,0.0755363095714939,0.0331028822172705,0.279971717848634,0.183305349616115,-0.138125628261044,-0.481313265761187,0.0490697677308958,0.105395861254925,0.34808039693555,0.319835434324245,0.386433660868593
2222.in,2222,1.00000000105128,-0.182110889722463,0.0332866979915775,0.067680584218525,0.287763719613675,0.0662691807565379,-0.113729361644722,-0.46688110089434,0.040993715566339,0.124712760693744,0.400041114644883,0.367196230813164,0.381569229563862
2224.in,2224,1.00000000096721,-0.0050844634005145,-0.122239790668906,0.204602473488914,0.147361894244426,0.104125657939166,-0.0272765991310666,-0.404609926225347,0.005787506771869,0.206170278608678,0.396242830863232,0.370354101335303,0.265022764398189
2225.in,2225,1.00000000098072,-0.127667816337151,-0.0956729293912709,0.177365999307235,0.168357525962189,0.0779227782423268,-0.0936620917886664,-0.447257776009559,0.0289269783042993,0.148077623997053,0.414956971868411,0.37544878980526,0.285220042552246
2226.in,2226,1.00000000114281,-0.0738376417130076,-0.0643432424941069,0.159298008969127,0.197724647929534,0.0587303915299009,-0.070427252977636,-0.434999828922658,0.0185103609441821,0.171101330753279,0.414327507462318,0.392083047535156,0.316426736942525
2227.in,2227,1.00000000112499,-0.2256142873024,-0.0544607621993534,0.145938065973298,0.230552160830289,0.0269843383485282,-0.133196625187854,-0.481067922091653,0.0497962989596472,0.103096675833513,0.427715329939412,0.392436064110334,0.318932738555526
2235.in,2235,1.00000000092819,-0.0546380603158726,-0.0168029141209252,0.210210831666759,0.118405671669055,0.292183778068801,-0.0503988272625944,-0.421974773796937,0.0169974693043684,0.184285177397549,0.38456449375204,0.351190455436089,0.299137172871188
2239.in,2239,1.00000000113524,-0.2284811205712,0.0732706945514211,0.138167053084393,0.230627009013639,0.188983496326678,-0.131841070142387,-0.480971545981113,0.0502304955316485,0.10606701409207,0.430088975990598,0.388377014762258,0.383348968623667
2242.in,2242,1.0000000012553,-0.0120588154347287,-0.05585547515406,0.246982779326365,0.126683188616549,0.180048693735933,-0.0306764862847648,-0.40559928857988,0.0025480742246105,0.209565063865287,0.441675921822305,0.398883682172661,0.294910094606549
2248.in,2248,1.00000000117087,-0.0101239222315282,-0.0789173441862606,-0.0080705495856343,0.232487671366258,0.212079021717505,-0.0091759272559179,-0.456236652415922,-0.0001907339892628,0.223596298930286,0.258760750156376,0.254999919672714,0.291035345613378
2250.in,2250,1.00000000098944,-0.0975459475913741,-0.0324162073195288,-0.0407134137099483,0.302499159448297,0.159183080366103,-0.0517725156446473,-0.483078422406811,0.0236802553540428,0.182160492864318,0.279871670898619,0.278959735166018,0.338091327043016
2251.in,2251,1.00000000110341,-0.22207954897113,-0.0123054791077815,-0.0622566993547942,0.310864400690945,0.13842394683257,-0.127744794021643,-0.529887508099273,0.0495195633083611,0.112634926644201,0.285721209872878,0.293245192616855,0.35765243656941
2253.in,2253,1.0000000013933,-0.051155254271268,-0.17372134760485,0.0677347140664778,0.174514182782118,0.159063264361957,-0.0308687039730874,-0.468435888629922,0.0114324078450244,0.196673829959546,0.292326615375854,0.279164746013065,0.234922931352059
2256.in,2256,1.00000000127521,-0.0888368739405087,-0.0970628592101501,0.0177319695594607,0.265914378339938,0.0790299104101059,-0.055009763003717,-0.491048147148727,0.0200491994572033,0.183635832757044,0.318581224397945,0.314128320738537,0.31373442826148
2260.in,2260,1.00000000110158,-0.0098834073197821,-0.194664299322201,0.104846678879254,0.175402904987449,0.0658089856540582,-0.0158263727962561,-0.450199358872941,-0.001178709517296,0.221099764853278,0.3449816511532,0.336631385817418,0.240884123639557
2262.in,2262,1.00000000105223,-0.0861495624708403,-0.157255504615508,0.0634434851732462,0.240715757668999,0.002533217727632,-0.0525768716661944,-0.482851442305395,0.0217622591714773,0.179505082401764,0.367740907091753,0.352718317200638,0.288337357669711
2267.in,2267,1.00000000092256,-0.13123436884036,-0.003573347335145,0.0316427959370246,0.233156313995596,0.266607877027458,-0.0778562719228311,-0.500417284398596,0.0331041046461173,0.160280753493546,0.300657985020986,0.304837786114996,0.336401693280033
2269.in,2269,1.00000000116845,-0.230178237668865,0.0406510948713651,-0.0071204159091764,0.284704224545185,0.224928760249311,-0.116125135567105,-0.531022136473542,0.0507084197215732,0.118593897913416,0.331412106991989,0.320942193339895,0.376091699848678
2270.in,2270,1.00000000130709,-0.171165352221489,0.0521483718952939,-0.0303766646206488,0.321831768632113,0.180446757473036,-0.0978142961019702,-0.513715019138959,0.0385400846377464,0.136201277723899,0.343535347771236,0.335444720108447,0.399737683424319
2272.in,2272,1.00000000114724,0.0002605385611781,-0.0833506308677718,0.098196916851931,0.178504058958531,0.213549534183184,-0.0211301209575545,-0.456851768954436,0.0017936650092458,0.215396946132019,0.34306759512534,0.334085798319497,0.302888757890485
2273.in,2273,1.00000000085411,-0.136153091452457,-0.0556099350158792,0.0707642987753334,0.207843344403379,0.197760545753166,-0.0735916526497923,-0.494010907867231,0.0258930738043392,0.161055825368917,0.351857294451697,0.337608284128123,0.312427236935803
2278.in,2278,1.00000000119717,-9.40988365328056e-05,-0.147158149763525,0.152784682085727,0.151883900982816,0.129585668465871,-0.0039630451288284,-0.454284659469939,0.0005217519783541,0.227495547191826,0.386539910135133,0.359404859885379,0.26633756040549
2284.in,2284,1.00000000094459,-0.0081217368649685,0.0363959394646592,0.103743847338365,0.179681384199764,0.375919239435854,-0.0117928372448129,-0.452092444542432,0.0068142663727117,0.215386950382906,0.34477836394788,0.332217080569332,0.346663728587804
2286.in,2286,1.00000000109708,-0.0943875543573087,0.0709326992596919,0.0536046912340886,0.244194246665964,0.30113462317661,-0.061937039384288,-0.489086897525045,0.0206373004471412,0.179559648892094,0.363501906468172,0.351461272936704,0.396177868267993
2296.in,2296,1.00000000076366,-0.0020419842119254,-0.092444920618109,0.194080631754295,0.128986726303642,0.209238591179051,-0.0155751859714029,-0.453970479756368,-0.0008860586949385,0.222454919498596,0.419965141282249,0.403155400151802,0.295248963243242
2299.in,2299,1.00000000089896,-0.0518919400843029,-0.142278462530195,-0.0325935083820091,0.207811363934718,0.285050211709669,-0.0224146389700517,-0.526500547557514,0.0122652566736834,0.20969283802937,0.22301388767662,0.243299817782686,0.265890692545039
2320.in,2320,1.00000000142833,-0.217498999110435,0.0025369246185185,-0.0539253735934207,0.295440836481125,0.238885641832603,-0.103456745073844,-0.585143918604945,0.0479420158643125,0.128995530348136,0.300034350728335,0.327131986269512,0.379770686845329
2324.in,2324,1.000000001234,-0.134834167769621,-0.0997555138488141,0.0360951682443213,0.21621928476729,0.21768585237156,-0.0564425711859262,-0.545557485132828,0.0296996596907937,0.172249371064521,0.333032065416575,0.343963486917829,0.305758309687681
2331.in,2331,1.00000000115246,-0.0592144925426711,-0.0305265862349238,0.0827901669158826,0.153646892249497,0.439100932142919,-0.0212641592197271,-0.521186381913149,0.013223459008848,0.210665984319968,0.312769424671625,0.321347693526804,0.315996613230332
2346.in,2346,1.00000000112209,-0.188005317374132,0.0088028386832049,-0.028803070302116,0.287361294818494,0.0953967284369365,-0.208072503277521,-0.512106155448949,0.04378386374699,0.112931900202002,0.275847551960721,0.306760616833008,0.42296547863147
2347.in,2347,1.00000000100289,-0.142038408571421,0.0431099207179954,-0.0412517025580029,0.323584732285771,0.0683382887950666,-0.177363593917794,-0.489625192385962,0.0328984709091139,0.141475738318186,0.301545461842787,0.319009754208588,0.447545059581159
2348.in,2348,1.00000000077084,-0.0364035032989519,-0.143326372427183,0.102300355545911,0.147110229455162,0.127694145392229,-0.124053490769701,-0.451786368538176,0.0050505399839642,0.196774630078227,0.282733446912743,0.286104333422361,0.305454472230231
2353.in,2353,1.00000000088291,-0.134461268970473,-0.0259061474533676,0.0112056509518772,0.292569828753932,-0.0073478436095066,-0.177981563068239,-0.486735903257117,0.0289613149076287,0.142137716974304,0.344116145233572,0.354360339975185,0.417791860534377
2355.in,2355,1.00000000087785,0.0251873665680433,-0.170665960781969,0.140123363244831,0.145795475471824,0.0259496824047735,-0.100490415533408,-0.432986407215363,-0.0052696718265732,0.220890137573411,0.343108765628828,0.347340614585323,0.309428487902159
2366.in,2366,1.0000000015694,-0.0246463857932729,-0.0871687138631,0.156831172259397,0.113235896953782,0.204388805728889,-0.127384610642043,-0.448342455213428,0.00421665072119,0.19284736001548,0.32721197960691,0.331055438312902,0.333587416808461
2369.in,2369,1.00000000101692,-0.0532767967615533,-0.0091562152585567,0.102092802552394,0.200384987574179,0.128633720262596,-0.145775562688221,-0.466018767737784,0.0120393409689803,0.182007683122432,0.358793922640902,0.368119553504483,0.409299547699952
2371.in,2371,1.00000000121656,-0.139616673065724,0.0339076996464263,0.0638539380637436,0.263191406721075,0.071068173004096,-0.191355011648271,-0.492305201947538,0.029658444123114,0.138271440947853,0.385329933605473,0.391557691138193,0.455542708170235
2376.in,2376,1.00000000108878,-0.194792688431054,-0.0562228770463707,0.130687615764876,0.19757396728613,0.0128212051370647,-0.208456234598374,-0.508714620289087,0.0392568298054848,0.117513231809484,0.411831933053741,0.407893619927151,0.392729297044876
2380.in,2380,1.00000000154056,-0.103235949505516,0.062376038933751,0.12413536685487,0.16640496315608,0.299436649013474,-0.161322679280033,-0.474914885840965,0.0207416222506961,0.161697397798507,0.34912883501446,0.344610243536683,0.421878489749568
2384.in,2384,1.00000000092334,-0.0187265449441974,-0.0293149451568511,0.20253131741841,0.0952607116863319,0.282269217707739,-0.12647936611297,-0.44654878988538,0.0009930074706498,0.198312406977149,0.366728209757146,0.37036731790091,0.359007159311053
2386.in,2386,1.00000000120632,-0.106682407922892,0.0060578267697372,0.178398709087319,0.145472807281972,0.220359174884836,-0.170736967705663,-0.484960357486113,0.0260791919276719,0.154876718450342,0.386709999564762,0.389905535437306,0.403684877541785
2393.in,2393,1.00000000105059,-0.0526871438416768,-0.0246397573558003,0.193735922176962,0.157274073049065,0.114007320972151,-0.142803527769437,-0.45902690670064,0.0106848728027228,0.181934819264295,0.439247056752073,0.440113481368445,0.402304501514853
2406.in,2406,1.0000000007661,-0.184506833198148,-0.0917206527481986,-0.0191828676399746,0.263330897373152,0.0507872951462058,-0.184573394268226,-0.559552318184152,0.0402945577661291,0.129571533302548,0.31240024310465,0.336547244853139,0.386535475704257
2415.in,2415,1.0000000007937,0.0202816706142259,-0.0437148577606337,0.031169292275057,0.192273525379021,0.277535033300263,-0.0804250849870083,-0.483417952344417,-0.0035678513949921,0.234018365143343,0.279106262652355,0.306887680507979,0.37721762939775
2418.in,2418,1.0000000014415,-0.178934598410128,0.0266603204909373,-0.0266656311108594,0.271680577067599,0.196136194982621,-0.191614248442753,-0.561455419534804,0.0403436258067038,0.126832202349288,0.304646511300587,0.333990413314311,0.445002943274325
2444.in,2444,1.00000000106811,-0.0225984776455443,-0.121059251240047,0.214425715299421,0.0656091704356292,0.232492912364279,-0.108066499697985,-0.499839486868399,0.0035077781990814,0.212251970604508,0.39369486395717,0.405740833500184,0.336846753949052
2450.in,2450,1.00000000114888,-0.0895928179461247,-0.108725609211735,-0.0733166859681769,0.241695085581005,0.212117350096979,-0.120608256863863,-0.573292799986608,0.0224082815653068,0.183248782069527,0.230625789210357,0.282018857261282,0.36794047196259
2451.in,2451,1.00000000118113,-0.0501539912384299,-0.0762798622852387,-0.0868189445483866,0.275740666587733,0.183820940617302,-0.095767755870466,-0.56120620797513,0.0112093925538712,0.208699743439891,0.243890158888222,0.297426105772873,0.397017302937813
2452.in,2452,1.00000000120568,-0.177820317306074,-0.0736437380887177,-0.100899617476026,0.296861797523068,0.158685207323083,-0.175905518794847,-0.610245579065445,0.0439958779700233,0.135024246567823,0.245140362820053,0.307094191811072,0.412465735845996
2453.in,2453,1.00000000098418,-0.140861460550343,-0.0471952414728601,-0.115071199557282,0.328690816428462,0.11684949999162,-0.144667477775355,-0.589711424865223,0.0300392592394838,0.164199935892965,0.2711849873427,0.321441697705957,0.435561912803006
2460.in,2460,1.00000000120689,-0.0161526076360503,-0.27923515067508,0.0682494718850749,0.13214060592281,0.122121927645474,-0.0912098383172708,-0.557895133994252,0.0089579549605134,0.223182892625211,0.28453834338398,0.332455051352822,0.28032837534303
2465.in,2465,1.00000000093737,-0.0233388173286334,-0.107123560107274,0.0216882688592753,0.149045876446874,0.347031586308199,-0.0889320692881976,-0.549635865862778,0.0029539733402855,0.23183759818463,0.251743113896011,0.295434601789217,0.355670381681815
2466.in,2466,1.00000000075515,0.0288146227291485,-0.0726306077170779,0.0065525371576546,0.19849021982206,0.308979727792063,-0.0590678650723307,-0.535380718673423,-0.0012080397532954,0.244779106046836,0.255793840136978,0.312393541628387,0.378684188286073
2471.in,2471,1.00000000137266,-0.0221008825539464,-0.160699529074031,0.0674925058066196,0.133757540377552,0.266030142980461,-0.0834321935529157,-0.549984117583446,-0.0005091858140073,0.230907895392893,0.291381582567399,0.324941890361159,0.323789319459697
2476.in,2476,1.00000000117498,-0.0137690349653231,-0.215717163390786,0.111861455524273,0.101319949226006,0.187480887421157,-0.0861579418474937,-0.548879791458982,0.0006990113927931,0.227543356135293,0.32750909134237,0.373866622576386,0.30379782159155
2479.in,2479,1.00000000128469,-0.0059183777981429,-0.0417872825429563,0.0719711946854987,0.129965831243309,0.42509143604567,-0.0846072356792148,-0.543051499237204,0.0015716006493687,0.231276419420201,0.29211394834162,0.331489623346563,0.376561446614611
2481.in,2481,1.00000000151441,-0.106733534584373,-0.0038096455581262,0.0264940463214154,0.182597376757398,0.365844325554245,-0.140736282303541,-0.58582034632857,0.0214005631729398,0.179476628103208,0.30127105719727,0.358113431587406,0.424051166483515
2484.in,2484,1.00000000126399,-0.0141446417207592,-0.104997139036167,0.123201852709518,0.0944857713836773,0.334723522152573,-0.0909679474019216,-0.554912276977874,0.0009182691015856,0.222475182816178,0.324501295613934,0.370566877050171,0.354103034154974
2490.in,2490,1.00000000126847,0.0345527796852576,-0.16916367886151,-0.098460215607311,0.229880899193678,0.27523100150879,-0.0472860097634845,-0.573873958820512,-0.0126073021921081,0.266402252187572,0.21564446973191,0.279469882496405,0.347522489351637
2498.in,2498,1.00000000101758,-0.0563666250649616,-0.18485900647409,-0.0718192099179376,0.25724885351298,0.141685387623449,-0.0920958172414203,-0.615195046158305,0.0127760338287731,0.215672993148892,0.267917811832772,0.341183907507965,0.361804176166628
2500.in,2500,1.00000000107518,-0.0186501093428428,-0.305272482176378,0.0274581992080743,0.139933260710096,0.149083599569623,-0.0692156878854332,-0.596240967174593,0.0064853377884394,0.233547346617606,0.273549928273141,0.337957264694318,0.270235131801166
2518.in,2518,1.00000000127286,-0.245995021351233,0.0612217235135829,0.105453911102981,0.33927835713715,0.149037535990829,0.0236553708336074,-0.254549023687424,0.0532918068284126,0.117551920978243,0.400885327037651,0.241836901072749,0.16338179241665
2521.in,2521,1.0000000011176,-0.273201391438661,0.134441677430481,0.0527192958171655,0.432457133667551,0.0599468142563694,0.0062925746972754,-0.261410712543455,0.0628714528214228,0.104177423559447,0.436103244330813,0.275392622187606,0.226022765412648
2528.in,2528,1.00000000133639,-0.169381463088038,-0.0889358036100588,0.239879741171275,0.240580270707711,0.0368950507754237,0.07898012110881,-0.222713071755786,0.0370517330067505,0.166937969381247,0.464934786539863,0.281687869996134,0.0598040502122566
2529.in,2529,1.0000000011901,-0.125096542981138,-0.0582581754913196,0.215652886819115,0.272094261879081,0.0148169895462722,0.0890229501104247,-0.217442734457213,0.0298651466555755,0.186132988413886,0.468556199106126,0.295861659034084,0.0971180025955209
2530.in,2530,1.00000000107572,-0.253736766128214,-0.0504960057042996,0.218183477012873,0.290472039647282,-0.0070067253995918,0.0246572427743492,-0.254280006546923,0.0524436923818931,0.117132257645533,0.490988870580597,0.308496427762584,0.10654899547855
2533.in,2533,1.00000000121433,-0.278383204346286,0.0187884922774425,0.16208808551225,0.373855278552097,-0.106313575875305,0.0184057159409355,-0.267677402284709,0.0595248056049413,0.10551981039537,0.525937907753452,0.343265186492469,0.171657016429975
2534.in,2534,1.00000000126102,-0.169482664035101,0.0611302383027395,0.180629168912971,0.266575447606004,0.269478038996371,0.0778381365660386,-0.221126020477468,0.0395757671143469,0.15780559453552,0.420018936736543,0.246587739816234,0.136423588264149
2535.in,2535,1.00000000123248,-0.122876535518579,0.108948833519997,0.168063397326687,0.299411539548596,0.238991148172423,0.0933612655821263,-0.207661042613181,0.0250411180017374,0.182917890293236,0.437829968726024,0.261427951440911,0.172505129286
2536.in,2536,1.00000000144274,-0.238564503919541,0.119789759005944,0.158442474944876,0.316012627780195,0.213056391560556,0.0314769025520726,-0.251075741689248,0.0510961478245237,0.12513904018575,0.442574361040958,0.272962713370315,0.185799890823192
2540.in,2540,1.00000000129995,-0.152457290847249,0.0344520570513938,0.241458817672256,0.236877231546816,0.197406839777241,0.0714368427064093,-0.221131178578745,0.0342940945710977,0.160522561624767,0.46539853453941,0.290805294018841,0.125095813754461
2541.in,2541,1.00000000113118,-0.119171788871362,0.0536361810301615,0.222397355755531,0.276822682603104,0.164737077873926,0.106424536433997,-0.211912067474107,0.0260750713468488,0.19134591905322,0.473654970572039,0.290118015730381,0.150022858791933
2544.in,2544,1.00000000073001,-0.32615808184899,0.0965999222313169,0.178666399196282,0.346148677739538,0.0848974572154968,-0.0159697192272569,-0.28622620650483,0.0723859896071802,0.0808930826096173,0.510152833056563,0.321240947755363,0.201989446324343
2546.in,2546,1.00000000111002,-0.156646007415898,-0.0456942927735611,0.300105969332705,0.212994929636011,0.112482967466538,0.0765038373661367,-0.227366044970357,0.0348806728958383,0.159320262809985,0.505065149388956,0.323391764594319,0.0880727021428205
2548.in,2548,1.00000000081975,-0.241318025515587,0.005638082960834,0.268964170904654,0.264574417065697,0.0635697145858394,0.0352601641225256,-0.250650409988974,0.0567211164716338,0.122186788112619,0.524329701801851,0.344517962519237,0.133408930843271
2549.in,2549,1.0000000012803,-0.193723921526087,0.0425558071959869,0.247819948209167,0.296055629006113,0.0533617470441331,0.0494857268507065,-0.234626870686132,0.0440225332209718,0.140625996717953,0.546835712560108,0.364018467713229,0.163962235078633
2556.in,2556,1.00000000074648,-0.320708950376484,0.219366384125034,0.17861648693017,0.34285372382212,0.241224201523245,-0.0105616231830617,-0.27676223737679,0.0728380755326092,0.0801339648077164,0.510674369165792,0.329463250925473,0.253282538967376
2557.in,2557,1.00000000146938,-0.278137110577263,0.25014183759012,0.155184104488963,0.377773375296627,0.212448832400965,0.0160256747117571,-0.267618386783098,0.0634533125341609,0.0999370047951226,0.521945007303824,0.336613654898703,0.274554265713976
2558.in,2558,1.0000000008629,-0.164733427298789,0.0769869146597986,0.297116987124582,0.208757172744109,0.275016963098459,0.0751337479765218,-0.223607893560229,0.0328288462821497,0.157986075196603,0.507877489160819,0.318606417904222,0.14129791392454
2561.in,2561,1.00000000104829,-0.196692485818977,0.146709286873148,0.24273816870034,0.298514113954262,0.179567137370446,0.0572829639314978,-0.238801593426505,0.0435515729273696,0.144309743688012,0.540004869456907,0.353143737807475,0.213467790679745
2564.in,2564,1.00000000079675,-0.166771983207403,0.0056828743808717,0.34950435368694,0.184077766191599,0.194574770361497,0.0606579614617125,-0.232436893330061,0.0381543894063401,0.159203989738899,0.542507430010113,0.352155025649006,0.115401983124337
2565.in,2565,1.00000000104862,-0.112413797464106,0.044328401578423,0.321806574275352,0.221015206237813,0.161161125851839,0.0984284820582905,-0.208056458996698,0.0248007425215992,0.188033648507405,0.560086021277891,0.374566798402387,0.141852059218762
2566.in,2566,1.00000000110854,-0.24254304097266,0.0531312104444611,0.317310799415792,0.237242744177358,0.129829612173787,0.0287342880030028,-0.256251260173487,0.0517593468078517,0.121522559358857,0.57047961716354,0.381237277817152,0.157023727690517
2569.in,2569,1.00000000117234,-0.291788679106768,0.138339551299362,0.264345719993361,0.32979656365468,0.0650822819099162,0.0113340353881035,-0.266178183183094,0.0644129617369174,0.0985354299411585,0.606145524223755,0.416828329128661,0.229682584173955
2570.in,2570,1.0000000011395,-0.167526822161667,-0.020685196829494,0.0926055447373795,0.295375279973642,0.228890971983996,0.0909375645682528,-0.276138571409135,0.0355309319507496,0.172380036153294,0.359525880925579,0.208936055682432,0.102841156254815
2571.in,2571,1.00000000142334,-0.110333535955589,0.0142313675266964,0.0697503459006832,0.33528297118525,0.189690258288253,0.118267035089709,-0.253962183892603,0.0226887045369913,0.200743610819309,0.37557246057549,0.230491349997821,0.137966261871159
2575.in,2575,1.00000000107805,-0.270574255978912,0.102770409163836,0.0055489882214492,0.444471542656113,0.0871236720914129,0.0384670115310597,-0.313890356950018,0.0599707949881902,0.119885302359591,0.425829657292234,0.268736529757708,0.230147385304171
2579.in,2579,1.00000000097597,-0.194788300054386,0.0008765171422663,0.102501249828033,0.35726987380449,0.0676463507131136,0.0686408384968817,-0.286925265646897,0.0393050194682428,0.157922554633681,0.440270829925739,0.27954056471211,0.156829299056531
2582.in,2582,1.0000000013034,-0.171336018577666,-0.126973681831368,0.191601101320602,0.251278418443895,0.0722809175226236,0.0927842596718327,-0.281482668121437,0.0402548056234206,0.173787442557512,0.439720023841842,0.28287730253853,0.0673014213929711
2591.in,2591,1.00000000067116,-0.19666441944217,0.117101891379299,0.095246330000653,0.365187082792623,0.216232423516834,0.0765246586774088,-0.285362761124836,0.042332191564192,0.15536871824438,0.440644622148482,0.282152062186585,0.208618541461625
2594.in,2594,1.00000000133471,-0.165658293203189,-0.0126117268159056,0.197393423297954,0.247702033198747,0.22617567581659,0.0917346691594839,-0.273197874969936,0.0364692016700402,0.169019510998106,0.443634275103815,0.28591716028029,0.111870146051318
2597.in,2597,1.00000000126433,-0.186038566120108,0.0507344825296067,0.153951550526725,0.328204212652476,0.140103720964486,0.075974226424714,-0.286277021780761,0.0418803593019056,0.159119187649652,0.485870350947992,0.324312499106077,0.180742369542043
2603.in,2603,1.0000000013245,-0.182815757737707,-0.0148307713138968,0.203476367248963,0.306233842344958,0.0564081912989018,0.0765770744020443,-0.285284331892545,0.0403951106082383,0.15861662238518,0.524380354107712,0.358919011346378,0.149799329031378
2604.in,2604,1.00000000085956,-0.333409505302311,0.0015280507150868,0.19104716982911,0.326909424624701,0.0251584861729966,0.0067728114670684,-0.33562000070855,0.0727947750257664,0.0967186768979894,0.530632462977923,0.365706042305377,0.17157662003035
2605.in,2605,1.00000000068471,-0.286114237938724,0.0432460944291632,0.16658846091575,0.368721192285339,0.0125536831139356,0.0391857483863567,-0.311425128542961,0.0633671122167711,0.113762379858636,0.544629372206742,0.384772239650237,0.191122426854003
2606.in,2606,1.00000000100359,-0.16326569662151,0.0936495616326865,0.19846545511584,0.242013877991348,0.369455835286478,0.0883317807748463,-0.279585904568542,0.0321638372887739,0.173598604091633,0.446740663042846,0.277462174921482,0.167081314863357
2610.in,2610,1.00000000079995,-0.333929887164042,0.187790264637938,0.125372069525069,0.357472257333489,0.271895125174087,-0.0015018840870088,-0.333688352373374,0.0704969069328207,0.0887861297683827,0.483889445449944,0.327693163341894,0.251174020432854
2612.in,2612,1.00000000097777,-0.161868287736421,0.0323175914138212,0.257563399081924,0.220568408909608,0.297557759236206,0.0923353094545578,-0.279828473907126,0.0349595367011678,0.175272062168333,0.488009336574762,0.318351780478455,0.14177255421624
2616.in,2616,1.00000000080858,-0.324509203844584,0.119143559238908,0.187158194126995,0.325169345713808,0.189896076537507,-0.0013776110861085,-0.334162875838807,0.0726653059514411,0.0926676501464927,0.530649693255924,0.372248471648416,0.226054967230111
2617.in,2617,1.00000000103592,-0.268922632689243,0.14659628583888,0.159029296666846,0.367419557566095,0.162732151015565,0.0308467099483635,-0.315828011162989,0.0605717492844059,0.119544666348618,0.539161164631995,0.38223375761913,0.244800957819968
2618.in,2618,1.00000000097569,-0.157647285935137,-0.0317938580185065,0.296568391604887,0.196150977321836,0.218783604036601,0.0982495596543437,-0.277780889339469,0.0319011675588638,0.181586912053172,0.523840704791152,0.356108027081588,0.113481608218656
2621.in,2621,1.00000000081036,-0.194906945546373,0.0504286169399757,0.247716454568701,0.285926791372072,0.141854729825815,0.0784679072371296,-0.284937434711506,0.0435104157609921,0.161458833822923,0.564704498143013,0.394964768094729,0.174635653210318
2623.in,2623,1.00000000124467,-0.283602106870767,0.0929189945789165,0.218213448012828,0.337306109792625,0.0823004099199622,0.0367374319785296,-0.31836694595284,0.0626604706311552,0.119754382613803,0.582445942864693,0.412954616799997,0.219575629045602
2628.in,2628,1.00000000126992,-0.32971770520146,0.0425906279004246,-0.0096554528955408,0.407814210383277,0.157097456903925,0.0270674900540461,-0.38369369026049,0.0718833777261724,0.100487736920742,0.391222165160927,0.256172239341446,0.192994679378387
2632.in,2632,1.00000000095932,-0.235979144964337,-0.0626637091811992,0.0765554735292684,0.334924076396758,0.120487571343225,0.0761706336323405,-0.350322972754267,0.0533157357075549,0.15054258929069,0.412048166795494,0.272262418188214,0.126342154479484
2636.in,2636,1.00000000072434,-0.169514428005702,-0.165006906305461,0.159730061884681,0.25364557428105,0.103086090311651,0.103070160095992,-0.325109569939265,0.0337269172011764,0.186029950389624,0.436399029866693,0.284378628413632,0.062814596241254
2642.in,2642,1.00000000112596,-0.159553578410686,0.0084985990798153,0.112913819682211,0.272829321370881,0.334671102082455,0.114537752303809,-0.323098556778546,0.0366487604416354,0.187086929241157,0.389413745358217,0.246310514468967,0.133758495030776
2648.in,2648,1.00000000099515,-0.163167730535278,-0.0561414038627121,0.158406610400625,0.261200549158048,0.258366226372649,0.116097285820568,-0.323137183177423,0.0386994458965696,0.184332927509529,0.432351870480025,0.281980755111345,0.105004130000741
2650.in,2650,1.00000000101612,-0.241524207021438,-0.0091336674273778,0.122597307784413,0.308202633410927,0.201139093857282,0.0619369620063264,-0.35686910938021,0.0515365608460872,0.145442308490203,0.451440269523341,0.310696539686654,0.153828815698085
2651.in,2651,1.0000000008697,-0.199471163185643,0.0129414262933027,0.1120381500308,0.339601827771105,0.169859201561841,0.0952847731254037,-0.336992044011373,0.0405180143097142,0.173684569039001,0.463871452533367,0.314005606223099,0.17737440621513
2656.in,2656,1.00000000114318,-0.244952423008533,-0.075827094259203,0.178325345501252,0.285362149259693,0.121693619784218,0.0712737271472128,-0.352499518407168,0.0533582469220952,0.152726349594663,0.490704439890966,0.34246266573453,0.12629892663718
2662.in,2662,1.00000000116288,-0.240570818542638,0.0996571629500229,0.123333678754059,0.314206366626453,0.351204169582111,0.0660926988377852,-0.355845624967718,0.0526827727747378,0.145547501105181,0.449310960618809,0.307030501125893,0.202133740285056
2670.in,2670,1.00000000137157,-0.330868488692709,0.0788543320234865,0.139321863618412,0.339827203082029,0.229878843142582,0.023448649008229,-0.382996540505931,0.0735297046850619,0.101150494277862,0.513751823082546,0.364912774637559,0.213883444845973
2673.in,2673,1.000000000879,-0.117648572785004,-0.0383072103829812,0.244482731876871,0.239438979599093,0.219052088572919,0.130235918457735,-0.307851318468559,0.0251487155246392,0.206637073824142,0.526480322786891,0.376760138002218,0.125686805652486
2684.in,2684,1.00000000120391,-0.16645897633822,-0.147040120511571,0.0748790162077383,0.288097897858554,0.213334342575074,0.124302820550839,-0.381860713839432,0.0392650420929683,0.194744573109555,0.368436647269529,0.250434650599773,0.0779102031728603
2691.in,2691,1.00000000117145,-0.117822700642137,-0.177282307049304,0.107852668312256,0.289145740054821,0.0984164275802952,0.153941772463993,-0.356520489600882,0.0226067853346249,0.220180074717172,0.432875399920687,0.294044908179643,0.0814095247642159
2697.in,2697,1.0000000010236,-0.116323542292259,-0.0150796037457362,0.0419864848130155,0.330395698187716,0.331251212083218,0.161343858020546,-0.353020157688502,0.022926925700607,0.223099276267099,0.38582762064825,0.25519351950582,0.142292474614334
2698.in,2698,1.00000000093238,-0.231652343471008,0.006531632883168,0.041217238432971,0.339354615206491,0.320328687094434,0.0932502623368871,-0.397118796891561,0.0493257249537771,0.166404371718087,0.398211995635962,0.276667089678588,0.167462986760386
2699.in,2699,1.0000000008728,-0.182258107736373,0.03331933535365,0.0157375150201324,0.380005095562782,0.283770705584845,0.121309597309771,-0.386390346105378,0.0383915691337261,0.19384521179513,0.410320683721276,0.288195955452603,0.19281639329315
2703.in,2703,1.00000000104469,-0.12054423437016,-0.0578023706562685,0.0919120545918584,0.295400534730864,0.269212108915984,0.159147356444112,-0.365337529886401,0.0243434199273552,0.226842935217264,0.422589370687251,0.29590066734131,0.135415454560563
2706.in,2706,1.0000000010062,-0.316286477486537,0.0044156246766658,0.0603580508071213,0.36621503654899,0.178295874679763,0.0393778351906729,-0.43807082345893,0.0707502335904944,0.121376907617668,0.448717136443654,0.336527993427485,0.202900991748474
2734.in,2734,1.00000000112769,-0.158545164754951,0.0441980765287377,0.0368892634423895,0.360791632258128,0.132128716045362,0.003742038940373,-0.313153724459344,0.0337012273017201,0.170104782303133,0.383175427722899,0.264205391240286,0.246913349755822
2738.in,2738,1.00000000096919,-0.082959885919133,-0.0619064716513544,0.131568592290351,0.272963528211132,0.0940609945276916,0.0476256368964447,-0.289404236460472,0.016530169968008,0.213244212562821,0.403993950882336,0.272670242994427,0.177812736076585
2739.in,2739,1.00000000101458,-0.208830575017692,-0.0335876987291472,0.111655268290854,0.305932670999866,0.0893620791998804,-0.0175774728073037,-0.333834350158186,0.0475808658833783,0.145293680425282,0.405499957183849,0.286406913819373,0.192655466419866
2741.in,2741,1.00000000129994,-0.290088202202849,0.0105623863699891,0.081781979118401,0.360319191573807,0.0353532423114156,-0.0596417490574464,-0.359977206738855,0.0604394607580768,0.107315172562997,0.430506942090265,0.310715889068024,0.23552625585498
2749.in,2749,1.00000000097125,-0.111047491471073,0.0271249142004124,0.157206164475272,0.240449057058551,0.294909194031392,0.0216986485254246,-0.304621493865477,0.024687710631689,0.19368464677273,0.383129632629342,0.255682240315076,0.207523045190524
2763.in,2763,1.00000000077333,-0.22061697253699,-0.0539377370658997,0.216537542798475,0.252206734159456,0.0761961741058288,-0.0305536998704655,-0.338459643793496,0.045407174713842,0.143266422089597,0.48762260864506,0.360597492762331,0.191439785518806
2766.in,2766,1.00000000100661,-0.255563297808323,0.0325191249221491,0.156591503915413,0.334686434456582,-0.0006056386421738,-0.0450531211349161,-0.353090596159065,0.0573050907744803,0.124922609441498,0.519343164116822,0.39087848055036,0.269465227332608
2769.in,2769,1.00000000086078,-0.212117163057728,0.125976097667186,0.167386457884649,0.273025961086546,0.31954187017708,-0.0260460591921757,-0.335162933054564,0.0500129532495278,0.137047667668783,0.451012580483718,0.323672783872128,0.27070865844863
2781.in,2781,1.00000000088418,-0.209569715906662,0.0177787068250971,0.265296981605415,0.225550333457898,0.167680892583362,-0.0213505739155839,-0.327759162053884,0.0495763418310622,0.144114979233145,0.532306169377404,0.389378312278887,0.218618449293653
2783.in,2783,1.00000000098677,-0.300888825484154,0.042668265471023,0.229389542548384,0.275851805790477,0.112633784295931,-0.0742886699884646,-0.359942998693582,0.0642204234947482,0.095725065388859,0.543786579103509,0.424824457370842,0.255753291647636
2785.in,2785,1.00000000104451,-0.126406149037112,-0.0657940356130839,0.0592572911875864,0.284831138253947,0.244032597488285,0.0393070954222154,-0.359616029031349,0.0296548943073482,0.203098375602143,0.322087590173861,0.226196616603482,0.177223189636508
2789.in,2789,1.00000000135393,-0.301764433329353,0.0255341079646245,-0.0154850429113841,0.389555736084433,0.138952738398356,-0.0423536319948348,-0.411389762635133,0.0660306871765905,0.117845373126103,0.376128519447863,0.26614970518355,0.256081248338216
2799.in,2799,1.00000000094311,-0.209837626457006,-0.14391331879238,0.127185307156738,0.270948698486271,0.0391742175444139,-0.0012229777695037,-0.384780162249902,0.0454108106461517,0.16091182619215,0.430511837167133,0.321961402766648,0.159890741199775
2801.in,2801,1.0000000012393,-0.295767566183684,-0.0912023181974849,0.0967193823578968,0.331084457618341,-0.0260320205331435,-0.0468408281030425,-0.413814670870087,0.0643095641318034,0.119078517633259,0.459577168174469,0.344634707708385,0.210754637977388
2821.in,2821,1.0000000009771,-0.119024750134479,0.0478126929341868,0.156912016560823,0.229871466210965,0.397910790236025,0.0447732411898393,-0.35150065677755,0.0274020668543859,0.201272508940395,0.407224375731507,0.303214448393609,0.220545979563604
2825.in,2825,1.00000000124663,-0.286293202027811,0.124152784073577,0.0883183452969128,0.342248204751953,0.281602573616726,-0.0400741717100378,-0.409580231855642,0.06333949807907,0.126648415609,0.455244804288881,0.344512574449543,0.30003375383261
2828.in,2828,1.0000000008291,-0.0779107690870533,0.0185995397829403,0.183864842507019,0.236721721668802,0.289259783512826,0.0629372041740343,-0.338429245126733,0.0164940663859913,0.229087568671517,0.462809416482073,0.343212761001178,0.226710538050125
2832.in,2832,1.00000000115813,-0.243201095102603,0.105503657239712,0.111561372847828,0.34433543839504,0.180630642889529,-0.0231680657975461,-0.397556053736785,0.0524984471389479,0.136541078161357,0.497750393565918,0.400627221794424,0.312631950170142
2835.in,2835,1.00000000118664,-0.205864569923966,-0.0230626160611641,0.231149471592994,0.231944406780022,0.190234597328975,0.0053730053536934,-0.379191457338245,0.0447170355976045,0.171588790971831,0.517798337187893,0.392571532905188,0.217820479055147
2836.in,2836,1.00000000135973,-0.155751769611484,0.007567287338749,0.202435460599714,0.269862909532819,0.160140684353776,0.0336761540595983,-0.359222650017509,0.0329785014096261,0.187151516717998,0.527259620428009,0.418667857010274,0.236375128411291
2839.in,2839,1.0000000007922,-0.111793914657597,-0.101169129054847,0.0175227791350062,0.293466928027762,0.283414014549609,0.0654923438115018,-0.397301334995205,0.0319019577116714,0.219372847857337,0.316639241045012,0.232042762488006,0.164739059926472
2853.in,2853,1.00000000098547,-0.201531241606482,-0.172058826408773,0.076861458309545,0.292800254524818,0.0690757636434949,0.0180257153367419,-0.432449383065969,0.0457489099771972,0.170175141464989,0.407293848831189,0.330316151572399,0.158487079075728
2857.in,2857,1.00000000109071,-0.120678672516987,-0.057849298474116,0.0745745459524431,0.256615681047744,0.350235909779902,0.0525264926692892,-0.40592670603822,0.0271301912050602,0.213792912582622,0.35314957055699,0.271859452928471,0.189989650596766
2858.in,2858,1.00000000104241,-0.0724999886648903,-0.0295915817161473,0.0421312252744057,0.291617086102341,0.318239900526231,0.0798774907926903,-0.38725215558558,0.0182554979421663,0.237488828234659,0.362407653015206,0.283057153832293,0.220151751320489
2859.in,2859,1.00000000113119,-0.212310560326322,-0.0063439254370299,0.0286304074478117,0.319663536852934,0.29620013702966,0.0201315769033708,-0.430632425725385,0.0441000258033011,0.171036994038297,0.375745590999767,0.285625153382697,0.230587102386465
2863.in,2863,1.00000000131944,-0.122269015561432,-0.105901244891167,0.117942490698242,0.238680531627386,0.268858276844244,0.0623412321773373,-0.404523668483359,0.0283002389406218,0.211572498380121,0.395306945542165,0.30265374818413,0.168564066435533
2896.in,2896,1.00000000110641,-0.242780601430666,-0.015670555570388,-0.119150721628633,0.437024081828886,0.172427121203298,0.0277395905307047,-0.490394916983056,0.0543961966805324,0.169798533912657,0.351844467890615,0.286138748171601,0.274996062478022
2901.in,2901,1.00000000106658,-0.297781294291166,-0.0964720933643726,-0.0425562047452504,0.372900765170606,0.123649957988417,-0.0058646424787214,-0.512258026751928,0.0643906999255475,0.14121241414001,0.376630304298823,0.315442100688802,0.224253194779968
2915.in,2915,1.00000000124441,-0.0635108706003338,-0.115621314971966,0.0572911451960317,0.278350412647131,0.279355491222964,0.102868064947317,-0.432799700137406,0.0123952406133597,0.251635526763654,0.388879276542134,0.320167035521049,0.19199724665314
2925.in,2925,1.00000000090569,-0.0764816236297135,-0.0057654664136403,0.0501043799350598,0.277633812444908,0.422814902680981,0.111130125615264,-0.438790226786561,0.0166997960241899,0.254025866147698,0.386166241576556,0.307730665647536,0.239458813301096
2938.in,2938,1.00000000092087,-0.171597782260671,-0.0311539971979939,0.0101246532614152,0.306001666508421,0.187612829459671,-0.0687459807727541,-0.40602147549082,0.0396611465033418,0.173006085686878,0.330333433700358,0.267031661109433,0.279904005772306
2945.in,2945,1.00000000095344,-0.125182067247261,-0.0617430781464653,0.0459537781607075,0.319322258340366,0.0687443851469354,-0.0455222545171423,-0.389390807508568,0.0278089624583415,0.19462191313708,0.382340973526801,0.313087817988413,0.280162414316718
2946.in,2946,1.00000000135701,-0.264327386435943,-0.0504741855550409,0.0452108851323454,0.34018587740375,0.0507259750645316,-0.116845522850357,-0.44310301606221,0.062558025963769,0.12311423271351,0.394503630330132,0.333179606371286,0.290641160319117
2947.in,2947,1.00000000106307,-0.213310055634831,-0.0208632257039865,0.0050880402837019,0.37720855697649,0.0045093070998519,-0.0845847707778059,-0.42869327167521,0.0468893945343095,0.159733610824264,0.402553544539143,0.334363255690702,0.320476858194384
2961.in,2961,1.00000000078519,-0.0456774620786473,-0.0385522448219562,0.125969386188545,0.238467735320119,0.212320517139494,-0.0036419919587636,-0.366197000795007,0.0069064111294586,0.237100286136012,0.406669024207725,0.324331729549866,0.266238136603814
2962.in,2962,1.00000000113869,-0.171586493563595,-0.0340903454236458,0.118637399947043,0.255802022968153,0.183458911351546,-0.0716998701806848,-0.412550217468528,0.0342186569616894,0.173161654879793,0.411488057504622,0.339085631292735,0.28051104945652
2966.in,2966,1.00000000075046,-0.08485334860712,-0.14318891273501,0.213577699869874,0.172377873500251,0.154739100259298,-0.0274141184554792,-0.376656404838898,0.0161409935635333,0.217414031798631,0.437592060845226,0.357103848087102,0.202934809505835
2967.in,2967,1.00000000084775,-0.0364500316162876,-0.100169259662277,0.191627659768711,0.203064121713702,0.130078718660022,0.0022486003261457,-0.361435065835531,0.0088962065805877,0.243592822386947,0.448962472337928,0.370604940999144,0.235780708923537
2973.in,2973,1.00000000085822,-0.040928920703916,0.0576205530009616,0.122738386212992,0.235770529988545,0.35999451663547,-0.0033563473617475,-0.364223470487883,0.0100898801190983,0.240335465564707,0.400105271017095,0.334213500660455,0.309021631750747
2979.in,2979,1.00000000118736,-0.0318876757098624,-0.0049076706759167,0.194067294227914,0.212712000635262,0.283278261061596,0.0005014256986472,-0.367272351569865,0.0111326359965008,0.23689231666562,0.439204175070645,0.370328071526698,0.282953136877774
2980.in,2980,1.00000000089324,-0.16900574086587,0.0197169264266923,0.17521085338677,0.230140077118243,0.263762817114346,-0.0712889938618423,-0.413951957817193,0.037993217076163,0.175114956485923,0.448259562868769,0.377739125539712,0.305545335523773
2981.in,2981,1.00000000103833,-0.122719052139305,0.0463624018643626,0.145190753673732,0.264921679629458,0.228814298855762,-0.0446419697030448,-0.392664784413745,0.0266449304889,0.190474915219063,0.46717981447645,0.387053942321974,0.324518777562731
2998.in,2998,1.00000000122451,-0.174121135702058,-0.11902227108832,0.0197438404116195,0.29407493034683,0.141300683298042,-0.0577662920366669,-0.463154576753888,0.0362994347187699,0.187393214679159,0.345435174189764,0.306628418187866,0.251220195726477
3005.in,3005,1.0000000011638,-0.121055166513704,-0.154537840030276,0.0587902960789871,0.298890754102292,0.026302657478148,-0.0274281817365441,-0.446387118335076,0.0239628336434619,0.212004920221316,0.406795736259341,0.35518054609691,0.252994457157885
3010.in,3010,1.00000000118471,-0.168768700703606,-0.0082674812717133,0.0257325588917988,0.287397725065492,0.280351347321774,-0.0472005588852501,-0.462589093118203,0.0362872540596107,0.19010060936217,0.349915081858981,0.304471025675305,0.30427371292316
3013.in,3013,1.00000000093451,-0.209178264461696,0.0543656397413436,-0.0335578987413861,0.386050078386662,0.206013314169308,-0.0711111825396181,-0.470397235547895,0.0456647796641846,0.166702396578825,0.392331609420454,0.341446796111444,0.364062394094766
3018.in,3018,1.00000000102025,-0.250584930118959,-0.0337280661764386,0.0504954729492519,0.319928779267912,0.159025630442003,-0.0971210244793173,-0.487690186837096,0.0573192507792296,0.144278310896566,0.418041703176999,0.369651742458453,0.312823038294158
3020.in,3020,1.00000000091858,-0.0911279922418008,-0.16530971536748,0.161997388274218,0.18618513606641,0.185340374135,-0.0059535653367681,-0.431705602277116,0.0201628279197127,0.229498712378352,0.410222673462523,0.352914209712671,0.208422941541682
3022.in,3022,1.00000000099138,-0.174205611129118,-0.132554850176208,0.132970076594372,0.234236973712539,0.135527855972978,-0.0598062103249825,-0.466117749976186,0.038054710697806,0.182751115183418,0.434803394501734,0.378183897504215,0.251401226356197
3028.in,3028,1.00000000086105,-0.172172728289504,0.0421366234607687,0.0774271015573926,0.266764515689034,0.365569272139099,-0.0486437997850806,-0.465094989184677,0.0390637959866854,0.184226689453191,0.385472809205581,0.340524686571412,0.32472951568024
3049.in,3049,1.00000000118307,-0.0326662622206629,-0.19000527242193,-0.0015833877942148,0.274262845520858,0.181182023540415,0.031179525103504,-0.466461849777794,0.0067019208321608,0.268725553785192,0.322032928637092,0.301031031162304,0.224918007420471
3055.in,3055,1.00000000071505,-0.0296012866179344,-0.239753894808747,0.0551780438383808,0.25263724554366,0.113256081937105,0.0446907332559155,-0.457419049313487,0.0052466828846278,0.274735756782541,0.37171919134451,0.334523693700586,0.196711693056329
3078.in,3078,1.00000000106327,-0.0851924964152567,-0.109341664466569,0.125196692836942,0.1844372529306,0.366402607699028,0.0120676697079728,-0.480035781107884,0.0195023885230671,0.240933639597387,0.397890166411043,0.35352678420625,0.245661320005443
3107.in,3107,1.00000000104519,-0.0777230534512123,-0.090779178133054,0.0324267517059366,0.227776159721198,0.474937228183905,0.029233976410853,-0.53434693413081,0.0187391043834063,0.255966318939793,0.328550090303111,0.321444707827327,0.270322025059687
3109.in,3109,1.00000000108908,-0.179273269302277,-0.0442408413847476,-0.0004365533191366,0.279712856020909,0.42660920392397,-0.0205763919243417,-0.564358882729557,0.0403912697962375,0.204863107951305,0.35671655676002,0.338862718318224,0.311609232503529
3111.in,3111,1.00000000081515,-0.0478689489133182,-0.131561303409934,0.0051202173052778,0.236660592733686,0.257265387980849,-0.0718654111214812,-0.457031421186177,0.0093714987691302,0.246325112260032,0.267247680116191,0.257821463873256,0.290399609891583
3114.in,3114,1.00000000113175,-0.0864013556731775,-0.0562367176679378,-0.0429228178765433,0.313937931271499,0.183407395377836,-0.104788731339136,-0.478732525290843,0.0171466625970404,0.223573365035619,0.302060847442312,0.301251993438522,0.365193501634217
3125.in,3125,1.0000000007746,-0.145490285265299,-0.189885461077835,0.0780055176556911,0.237043880487385,0.0572495278827801,-0.12160502042138,-0.485885470842823,0.0298550769735765,0.200886826128164,0.381425430444133,0.358070903471889,0.282778406381955
3126.in,3126,1.00000000107812,-0.0856198649444991,-0.172548103935599,0.0509455967072438,0.283004034448824,0.0071264668889754,-0.0909179916367503,-0.476074382259465,0.0202754667899659,0.225596439684921,0.381150756833967,0.3684076959563,0.314964341784806
3127.in,3127,1.00000000130282,-0.207728700700124,-0.152514662732884,0.041847043297148,0.294261795534237,-0.0149368870921831,-0.160041448064051,-0.519560619645909,0.0472032262000217,0.164025800344568,0.384432310263988,0.382171831398839,0.3314930011663
3136.in,3136,1.00000000120482,-0.001928737696762,-0.0950558767183763,0.0887616221815017,0.218395142223202,0.219699000431958,-0.0554429205808181,-0.444098997286658,-0.0029092671209237,0.273300821892047,0.367496454700526,0.343508578974611,0.327830602627282
3150.in,3150,1.00000000099125,-0.0816631850030355,0.0547375921443385,0.0578123045985161,0.272615202758366,0.327204891116207,-0.0941593861975331,-0.470918949620243,0.0176711003572235,0.226467351965115,0.386935210424475,0.370939713087543,0.413052611977292
3152.in,3152,1.00000000089839,-0.174776720474475,0.0981314273944249,0.0154965097872176,0.330709825335114,0.263244823089947,-0.134138677833589,-0.504032368724307,0.0379768842560315,0.185400309657955,0.407018615458765,0.386469252074689,0.456759962218177
3154.in,3154,1.00000000131156,-0.0094765733342974,-0.0571020996742711,0.139382652915596,0.197139957572807,0.294236897701264,-0.0567098919117173,-0.447986650742216,0.003722484757848,0.260655716030907,0.40453054915306,0.38403437200413,0.341083558470209
3157.in,3157,1.00000000089802,-0.218417861150414,0.0156486222970474,0.0981138556284507,0.272709651301243,0.224083453996395,-0.161541377395146,-0.519891432066413,0.0519805781119261,0.156861461615767,0.436473057394411,0.416439983143773,0.403498342927044
3164.in,3164,1.00000000097666,-0.0046602728201723,-0.13035166375432,-0.057594444091539,0.276295588415808,0.256753895653481,-0.0352731291067876,-0.49759860720959,0.0029231182238081,0.275056141184045,0.260173236169297,0.278752169822593,0.316497914771276
3205.in,3205,1.00000000115299,-0.142815442813307,-0.15921329931562,-0.103236840253444,0.307373499922976,0.263364031751423,-0.07629309103826,-0.591396185253471,0.0310676325944201,0.223867185253193,0.256742851799329,0.279643261579206,0.322903466192067
