filename,index,c1,c2,c3,c4,c5,c6,c7,c8,c9,c10,c11,c12,c13,c14,c15,c16,c17,c18,c19,c20,c21,c22,c23,c24,c25,c26,c27,c28,c29,c30,c31,c32,c33,c34,c35,c36,c37
0.in,0,1.00000000147052,-0.061703314667861,0.158185639901089,0.255800504177352,0.0975625607990457,0.0444425807381446,-0.0610519625726933,-0.187935434821596,0.0142360105343206,0.0370580126927026,0.300713998310007,0.198127362676922,0.23826100370338,-0.0368333675373183,-0.0869620619569731,-0.0873122620460794,-0.0331484802039377,0.0226456395805824,0.135650360822627,-0.100215935747311,-0.0387659892082898,0.0219136650252379,0.0190045695829307,0.10473054029948,-0.0015119014320098,-0.0433558421599896,-0.0186715362821798,0.0661559506435915,-0.0270810189516237,-0.0612751448688125,-0.0096462470061729,0.0682285567838338,-0.0253455170106443,-0.0055755071833404,0.0236281320096437,0.108999284106651,0.0028956335818562
1.in,1,1.00000000129002,-0.0113307773965722,0.198280894736718,0.234466250251066,0.125817685655166,0.0196572453586719,-0.0322936116087804,-0.172413524869286,0.0038116268309011,0.0621104296194641,0.313138219973337,0.216689608233569,0.27073649134136,-0.050486691581653,-0.109596012688312,-0.0579192816605689,-0.0357299483132802,0.0370427038503276,0.157115051244469,-0.10048100106515,-0.0232610602696715,0.004893248658579,0.0198388640163166,0.114179128629807,0.008078900234687,-0.0436174562187351,-0.0258564317490108,0.0585321285723976,-0.0165567330582615,-0.0489262770149793,-0.0083055051377565,0.0790751316520951,-0.0289878302034731,0.0014943615740423,0.0277027886340854,0.124220449999161,-0.0013423339729971
3.in,3,1.00000000159311,-0.0947442724017989,0.228335764133221,0.201557564695309,0.189129150563101,-0.0405429082201819,-0.0695444174855496,-0.199616291546778,0.0196469722617061,0.0217953166149981,0.334557470684371,0.224532852883022,0.305875355738639,-0.0322100214394331,-0.148612073465704,-0.10198363013379,-0.0232022367627949,0.0159110529292928,0.188268280106631,-0.097558009490347,-0.0449653223719745,0.0259279350421506,0.0183134229146571,0.132882811129435,-0.0052734165327359,-0.0401324546842516,-0.0296174813723363,0.047838907369054,-0.0306175602072155,-0.0667683192568585,-0.0081466219020111,0.0849351917989546,-0.0228615110602303,-0.0088416400207517,0.0369801601064651,0.141996563454667,-0.009723933956256
5.in,5,1.00000000142217,-0.187173630532981,0.270375205546465,0.166144908487133,0.238044042418871,-0.0858271051304695,-0.120762149487371,-0.241812212007447,0.0336906908213147,-0.0180378491359643,0.357676355183344,0.252161648191,0.360114585072365,-0.0076102937562263,-0.189106565760338,-0.150351635036382,-0.0191207190518899,-0.0086428206852815,0.218397812113464,-0.0969671440653485,-0.0698926686230792,0.0620975465317339,0.0132974060332882,0.150665518809244,-0.020091961281872,-0.0423709724820455,-0.0411851584462003,0.0355950605925471,-0.0475504572815998,-0.0931753291310526,-0.0109662724690411,0.095388433274662,-0.0168660824071655,-0.0187100732740411,0.0451493412706622,0.163772176192709,-0.0180184679921323
6.in,6,1.00000000156616,-0.0631715162424277,0.103135986628316,0.309885081054877,0.0628263732432405,-0.027914262595215,-0.0674964246768104,-0.192913941335951,0.0126064779309651,0.0353005590235902,0.345525912916294,0.231300517839953,0.21192020142489,-0.0303052215300594,-0.0477444079612517,-0.0914894193803673,0.0144562280294248,0.0203806462958993,0.106620578710793,-0.119055377055309,-0.0374316548301658,0.0212633569370533,0.0588078144883477,0.108824038064838,-0.0007643601143128,-0.0652393398447504,0.0003527583069838,0.0853998757715862,-0.0283294409487264,-0.0621408529695688,-0.0125176282669016,0.0527284426661451,-0.0265059161171161,-0.003213864712852,0.0315303470819289,0.128387801729973,-0.0081690375175669
10.in,10,1.00000000144497,-0.213604480083575,0.196905598212154,0.252444965011187,0.161678426004815,-0.127580885811759,-0.146097154229584,-0.246697795143589,0.051858469641314,-0.0404342811038809,0.392888447323746,0.285214510370186,0.304932814458837,0.0076732061992687,-0.125935152423912,-0.173099830337146,0.0251361381128249,-0.0187668622366854,0.172646926317641,-0.118949832762889,-0.076626789651976,0.0787271320434041,0.0527937002616879,0.145418307327006,-0.027864520491434,-0.0632437745305529,-0.0179796332853595,0.0657171962255379,-0.0562632453560017,-0.10363180593011,-0.008637831532055,0.0737798310244793,-0.0128264680083437,-0.0225885897610747,0.0484914560683807,0.177173824517257,-0.0240582773597979
11.in,11,1.00000000134829,-0.182148948494005,0.21137826795583,0.219686233942668,0.219928886896248,-0.182392099410271,-0.115344608375994,-0.23251983314213,0.0374329572160447,-0.0207675571065474,0.403357620939137,0.289063985238908,0.324747926765917,-0.0062164016771922,-0.161814664569007,-0.147387279625655,0.0358087794688017,-0.009747994411624,0.188216143162989,-0.112279607232084,-0.0711570649502011,0.0598239235247592,0.049805309339248,0.157490483760573,-0.0216237555886103,-0.0584360706449401,-0.0210951781860706,0.054060751765119,-0.0456478371049285,-0.0898895473901512,-0.0094964795826256,0.078902538788848,-0.0156466727063939,-0.0199651042681559,0.0531703400202006,0.188241914519198,-0.0300659450507074
12.in,12,1.00000000144162,-0.0594154171838041,0.0399850385822803,0.37043589554745,0.0383428757617025,-0.112416665235856,-0.0534533348521735,-0.19006067162275,0.0124930670993002,0.0391027931641513,0.38934521386768,0.267814213214823,0.187069563882166,-0.0381121031951253,-0.0265969098117138,-0.0819973553647334,0.0630229108433776,0.0256521220105633,0.0817432682276717,-0.141516340864253,-0.036664322534687,0.0192863080600015,0.0883489152384511,0.114911891801298,-0.0012387908462949,-0.0796343278071844,0.0179068788715752,0.105718002473363,-0.02511466642144,-0.0585988751731657,-0.0079527127668086,0.0369257415630167,-0.0258827841475611,-0.0035310309113237,0.0403287544214998,0.147124794422819,-0.014886858924393
14.in,14,1.00000000162516,-0.151155120806728,0.0826532763336796,0.333840058938511,0.0992845643628155,-0.164038401982225,-0.0917532203708685,-0.222339047929757,0.0390068166649625,-0.0035965447808522,0.410349252608026,0.293310984104276,0.225479678959059,-0.0165428643301963,-0.0624413814255643,-0.133625544572996,0.0718649830976252,-0.0012453766964608,0.110672954974288,-0.13708021059584,-0.0636981861417747,0.0495667050356709,0.0863781275354226,0.132274623909334,-0.0156387307524899,-0.0802364054252029,0.0103728112483115,0.0921562869435422,-0.0385806036398285,-0.0837986669512641,-0.0107482918720877,0.048331415881152,-0.0174895198560312,-0.0160256026981503,0.0499488423001553,0.168619559451355,-0.023247121337379
17.in,17,1.00000000106132,-0.185306403234157,0.164904568077064,0.28344014222911,0.188566946542369,-0.237549149760028,-0.123982742037891,-0.239833879313625,0.0426584566067564,-0.0277499772754206,0.435794024872359,0.331290407248084,0.306800192576757,-0.0025340551484494,-0.123901799922982,-0.153100549964774,0.0628590834216706,-0.0143420511956357,0.165278214170022,-0.133420218984094,-0.0731198179965222,0.0642028249569973,0.0791444736250955,0.162994417599415,-0.0204143659871668,-0.0777034507113789,-0.0066883298132228,0.0723672839109808,-0.0492881991696641,-0.0956205787373498,-0.0094502173001493,0.0687542802571524,-0.0141942327038402,-0.0219416749955317,0.0589541153706208,0.206555331927646,-0.03428797309214
18.in,18,1.00000000154798,-0.063659873078599,0.217335810281381,0.304730430647422,0.0610875502960256,0.125072825827005,-0.0566353041594176,-0.186128589160044,0.0119804733575364,0.0407612015172475,0.341590206817248,0.227930814678135,0.268774063101616,-0.0327486666799051,-0.0647049848599395,-0.0849685055089167,-0.0885961102882755,0.0288974021479673,0.169910250434376,-0.122466599738396,-0.0394040933940732,0.0199796390980442,0.0533217386451346,0.108056739566404,-0.0021636770124582,-0.0609027310076686,-0.0377994730986926,0.0855829509720116,-0.0255526786726673,-0.0580258973588937,-0.0070714538941916,0.0837633487866071,-0.023457842844907,-0.0029415175330343,0.0172476555842851,0.12682716059176,0.0111098678538838
19.in,19,1.00000000143734,-0.0153177071592535,0.240457114438037,0.297731164493135,0.0971421854820201,0.0934149299382419,-0.0367058929148245,-0.181966638991827,0.0064183024303661,0.0562374387991369,0.355223361429248,0.24870021654817,0.299932951322703,-0.0512152634019782,-0.0753874840486919,-0.0584986956576906,-0.0854446558725729,0.0343664989229697,0.187040051478277,-0.121283791195913,-0.0209350070289788,0.0050620576924809,0.0519106276834546,0.122290493651674,0.0089015646078351,-0.0618848915570746,-0.0427213368348422,0.0800674465022122,-0.0178080333217405,-0.0469307743387373,-0.0086641445019533,0.0908596472972532,-0.0299076944090667,0.001819667532504,0.0211818634403029,0.142184062999007,0.0091113248557454
20.in,20,1.00000000145864,-0.141518166281098,0.256593529604846,0.283482576780494,0.114393545935605,0.0795846280729017,-0.101579044298436,-0.22108053030519,0.0320401296060279,-0.0054418470734305,0.367230528837431,0.256036523159806,0.305966035707082,-0.0156918765696502,-0.0949283221366273,-0.129104984143324,-0.0821034564111432,0.0007898257980571,0.195065889535008,-0.120916449307707,-0.0605472413924016,0.0505966868233108,0.0504903547290644,0.124663034756996,-0.0153072536777273,-0.0618806135323522,-0.0479865897629226,0.0774279851887677,-0.0401023399699271,-0.0841463062382621,-0.009193724048821,0.0935794087694746,-0.019066381348402,-0.0150953281478652,0.023656445648387,0.150035458655385,0.0034158651030117
21.in,21,1.00000000158355,-0.0896577632185761,0.273343888257728,0.247793236596436,0.162314589188192,0.0408972162106482,-0.0726814413095728,-0.206089872210948,0.0185683670756424,0.0201808673521702,0.377919241688894,0.271567064228485,0.329518421859138,-0.0335563306050043,-0.119261359856574,-0.0988390025214529,-0.0694840874839342,0.0165922091912522,0.212832961383801,-0.118515018813111,-0.0435773374071446,0.0307736924181271,0.0526951777765256,0.13883596654324,-0.0042114292928414,-0.0604729052046262,-0.0503118331679076,0.0668079429281542,-0.0290042552086275,-0.0690861984058206,-0.0075259874690898,0.100479198658411,-0.0240891834037519,-0.0081693278802909,0.0268366441723088,0.161902032996238,0.0007700715464403
23.in,23,1.00000000136468,-0.182650598161882,0.334451258332426,0.229778311338948,0.207903127864222,-0.0126274671261662,-0.116898886087038,-0.232881855029726,0.0411527241056438,-0.0221639037458222,0.404860917896256,0.290148500425591,0.38035873688555,-0.0074059491775914,-0.147592276591303,-0.149147963050082,-0.0678180980529868,-0.0085234852874669,0.246551583217278,-0.115066288446648,-0.0697770714404919,0.0598307665515879,0.0524094377691078,0.155830957579816,-0.019434194990606,-0.0608687727999524,-0.060520929042936,0.0569566273429126,-0.0460462115878509,-0.0916186065591853,-0.00833417029703,0.112258670495885,-0.0155136351815139,-0.0182100243364483,0.0366554479722142,0.183997475709705,-0.009742900343854
26.in,26,1.00000000130566,-0.141168243906523,0.200357474994983,0.3146592003449,0.0994694450868269,-0.0015210665763222,-0.0936930606951169,-0.22230240738512,0.0300523416878766,-0.0050402934159916,0.405838469410194,0.288696148837845,0.279010105564105,-0.0205297224817047,-0.0640520232169454,-0.131945679615702,-0.0294170459502879,-0.0002253932145681,0.17169777493606,-0.135326590229112,-0.0656648634980484,0.049101346877169,0.0829640254036279,0.132571072690734,-0.0150819744065257,-0.07605175642764,-0.0281148322843471,0.0878150898622096,-0.0422511279719563,-0.0855965737530475,-0.0071082828434706,0.0765939222077659,-0.0204783734630599,-0.0175166111793521,0.0334126560191058,0.164858288962801,-0.0038978172810866
33.in,33,1.00000000114421,-0.0920461362500403,0.164202703715885,0.361585960730238,0.107350383022418,-0.117247888955214,-0.0778179906030248,-0.207142194180494,0.0216581629929599,0.0235363181185789,0.455768667857754,0.349870962917441,0.284284819414215,-0.029912408493786,-0.0566418235136054,-0.0964942314492552,0.0200701242275268,0.0125647052156524,0.155327170402236,-0.152335199516817,-0.0439231623089619,0.0304631465161732,0.117311184272348,0.147504785001052,-0.0054972472805319,-0.0980984856306269,-0.0153234231513003,0.0997807920610986,-0.0322241552522842,-0.0697221943365063,-0.0103391927649871,0.070642567438631,-0.0218041062088294,-0.0074676667244617,0.043393794092211,0.205334038681763,-0.0198287141268462
36.in,36,1.00000000147904,-0.0655781502796426,0.255189510523333,0.36057409256321,0.0400592522621923,0.196544689388712,-0.0597247547348241,-0.195816356215161,0.0168894103520171,0.0335266431120328,0.381507509775471,0.264225128798921,0.287560140692986,-0.0381994742030604,-0.0295937753238288,-0.0821507430027221,-0.130780383695364,0.0225720811761099,0.193023342866902,-0.138684422553066,-0.0382844647219241,0.0242169356545121,0.0836129084040449,0.11384833137684,-0.0013854028462789,-0.0782275258651352,-0.0529873706348822,0.104335220198228,-0.0265576647224413,-0.0612266816784967,-0.0077960813884078,0.0948392458750994,-0.0248103399979201,-0.0061397130200831,0.0073092622344892,0.143022341559005,0.0178086335243978
37.in,37,1.00000000115985,-0.0148686576348359,0.301936182234195,0.34081117728921,0.0731905871779236,0.158569366930274,-0.0315054297124689,-0.175310270731456,0.0014823453912586,0.0611776824692958,0.396488647092421,0.278858427286366,0.320520108790377,-0.0488749817450628,-0.0513937123113491,-0.0562654899862549,-0.128853205643851,0.0369612490968082,0.217313607885555,-0.138159183955355,-0.0258229947095464,0.0035325302269589,0.0839105090929172,0.126371395992252,0.0064648164526402,-0.0768182195785648,-0.0614431758337739,0.0974049609350605,-0.0168057717361384,-0.0468079680530555,-0.008974556661376,0.107237031535231,-0.0279973840195541,0.0025990222705568,0.0154145476595162,0.160977193094334,0.0120346841642161
45.in,45,1.0000000013035,-0.096566492047931,0.275317886512249,0.358321809949807,0.105670080907942,0.0339251051255504,-0.0704653247967581,-0.209562567107502,0.0238886763279892,0.0179071631341561,0.460061424519011,0.346374565607285,0.331429500196982,-0.0334858055110379,-0.0555958930488613,-0.0989873525577114,-0.0747472867134639,0.0134358380719512,0.2166328971368,-0.151918312730909,-0.0495706755854475,0.0276390983023981,0.121481939954889,0.147694653945762,-0.0061042291919574,-0.0965722059749869,-0.0539238337271807,0.099475333377598,-0.0323387203547976,-0.0693730876962114,-0.0066438896587772,0.10124191437845,-0.0220238045350703,-0.0099954229957155,0.0296676980015485,0.204555648098835,-0.0022800062364891
61.in,61,1.00000000136936,-0.0166622099120122,0.0824419274458939,0.257031356334983,0.0965927970153306,-0.0344129428802951,-0.0131209247359446,-0.226379295440817,0.0026523968567372,0.0735206456377776,0.343421584199575,0.246442200212683,0.233800515604525,-0.0667811780802921,-0.099584452208325,-0.0567153105292747,0.0390370126890315,0.0639478723643979,0.142254779587686,-0.133772700776148,-0.0405273254061473,0.0155456998043001,0.073805257547561,0.111198554403013,-0.0103277310811802,-0.0647359035118124,-0.0015026997670197,0.0782035013475759,-0.0101929290912391,-0.0446668761754739,-0.006683113116878,0.0583485512043128,-0.0428248638888064,-0.0040130406697544,0.0258745888150817,0.133320864566593,-0.0060100946852112
81.in,81,1.0000000011727,-0.101082412211488,0.183510521011952,0.265743667757317,0.137063594189893,-0.0096585150971044,-0.0560666148261462,-0.247089330731617,0.0210778919035852,0.0339480391688506,0.397860988806382,0.302359554720976,0.303896808945064,-0.0363525594544501,-0.107916731616581,-0.111603950654529,-0.0032847440232242,0.0435988605416914,0.205132611988145,-0.144414176412806,-0.0700412389899185,0.0408682628576993,0.104188165815956,0.135092585396921,-0.0267145965262127,-0.078696897554527,-0.0295130715780941,0.0842087336288811,-0.0238410720923939,-0.0674854958100764,-0.0061890271881948,0.0858976035430576,-0.0342388483525855,-0.0150490895186252,0.0288177298152562,0.179058774070351,-0.0096353734456674
100.in,100,1.00000000113602,-0.213743356463993,0.265168356688852,0.31303243057712,0.126890202320873,0.0528659834353362,-0.132615364572505,-0.297472983492503,0.0506572049078243,-0.0319675563125706,0.451897612449585,0.358562950734309,0.348274809977918,-0.006861671544454,-0.091512356431448,-0.171951319126571,-0.0536559984530206,0.0019439178926614,0.24507207442461,-0.164761804347626,-0.105973464387339,0.0931699034124577,0.130268167994088,0.145681035898752,-0.0467152353896414,-0.0977043834946165,-0.0473360014635925,0.100584184257567,-0.0500095402706137,-0.106088067633629,-0.0085147829524967,0.101460598634743,-0.0244106334376037,-0.0335443376265945,0.0221195904332492,0.200640046029458,-0.0040072613048766
101.in,101,1.00000000090605,-0.175567058570477,0.28387785270186,0.295491985750637,0.158144293720552,0.0176545841074025,-0.0990855319152333,-0.2822043085215,0.037600585691168,-0.0068082904449973,0.470230604240628,0.366557682994285,0.37132466377087,-0.0190149730262866,-0.110630636126567,-0.148252663772989,-0.0484809274692342,0.0185863120810859,0.264486046989772,-0.165962327352315,-0.0903781033432547,0.0698242619622628,0.136429836131853,0.157333297441862,-0.0398018585958088,-0.0981498970723666,-0.0553071609214384,0.0952410924881957,-0.0406242584662386,-0.0887224202931214,-0.0060605444543205,0.108952859502976,-0.0289326421575941,-0.0265280734782729,0.0270970651628875,0.215853841425138,-0.0067482931096469
102.in,102,1.00000000128919,-0.0691959288778654,0.121861860686045,0.433360700803433,0.0001618832080701,0.0797716394489445,-0.0398998186848202,-0.241621848707703,0.0136528535349101,0.0500436767091659,0.450088795329175,0.344769860122638,0.235974237793131,-0.0469580326469798,0.0163209809014096,-0.0858763363272838,-0.0236866356266421,0.046557245490903,0.163098762536969,-0.186511044657242,-0.0592962302330805,0.0328225284990964,0.172547382685445,0.116763222187692,-0.019368027088906,-0.116681029455171,-0.0172044576690974,0.14263967861557,-0.0207082679672853,-0.0576123646333238,-0.0074155787233446,0.0681827322202248,-0.0382676213329959,-0.0145690504421809,0.0154083334620342,0.178693559763437,0.0058799467253098
103.in,103,1.00000000128675,-0.0116921793541729,0.142402477293257,0.409845906905119,0.0330901007063598,0.041685068886079,-0.0144157305303932,-0.225435109169227,0.002895393934057,0.0752851512594773,0.460055320508874,0.361396205092935,0.260471009361748,-0.0645780384576733,-0.0111196383927347,-0.0559070994120336,-0.0182817833402585,0.0604096691235396,0.175939487651266,-0.185821444007666,-0.0413019289568031,0.0134899222753672,0.165202763436794,0.128506261308676,-0.0091918969161236,-0.114462487010093,-0.0179773929643395,0.134188482380603,-0.0111932966898712,-0.045399635414213,-0.0076057121630584,0.0734637706062688,-0.0415618888657181,-0.0081916204300197,0.0197951015169539,0.19114557665618,0.0021476455185358
104.in,104,1.00000000106927,-0.148840658561782,0.155157576031507,0.404623795667473,0.0527336707474251,0.0218384710409277,-0.0768338916779452,-0.276219949506467,0.0323169324553582,0.0098252415944566,0.472329663756364,0.3564816213537,0.273180233988585,-0.0251857463865884,-0.0224229043883336,-0.124654199650501,-0.0129728722990078,0.0224952845490894,0.194448459625142,-0.18748322995806,-0.0841567292218093,0.0600700123808451,0.167363904764278,0.133801426925959,-0.0339644683049017,-0.113523411975682,-0.0224031541033562,0.130997761198719,-0.0323695459895998,-0.0802590681460786,-0.0060090403057062,0.0774801125636982,-0.0280593878939639,-0.0239170249096896,0.0243941316481532,0.198890133467883,-0.002488148442695
105.in,105,1.00000000125702,-0.0947500000431829,0.186515488000193,0.374664952346288,0.0920717255595573,-0.004810855566731,-0.0572244159513308,-0.253345143288349,0.0236375313488301,0.0346582259885054,0.489372956143982,0.382434303233171,0.306247669522254,-0.043700901139766,-0.0510003867989177,-0.102542270453748,-0.0120095277928234,0.0390134025519003,0.208555095442992,-0.185015285953532,-0.062990461960075,0.0432597857490117,0.162879103979249,0.145869401756423,-0.023845651073005,-0.114881425791962,-0.0287902350866559,0.121234960041416,-0.0250514243824136,-0.0681854818116519,-0.0066599681471121,0.0853561286159993,-0.0348997912021222,-0.0188860553869738,0.0286137397213678,0.213917124869281,-0.0062491002248805
107.in,107,1.00000000104218,-0.174659500987573,0.232478482689123,0.348943296747955,0.139089198389531,-0.0530236152113472,-0.0989065221962585,-0.281630110750867,0.0391161848217832,-0.0063396817610769,0.513629992945946,0.408058886466146,0.351240764036007,-0.0199290278013009,-0.0852163941885414,-0.148503150837376,-0.005379379410236,0.0173065654558679,0.240043369989506,-0.182662980346157,-0.0898546309339572,0.0698881485123697,0.167789303465921,0.164121710000896,-0.0376862782096049,-0.117451025910377,-0.0387224598581236,0.111856787483127,-0.0398685489439457,-0.0899356487886122,-0.0066771323049768,0.0946505463306162,-0.0283087417674164,-0.0248907822532294,0.0361482572439975,0.239845681302842,-0.0153773757527713
108.in,108,1.00000000117886,-0.0520071453848681,0.0814902564534257,0.178877179841165,0.100647604356742,0.101562828715635,-0.0200167401921163,-0.295171426529705,0.011832465163678,0.0669973596240284,0.263130561841601,0.199550723924391,0.234289064521042,-0.0632325674365297,-0.123399559970458,-0.0833614834985989,-0.0020367078550322,0.0761847118447264,0.176999399755162,-0.129659395076596,-0.0730128104566095,0.0413451953100404,0.054950742350063,0.0898724197093365,-0.0352955763477389,-0.0454254395663289,-0.0060884111306501,0.0706494725253151,-0.0129564034746552,-0.0545334345508009,-0.0037278616947103,0.0698693538161834,-0.0493291806394338,-0.0198246035470506,0.0062004380660794,0.0915428148341072,0.0106007093543634
109.in,109,1.00000000146085,-0.0118113513434566,0.108588750008021,0.16201871677583,0.14309056247863,0.0826983789616261,0.0150597446681681,-0.263750044285443,0.0015520521228191,0.0867820073110249,0.277850418760842,0.213573065436657,0.25520998285183,-0.0780929842044652,-0.140910887700992,-0.0571431764040193,-0.0004040648765298,0.0882249283661194,0.195926259559758,-0.122567028285701,-0.0595863784609856,0.0210013141704006,0.0580893969298928,0.0984466002475161,-0.0279243631722339,-0.0458397503469165,-0.0156637826218333,0.0635163461545586,-0.0052341760728947,-0.0410558120486664,-0.0022095865477251,0.078488043270716,-0.0541085619005453,-0.0140444037419665,0.0073074517156325,0.102512113993172,0.0103371693358859
111.in,111,1.00000000112108,-0.0961908877158641,0.162183173089836,0.129230676225315,0.195383027199626,0.0271070333903437,-0.0391534563950614,-0.301608355843962,0.0218292232810615,0.0469432967469789,0.312355061493533,0.239229201623161,0.302252618108093,-0.0509819617323677,-0.190597546725071,-0.105494400387537,0.0076066219947665,0.0646616600013145,0.229305091764616,-0.125434356766226,-0.0865774439143733,0.0536642154432067,0.0550527258170305,0.11879836749312,-0.0445726286464638,-0.0452884356645886,-0.025442574793294,0.0508273529355378,-0.0184146679291552,-0.0666666603750083,-0.0034427405313041,0.0869581762637371,-0.0454336785419435,-0.0253752854608773,0.0183175337696354,0.131373536147039,-0.0017683048106088
112.in,112,1.00000000122965,-0.234201353478598,0.177168262177069,0.1090753826818,0.216841427741565,0.0037580783685756,-0.103075710780988,-0.344333507442297,0.0496880610724441,-0.018112019761565,0.306140729174113,0.241270216681783,0.3135439827734,-0.0157760150397467,-0.193353840369216,-0.174206206745281,0.009432616249783,0.0284420766856893,0.235367624843798,-0.119965230055643,-0.122807663692476,0.0965510056559182,0.0620216956056045,0.124162623829147,-0.0661193819425668,-0.0426979089171786,-0.0251361932901127,0.0443948188120918,-0.041717192998371,-0.0962959725551461,-0.0027142931940949,0.0898754195028819,-0.035030870399041,-0.0420619216911824,0.0187730579841552,0.135513536158835,-0.0025766689957079
113.in,113,1.00000000111526,-0.17682270648838,0.211837253255072,0.0861953584062359,0.245188561186816,-0.0236646181308788,-0.0848728123707752,-0.331386256856001,0.038638854329488,0.0023719042026943,0.328879340343269,0.263522612898168,0.352580305549876,-0.0302785279905458,-0.224259513080887,-0.150900774325064,0.0136736049715755,0.0442265464978061,0.260346997092294,-0.121573483309952,-0.107933746375491,0.0814382466401501,0.0536556996470725,0.135190607594789,-0.0563945839488738,-0.0475058609392314,-0.0377189257096243,0.0371775411782506,-0.0362378450149994,-0.0886944930889818,-0.0019563409604514,0.0988998915702423,-0.0403187535351452,-0.0327405002363445,0.0255478687882028,0.152331382881678,-0.0087425085376037
114.in,114,1.00000000157418,-0.068653333467803,0.0202960094648135,0.239040619807164,0.0877790991100756,0.0263603624085759,-0.0193612557858862,-0.289632891343574,0.0158424960679743,0.058662431799296,0.311941560783905,0.233405275513142,0.202298065433785,-0.0658256984806315,-0.0996728779085681,-0.0853751577764578,0.0451181677682251,0.0721208359147541,0.151030070159746,-0.143795808061039,-0.0794121767035403,0.0414790516299755,0.0901367508790217,0.0946741526814925,-0.0377240461655021,-0.0642757930917937,0.0079709426362282,0.0862396493075973,-0.0138521575997591,-0.0597416279285825,-0.0031119571225135,0.0523816653919828,-0.0490361444853216,-0.0236605432751502,0.0133058342381425,0.110094962559388,0.0063852738934767
115.in,115,1.00000000112996,-0.0146217872550056,0.0539856489839577,0.214094032605102,0.112245938361383,-0.0016547159398451,0.009118698401248,-0.275899122620926,0.0061241614662731,0.0825533802021995,0.328014106724373,0.249455077680235,0.229156165272833,-0.072726791727518,-0.118259775076765,-0.0566704222407608,0.0458974380541048,0.0858963840101754,0.173394232048789,-0.145071783715848,-0.0649066345236343,0.0281731201498487,0.0936417144802272,0.10877592396664,-0.0285868867568847,-0.0626489600161419,0.003597322248759,0.0813264344084524,-0.0041356892050037,-0.0439666880186399,-0.0016756529632966,0.062163250307294,-0.0516959101707873,-0.0157179451672928,0.0203673301137198,0.125867517960437,-0.0005024158630263
117.in,117,1.00000000125948,-0.0937942826508851,0.105786627219363,0.171005904224864,0.169372076422091,-0.0561687784692858,-0.037377494146254,-0.303937198282123,0.0183369384922226,0.0441606421706015,0.34168638222419,0.272433117052116,0.282356155152453,-0.0485396744047831,-0.157524990143348,-0.106329528365759,0.0590324000975967,0.0673974638495062,0.202729062545506,-0.141195918591601,-0.0860347255391588,0.0538857112806447,0.0885492382798234,0.124736400476352,-0.0432538557086666,-0.061828766533473,-0.0059832503963218,0.0674085065159597,-0.0203724788794292,-0.0635787009211164,-0.0024705452492379,0.0704776562523195,-0.0461066148322855,-0.0220547258440536,0.0278872633790385,0.151066380595848,-0.0106573115192075
118.in,118,1.00000000123382,-0.226066049451693,0.109233264574623,0.16882857903181,0.190626507806846,-0.0811727678490379,-0.108920112952312,-0.35174677094459,0.0479961702570784,-0.0166246824364214,0.356896210357324,0.281431895270218,0.292271272486397,-0.019903669013135,-0.170663692276066,-0.176491920357773,0.0606197272554284,0.0249502132356324,0.207328174167072,-0.140737589184929,-0.121606877733679,0.0965692279233188,0.0853604052749058,0.132442464236434,-0.0650722410360255,-0.0616189858781755,-0.0064021671353299,0.0648955593355086,-0.0419944225289173,-0.0997770339427413,-0.0059297974528395,0.0724093250892673,-0.0362277960920957,-0.0427773969803992,0.0282306024450895,0.154723155754926,-0.0151179683299865
120.in,120,1.00000000138605,-0.0719100941495241,-0.0222841891518115,0.277105997981726,0.0582452177914958,-0.05096342862646,-0.0181461459704588,-0.290769257506636,0.0161097084111527,0.0581903663975978,0.346778360732412,0.276176099339122,0.180589721797472,-0.0621033124330727,-0.0610759609736747,-0.0883249806609493,0.0944551719737759,0.0711291460749887,0.120431461932407,-0.163285000869661,-0.0785440168621606,0.0406778956698022,0.125330618171385,0.0982941756992825,-0.0380394430106408,-0.0809121467842594,0.0252849876008181,0.102371785340025,-0.0148158693160729,-0.0589682170568405,-0.0010380051216841,0.0408361894369448,-0.0479917912014437,-0.0217830202675773,0.022638262069807,0.130318790473238,-0.0013741388477141
121.in,121,1.00000000104991,-0.015304171528852,-0.0019519581118139,0.261803133182985,0.0919877532114894,-0.0696831575997892,-0.0020048084521533,-0.277225033401965,0.0059414235280408,0.0849474446062968,0.362690752670792,0.289618889600791,0.206825835650729,-0.0698665434462498,-0.0942390031643632,-0.0634773945258247,0.0930046266744109,0.086141483957357,0.140052406728239,-0.161225561420604,-0.0651384804616889,0.0316723859717268,0.122134854219986,0.111392682933194,-0.0306748930177989,-0.0806676669170218,0.0214750398452045,0.0987762814680892,-0.0061624351832924,-0.0445916242746282,-0.0040760988433129,0.0447049051919954,-0.0508655548034319,-0.0151142755502583,0.0222880344321563,0.146171858540493,-0.0090050215144623
122.in,122,1.00000000124281,-0.156858519228076,0.0154527979396738,0.255938011978538,0.111632684092367,-0.0985368576230013,-0.0671798135120119,-0.322360467919258,0.0344035012331914,0.0175355816722344,0.377207572601929,0.295786460655638,0.222226372978381,-0.0397045545831026,-0.103473920554447,-0.136836004889544,0.100319003715079,0.0474430079170413,0.152728045342355,-0.162664080414922,-0.102666126810982,0.070811787353286,0.12193519079192,0.119216076229386,-0.0524537494399806,-0.0805569802167589,0.0164671311129218,0.0939399573921657,-0.0291212186353215,-0.0802501549087089,-0.0033953548179364,0.0490273906854384,-0.0415860864848496,-0.0334223715254064,0.0290314704565468,0.152863104148001,-0.0127686342257489
123.in,123,1.00000000113192,-0.0839717846321958,0.0251782380763172,0.241410134868398,0.126189598735722,-0.139798434859518,-0.0475782656000388,-0.300410321674087,0.0100945220699461,0.0496060953490444,0.391000590930298,0.31344906223398,0.250773190714361,-0.0538661402819495,-0.115646710532842,-0.106491985047797,0.111439541631324,0.0663402399568318,0.16003512235013,-0.161898740063821,-0.0796830955033524,0.047435104276885,0.120530265687936,0.126562629323771,-0.0397190397466544,-0.0857307604082292,0.0148601981594164,0.0908846484440693,-0.0182026734754172,-0.0635385885380812,-0.0053055566616309,0.0521070305983757,-0.0484721507739078,-0.0229064853866978,0.0327942944139636,0.165606223476079,-0.0215853985232592
124.in,124,1.00000000117821,-0.224695658064578,0.0553554539597183,0.22998636440724,0.165748810143086,-0.148119120988329,-0.101882771996819,-0.348348445020941,0.0519763290612334,-0.0200407664260795,0.395697524605553,0.319537391356895,0.266832842248651,-0.0192058646961573,-0.139402047538064,-0.172177669695788,0.0992600137085207,0.0262956145296332,0.188766539701032,-0.161109272557439,-0.123780091235471,0.0981411321654544,0.120019406054979,0.136364013681924,-0.0672574775925465,-0.0773057230131006,0.0103756766744782,0.0848000181009096,-0.0417191890461646,-0.099599256005344,-0.0037451471412534,0.0623266028519922,-0.0327127650339073,-0.0446540846198054,0.038570398382515,0.178042435906433,-0.0189761133713915
125.in,125,1.00000000114516,-0.183213925287539,0.0864916099036445,0.196341826072688,0.199283124788127,-0.185787653258669,-0.079542945252918,-0.330447379471863,0.0413963603419426,0.0046453571967703,0.410693297504129,0.331002400122495,0.29044125267196,-0.0299738263778872,-0.164317251177831,-0.150783805168096,0.110856680846774,0.0401532331993514,0.201738932824027,-0.157139382331284,-0.111647604278701,0.0818034876468713,0.120523539774519,0.145644243096828,-0.0580787897636084,-0.0787104509859323,0.003544178034121,0.0739452539830228,-0.0344005611721275,-0.0881864466474029,-0.0030287172701386,0.065428030848651,-0.038200152214804,-0.0370797782420002,0.041762192794671,0.189215080678258,-0.0271061601714036
128.in,128,1.00000000140524,-0.14119353273762,0.177481824901612,0.190152861971093,0.134823215031349,0.131186267017068,-0.0664419108439746,-0.325936727641514,0.0332720123079209,0.0176931981586024,0.32782493790635,0.252025944312909,0.302255765058565,-0.0435263613359942,-0.134250074322833,-0.133311917215832,-0.0460011818633552,0.0508265188499507,0.233225400494535,-0.142363014986759,-0.0987995177543978,0.0676562290590118,0.0850757679718136,0.111689098736733,-0.0512209894698687,-0.060810996213098,-0.03699736987922,0.0722261049078013,-0.0279766978057643,-0.0789371971095298,-0.0026423879803185,0.091880820468554,-0.0414759189498095,-0.0333473706790172,0.0077635305961823,0.128463848724786,0.0131305720401533
129.in,129,1.00000000122547,-0.0960402207507601,0.209835774393599,0.175765541218827,0.177715783028462,0.102574925183601,-0.0336980157811444,-0.298606742133662,0.0213681191604218,0.0486479906379397,0.34953376292346,0.273332568749765,0.324758372752305,-0.0522704423280292,-0.159369416338194,-0.102632588160276,-0.0411719753889649,0.0618391883379375,0.257381177195881,-0.140252298856626,-0.0847172894437376,0.0517924936101191,0.0882512940228596,0.123265636400956,-0.0408903851284311,-0.0630977000413136,-0.0459427797114496,0.0652422333996149,-0.0207036074440932,-0.0653267058988161,-0.0037579709706294,0.100353970772916,-0.0444894555833605,-0.0245165360040506,0.0096986464789469,0.148351007062944,0.007625402313691
130.in,130,1.00000000085333,-0.229676563999472,0.229344082412579,0.170814241502795,0.185545334237937,0.0784624980848596,-0.10448849817379,-0.352576609335502,0.0505358112345956,-0.0183413431080586,0.355358278044734,0.27377183265692,0.345140082987537,-0.0196038118721155,-0.1660740045844,-0.174642838500751,-0.0400154333071319,0.026497792972432,0.270990453860533,-0.1437374131614,-0.121976637467649,0.0962641072748026,0.0865242436423697,0.130341745345968,-0.0649292878129417,-0.0611209179329018,-0.0458782890562243,0.0653184765057809,-0.0431618379735014,-0.0995120741280662,-0.0030662009622481,0.105686446268697,-0.0359780766067564,-0.0419041698732116,0.0165733276274769,0.151595734339026,0.0038262531118613
131.in,131,1.00000000100405,-0.187861130123187,0.26184512390727,0.143720197983392,0.234169160225292,0.0496523474790318,-0.0823191380695704,-0.325687311900019,0.042683627564934,0.0081851874882094,0.373203853027995,0.300406588525274,0.365126394725568,-0.0278237142096108,-0.196531802537186,-0.153029941745902,-0.0368340687444954,0.0414253712567934,0.288639448432374,-0.139878058406109,-0.112256309559213,0.0833894318809405,0.0865614034818974,0.140391271864104,-0.0573476119381884,-0.0624215970008984,-0.0525983942140981,0.0572467992293203,-0.0350951511400015,-0.0891177215134512,-0.0038859207026819,0.110474682728636,-0.0416008796869599,-0.0394807432362355,0.0185981088930896,0.170767629798207,-0.0029248612883905
132.in,132,1.00000000119773,-0.0677040931859096,0.0832090665372857,0.284924724310742,0.0539018552461342,0.106979114242682,-0.0243494050413926,-0.294205219548024,0.013069585268025,0.0611765452346855,0.340658283274148,0.273623353836006,0.230266876106155,-0.0638039479107891,-0.0608783285806379,-0.0865491003834852,-0.0042292215185256,0.0698272325416167,0.173018399493442,-0.163445424934376,-0.0751798612550918,0.04250735754492,0.117798635225541,0.0991053035598837,-0.0351454832127067,-0.0814914102535425,-0.0092868444500951,0.104209839190328,-0.016161595113972,-0.0587730381216527,-0.0039128517064388,0.069200279532705,-0.0482037418310613,-0.0234509334493383,0.0057960745350525,0.127819465827676,0.0140622202412845
134.in,134,1.00000000121279,-0.136231851862633,0.12709161231867,0.252995329003731,0.106130795632847,0.0561937133417377,-0.0611339355431896,-0.317734767930127,0.0268054828512127,0.0228229332416368,0.373469751301421,0.294049247808695,0.27242933241944,-0.0380021330973954,-0.10124240939812,-0.127172635036036,0.0026075957317715,0.0548795084475522,0.207606661965862,-0.162366853910998,-0.0988577522352366,0.0666295229682809,0.123965583289246,0.117567031470749,-0.0513381812682798,-0.0794031879782926,-0.0188272284334391,0.0985935372801211,-0.0265474085544993,-0.0747577037019718,-0.0040871672950018,0.0785855465809501,-0.0424597938901224,-0.0285628939879954,0.0129164672138129,0.155684475998891,0.0029239670277282
135.in,135,1.00000000092946,-0.100973423191822,0.155891338657841,0.230228510333903,0.137665517653235,0.0221812107098909,-0.0406605350035565,-0.297175399156698,0.0118753783749962,0.0465580668838569,0.385322772063334,0.303426323923566,0.305987000911036,-0.0549159470899128,-0.123966947080112,-0.103173677423222,0.0157644813278426,0.0692715435089852,0.226726775577648,-0.159695933318938,-0.083517775880527,0.0487104407613222,0.119789903176078,0.125192727974176,-0.0445018859760144,-0.0786304841920815,-0.0262063713036218,0.086472223406514,-0.0168918511692877,-0.0627891190391442,-0.0031735033501655,0.0839511375479797,-0.0466954378832361,-0.0252207230585494,0.0190729581645165,0.164710512768874,-0.0018254346969088
137.in,137,1.00000000110675,-0.17205367437772,0.20873630404311,0.197643314689954,0.19532747947248,-0.0201766746392611,-0.0721176846205636,-0.332709018039629,0.0372478987364841,0.0084106593887711,0.405807083116743,0.328057759774306,0.34572919124826,-0.0324589201902426,-0.1580873047023,-0.14252218701381,0.007143911622117,0.0459617745980572,0.263383191856807,-0.160422136513452,-0.109325635331934,0.0759508121155577,0.123182455753644,0.144713475894417,-0.0562088518375825,-0.0786122990226915,-0.0341076566606123,0.0765838066004134,-0.0310524687311993,-0.0843108359894318,-0.0015976850845505,0.0980215756678385,-0.0395134316616966,-0.0343170279838046,0.026044380782013,0.186636796718491,-0.0070253908590869
141.in,141,1.00000000095804,-0.0922531427648033,0.0967450742701398,0.2773025139745,0.116151350572553,-0.052764795006092,-0.0396302072585036,-0.301377595230275,0.0184955550714713,0.0448247355823389,0.427778505600517,0.350839386486176,0.277970671697816,-0.0531893889239942,-0.101049739583803,-0.102825485062211,0.0593799897036595,0.0667801953972283,0.200377662591899,-0.178663178572009,-0.0850215158401054,0.0526124471551793,0.152924000031365,0.129892087919796,-0.0444704070952397,-0.100349816546356,-0.0088766182072732,0.104030779684173,-0.0196569534307512,-0.0647243327909455,-0.003250049258762,0.0688137728984035,-0.0475977263354189,-0.0238875440368021,0.0256091924382976,0.187036730198477,-0.0100614698287122
142.in,142,1.00000000091871,-0.219847507255048,0.108359628888044,0.279388417000251,0.127808407818438,-0.068979957564216,-0.110627352828215,-0.349099312387935,0.0476939202349862,-0.0214424066212816,0.43581343287907,0.355095414513886,0.289120640740327,-0.0215627002604639,-0.111063089154533,-0.173865567225328,0.0511182325149922,0.0310959547273725,0.209836570861782,-0.183826306103371,-0.123792865827487,0.0984950248079757,0.157560077623648,0.140167590398146,-0.0662876390501682,-0.100289836025293,-0.0085066471153034,0.105366396632648,-0.0418161688789372,-0.0984186863143366,-0.004054309569015,0.0717669628732144,-0.0375344751885281,-0.0397411099019454,0.0251471007610854,0.196074965523218,-0.0116302174033966
143.in,143,1.0000000007889,-0.182876292788451,0.133049382993262,0.251052882445252,0.175924106117704,-0.110185480583431,-0.0745322331611567,-0.330801869277266,0.0390754886159201,0.0049959291832771,0.455499267822223,0.366840296884901,0.31069916595838,-0.0304500923140578,-0.134307389047847,-0.149336360928996,0.0678572046522292,0.0418327862634224,0.229890516065637,-0.176188814348007,-0.112923430768751,0.0796574934118578,0.157998472017659,0.150395004934382,-0.0593256975787404,-0.098258629506472,-0.0150309979527584,0.0932183696286759,-0.0324725812506924,-0.0868875696721506,-0.0024263898104152,0.0789631254670988,-0.0398973569797479,-0.0373972220235979,0.0353056457341901,0.208186008581904,-0.018499234329141
145.in,145,1.00000000123711,-0.0113240811162057,0.219927145059765,0.261456437354042,0.0931836499908056,0.236967342976519,0.0122339779153214,-0.267277820656795,0.0039865898128296,0.0893911262249922,0.366348080634908,0.285198420573087,0.306006039286188,-0.0753634525940697,-0.0867871102454404,-0.053821811539236,-0.100663741200023,0.0867914488320704,0.258117283051514,-0.163259278766761,-0.0638275750464173,0.022942209150973,0.123852532962741,0.10878201223881,-0.0300170593070664,-0.0810468644379518,-0.053710422559937,0.0982763044356428,-0.0023324132510614,-0.0416242151978971,-0.0014660943586866,0.105703838004024,-0.0527375822031433,-0.0164307712528309,-0.005301259419734,0.145680507419571,0.0239543162171489
146.in,146,1.00000000122603,-0.141399977709599,0.239561619813662,0.247415489426273,0.108227963698236,0.204969098536052,-0.0677400038670884,-0.322386667007263,0.030273646153196,0.0209280165307836,0.368682900476692,0.292677415006638,0.329405025309468,-0.0377863864420812,-0.104637573386831,-0.131257456170254,-0.0921588601216851,0.0520942841856789,0.265987091452339,-0.160697659758171,-0.0977225699475894,0.0706185162632979,0.11741904588592,0.116980323402149,-0.0512813664411231,-0.0794195185516895,-0.0543939445344055,0.0934601890560076,-0.0282502264238599,-0.0778030111389929,-0.0039038858871048,0.108658460777317,-0.0420551585021954,-0.0292571994362279,-7.16358943988991e-05,0.152882407102961,0.0174051825231191
148.in,148,1.0000000008563,-0.223630007278949,0.285521654882405,0.219443104690637,0.16673958309366,0.150413464564951,-0.102727730688608,-0.351738517031815,0.0482785922643719,-0.0196234227324452,0.389491908565594,0.312475841246247,0.369817028997209,-0.019073001007578,-0.144698909550598,-0.171859334370054,-0.0829531967861633,0.0307827682192957,0.298782270757351,-0.158881788232096,-0.125095046887365,0.0961691204566471,0.119760269876424,0.135696172038731,-0.0661537645958459,-0.0763280189575657,-0.0624183521105255,0.0810853470494131,-0.0424482466893959,-0.0977821667568533,-0.0023453519524018,0.119389440928004,-0.0352529344815298,-0.0414659482875405,0.0082833222273714,0.174028241505976,0.0110391975979192
151.in,151,1.00000000101841,-0.0050072241182611,0.162895402136095,0.316603772924844,0.0648022174000751,0.149965671117879,0.0011151470493333,-0.284181260996292,0.005931780446152,0.0878434753731085,0.404419274743913,0.320819419589826,0.291435880711002,-0.0763411169680834,-0.0631855839277256,-0.0567149512446699,-0.0525335748124583,0.0878297707990159,0.23428166392882,-0.185361394875003,-0.0643886518324391,0.0278414388823835,0.155476344649188,0.118993550903599,-0.0268863106410696,-0.0982379950565094,-0.0339934871126902,0.114827018831801,-0.0043356434059401,-0.0429780300865339,-0.001914985295149,0.0916617970379928,-0.054073221288046,-0.016353703967868,0.0012922638411549,0.16400991112372,0.0147940609828343
157.in,157,1.00000000119649,-0.0231073987783187,0.107949698696149,0.364791941362572,0.0406618188479306,0.076846236531058,-1.32118057926035e-05,-0.276272540365516,0.0052405892601366,0.0838365509924456,0.446607690699055,0.362616501039686,0.255747869662547,-0.0741795582916146,-0.0354561197881937,-0.0620544128964999,-0.0020776346939271,0.0833459468886749,0.196798772521328,-0.20000361241134,-0.0663308323644729,0.0274939949809866,0.186158711465653,0.118953201968776,-0.0308333027215299,-0.116646795511373,-0.016670394118294,0.134535097209086,-0.0062466744851176,-0.045930381339836,-0.0045994192914569,0.0742014306342811,-0.0529353296338671,-0.016259304602539,0.0086238579520597,0.181296840133875,0.0067543430934723
160.in,160,1.00000000133635,-0.229940090867694,0.162167667319083,0.327754671017849,0.107471138112644,0.0007333725171349,-0.109287646954049,-0.349132331304153,0.0497799951356755,-0.0198348951189536,0.480029420073751,0.390676308603392,0.309015320141308,-0.0160366152343478,-0.07832390163432,-0.175686759252013,0.0148362248643161,0.0288570582059114,0.234643928478926,-0.198740212109374,-0.124619111458874,0.0962290837707888,0.185379581877623,0.142401661487466,-0.0654672489215775,-0.119011979721934,-0.026798772930887,0.119829208184257,-0.0412047864901521,-0.101509485919357,-0.0043129156866826,0.0873611742712854,-0.0366253729392362,-0.0415809744465828,0.022573324160539,0.213429664225726,-0.0073112890225645
163.in,163,1.00000000134994,-0.0086385254237783,0.0718425085031588,0.128587539071885,0.147848117121903,0.105856952367613,0.0173213602301652,-0.326960105633619,0.0027230294974352,0.0986152591293869,0.263099131677894,0.21855755498421,0.254154354848847,-0.0866594629828622,-0.173317857049133,-0.0549378887386649,0.0102155303686294,0.110054367451709,0.217026304377373,-0.140095757628982,-0.0807764991605029,0.0398181983961847,0.0703502834161912,0.0945018234261444,-0.046771272769372,-0.0438420132308775,-0.0075923380352683,0.0661894251349369,0.0017425215008619,-0.0422236796863205,-0.0034645726471018,0.0744781089009183,-0.0643389392703651,-0.0257290511426652,-0.0001511738822752,0.099279335742567,0.012036845596402
179.in,179,1.00000000103743,-0.182725645020634,0.0469680587670293,0.16498945292003,0.205907066219714,-0.151565093740808,-0.0639136430892576,-0.383764026808491,0.0382435900047194,0.0192753250962639,0.399454138813433,0.331079483454599,0.287447937148012,-0.0429942331775148,-0.187427878769137,-0.150896238825043,0.125032349686567,0.0650034604684326,0.222063706307239,-0.174717878284686,-0.132856328046456,0.0942857911461653,0.137379255227349,0.139282353880023,-0.0764178511359606,-0.0794188617482148,0.0089100472675894,0.0786702974642743,-0.0291246758119727,-0.0879749783720093,-0.0006593969610155,0.0655894840243389,-0.0512046160929926,-0.0480149119231008,0.0328990198320526,0.181936437918212,-0.0215912272090123
181.in,181,1.00000000118826,-0.0187536687123827,0.124493897476353,0.17624518741737,0.123718763902406,0.185989238392658,0.0225598418565709,-0.324050198998009,0.0057492109999172,0.0983471278343498,0.308677046782363,0.251771459848752,0.274621277147276,-0.0857100636908361,-0.138842874374311,-0.0638793876641269,-0.0309066352069324,0.109506154994351,0.243411049420309,-0.155479396229117,-0.0863101596507267,0.0365300248787269,0.107263862869173,0.0971630298431945,-0.0479864572063488,-0.0631765620697721,-0.0298658911760911,0.0798158006441651,0.0008770190942229,-0.0436349492686409,-0.0007560259780994,0.089854487327634,-0.0643965112012027,-0.0258630661378412,-0.0066504588117291,0.1157987257247,0.0198057519790511
190.in,190,1.00000000098571,-0.239138481082527,0.131321725964521,0.178537657872883,0.182621125143751,0.0271576065220706,-0.0833970391796924,-0.400512750825629,0.0513825279203145,-0.0131470654438647,0.378686547219618,0.311998073287814,0.307729570698887,-0.0299366908431078,-0.162527125537637,-0.17938368282527,0.0313721322264086,0.0502192093649323,0.257331897096033,-0.168635827299129,-0.149109820256592,0.107131913579387,0.143764489878347,0.127903148663,-0.0866887459174729,-0.0803776483033638,-0.0231355979644004,0.0814260751207236,-0.0386562712267688,-0.0981256032021857,0.0005907233445625,0.0876605669060786,-0.047636315766169,-0.0521009569235741,0.012220251015496,0.164665182665655,0.0010635334251515
196.in,196,1.00000000109175,-0.23105118246337,0.0771542751826216,0.222383234287454,0.155906110711689,-0.0541508209910692,-0.0899420417831956,-0.403554168502461,0.0517229624858162,-0.0112266779974177,0.411967787214992,0.363277826112368,0.289083956141616,-0.0330706878147956,-0.13779432177987,-0.173531777905377,0.0739765019368901,0.0497614325341839,0.233512288806656,-0.189030653720011,-0.145706371401989,0.111487349919981,0.169791384649211,0.134042502962045,-0.0863636659000132,-0.0971928236401517,-0.0032553432855538,0.0978489591637329,-0.03774313209638,-0.10123532579364,-0.0020300580415964,0.0738995077983738,-0.0475220562831525,-0.054390777325708,0.0207866661359801,0.187973298737505,-0.0075081665235411
204.in,204,1.00000000092239,-0.0590494942923025,0.0891052210571012,0.296711499020895,0.0396469345276139,0.21049254958634,-0.0066188321324543,-0.342151967869197,0.0140737352280746,0.0758884128229235,0.378408675721101,0.313274841657151,0.252707586801397,-0.0789133576465806,-0.0552549587614674,-0.0869131471435482,-0.0363293418016391,0.0996137695536444,0.223760330081679,-0.196590985493101,-0.0939731155210129,0.0541490509025751,0.172653937425817,0.0973726525611778,-0.0537782419610673,-0.102801237695724,-0.0234679333614227,0.126549674150895,-0.0074396573333598,-0.0579060941879798,-0.0010876976196204,0.0810456743482978,-0.0624944026523987,-0.0302733334942214,-0.009213309719256,0.141259246876366,0.0249313961085178
205.in,205,1.00000000129812,-0.006377082478879,0.118409654387537,0.280780490794094,0.0671206382907781,0.172586426497429,0.0254019112870741,-0.324086645686423,0.002075800128156,0.102567461678761,0.387122189673762,0.325980445045199,0.276745193032098,-0.0887157565913412,-0.076888088586104,-0.0567791157986559,-0.0268574888016125,0.112860299772874,0.242369097390366,-0.195133556007722,-0.0814607749382282,0.0343793558362654,0.172728100788744,0.107823353665484,-0.0465084557239084,-0.098848497291678,-0.0271130800836828,0.119673863353931,0.0004788226843092,-0.0389027303103177,-0.0009278674354602,0.0867463051240414,-0.0647338331052679,-0.0230216119425585,-0.0052090473923694,0.154410850675615,0.018504927660536
208.in,208,1.00000000141132,-0.213767023375138,0.190024585628766,0.21906940915937,0.148528722650958,0.102037198939298,-0.0894913668560811,-0.400135997668167,0.0479681914795395,-1.65540566899323e-05,0.410548882183165,0.361886989148274,0.345385291427093,-0.0339971343587843,-0.131075713781167,-0.172400942311928,-0.0201203052760511,0.0567369817391338,0.2858035916605,-0.190316456469329,-0.139069992483876,0.105983074751917,0.166488178299579,0.132355524385241,-0.0810915478789402,-0.0993107774696338,-0.0386749844781829,0.0996321180775179,-0.0353276570602579,-0.0985239602362291,-0.0026122293569166,0.103993797821003,-0.0494911861356818,-0.0484315278856333,0.0074978721873505,0.18736273233472,0.007670037022913
209.in,209,1.00000000091223,-0.179453816536288,0.218550620779815,0.202317561068178,0.183429848401554,0.0812657208125877,-0.0588423201662219,-0.377016360414677,0.0388755010311072,0.0166682174092114,0.43722141502692,0.372733733241984,0.361654122139942,-0.0424063451981921,-0.157974154398491,-0.150712157721887,-0.0189348431500209,0.0677701218844573,0.306353029535339,-0.189874711517418,-0.13159266138592,0.0894651402692011,0.172157142141329,0.141246327033528,-0.0762317657679205,-0.100707518335939,-0.0505353152671315,0.0925315973943394,-0.0291110567266969,-0.0869160605818694,0.000825461375888,0.111707195731934,-0.0524537601377256,-0.0433350140022371,0.0088653541456066,0.200968375944541,0.0028186027301152
212.in,212,1.0000000014162,-0.153636783597822,0.0981181755844624,0.319821759774904,0.0620016713970372,0.0893469863227291,-0.0417431011050989,-0.371743650251253,0.0321422981151009,0.0317460626032235,0.442212864484702,0.364243793928683,0.272809612416235,-0.0478665069191984,-0.0595411349649205,-0.137111711197059,0.0150549202499854,0.0752886665447124,0.236039388791448,-0.21334992107585,-0.122431842013639,0.080613392385376,0.20764013681005,0.120768711193517,-0.0719799319366689,-0.11488386899547,-0.0177825074714469,0.133745107983962,-0.0227159259448329,-0.0760642125647135,0.0010279257443563,0.0825248852519511,-0.0523783306954158,-0.0399436918311559,0.0071507897700092,0.183684963352642,0.0066421544906347
220.in,220,1.00000000145826,-0.187385519633093,0.200845111519436,0.148205070764485,0.182918044129484,-0.0373071858292869,-0.19192278004567,-0.323260543177711,0.0401428221749721,-0.0157390264663684,0.312247835498392,0.257207409175046,0.384502769826294,-0.0170198877834894,-0.151312174834143,-0.191910943413687,-0.0178150501054182,0.0029999791847007,0.197724198338425,-0.118121976643193,-0.0601686258569478,0.0779747607522571,-0.0171243758417591,0.146156186198079,-0.0117264242196144,-0.0557213069182102,-0.0156270420253677,0.0486678002621708,-0.0644606540361479,-0.119884164494425,-0.0167475941769926,0.0897719949057095,-0.0228337107774707,-0.0097044659597563,0.0558346996002261,0.156287556196241,-0.0150996855181894
222.in,222,1.00000000129073,-0.0233014700951794,0.0535436288269557,0.273969507054197,0.0414607720324155,-0.0065904925726253,-0.111608312498692,-0.266863160430923,0.0041083774488069,0.0640843837122,0.30725800704603,0.256753412899467,0.274874652071734,-0.0616234558508021,-0.0379638244031142,-0.103742649313469,0.0165088572517095,0.0430004679703001,0.101205509608008,-0.141738204492446,-0.0113048651865721,0.020691262190597,0.0162850947924727,0.117549980899363,0.019657296125119,-0.0779863536025016,0.0203395409328672,0.0916685845865596,-0.036600660263518,-0.0767139942000566,-0.018483441427465,0.0523190611112697,-0.0363341578778444,0.0111966994299575,0.0466384047682444,0.13202323611413,-0.0063896561983195
224.in,224,1.00000000143975,-0.114630983760899,0.0954725804093405,0.237347620275142,0.104319385387731,-0.0501402008545768,-0.15208586811192,-0.296976337792786,0.0248293702188045,0.0233197135730181,0.335300846466913,0.272605323320081,0.310131245864161,-0.0402677550472431,-0.0833675255186182,-0.151486094571157,0.0222105309739042,0.0201405114673136,0.136368321470967,-0.134194180010399,-0.0421639206192342,0.0498586820297741,0.0161135860170446,0.135812675480823,-9.90847094140889e-05,-0.075100841773493,0.0098875134575681,0.0809476065923359,-0.0500174813903899,-0.0999595463172049,-0.0181384039716946,0.0619600695396381,-0.0298683553854353,-0.0027444640833442,0.0527622939679329,0.153670019507509,-0.0152774582686514
225.in,225,1.00000000130555,-0.0551643735280445,0.126961101547119,0.216911923048083,0.125668943979389,-0.105672904534819,-0.127555452949066,-0.284525406449265,0.0112282401905128,0.0465184673052187,0.342219544459889,0.285731095514427,0.347928279108211,-0.0521007604699384,-0.104236026090713,-0.122354934126647,0.0340331978391614,0.036302270661615,0.157060011193066,-0.141109423314873,-0.0204967633014175,0.0350694123231235,0.0144643205440791,0.147514767214627,0.0099356539287397,-0.0746053603202494,0.00700956562908,0.0741056786296251,-0.0408550926002329,-0.0842233305500331,-0.0170500735175271,0.0702224400262736,-0.0330406480451757,0.0087957115666249,0.0617135763315106,0.167527796232237,-0.0221381069894553
226.in,226,1.00000000132738,-0.19197487738319,0.148950193321186,0.187577845548601,0.163209994166135,-0.123868467556115,-0.196927641606259,-0.327688066053285,0.0398288656449086,-0.0180600451900023,0.343895603074276,0.298011873442219,0.365304175917754,-0.016871005750074,-0.122713751016326,-0.194266028442517,0.0375200643206779,-0.0018339401540257,0.165573995306239,-0.133327706250958,-0.0589199663961597,0.0785400384171913,0.009180456424404,0.152862762053914,-0.0119996425344554,-0.0725683013625421,0.0039520081424427,0.0636351225473501,-0.0651237896825206,-0.119963969370671,-0.0191279240110733,0.0750686368679162,-0.0231268877102009,-0.0111761625586342,0.0638123614737977,0.176063503888412,-0.024333226597736
227.in,227,1.00000000110531,-0.143675913735844,0.170472426373882,0.16887036208972,0.194616045622396,-0.152216529926937,-0.173835414562205,-0.31018116912658,0.0305901792867144,0.0071121883036366,0.359863795651886,0.312168908826666,0.393708111123993,-0.0319064205371859,-0.145125046657904,-0.165757054731627,0.0379777071700547,0.0144219343460957,0.183573673878856,-0.13399128313557,-0.0450374843349792,0.0612852550486801,0.0087675361050487,0.164483176962206,-0.0013575341679937,-0.0732090765207865,-0.0004985741296997,0.0570939332196672,-0.0561450680734974,-0.106869629004381,-0.0176403530164216,0.0789833947182571,-0.0270406857334914,-0.0029929820225509,0.0685682384835161,0.190076679987074,-0.0295173417961931
229.in,229,1.00000000114597,0.0248171519540221,0.0235420015094909,0.301650961943858,0.0563677345508482,-0.121709901313351,-0.090147676931368,-0.256720170338342,-0.0052268612899393,0.0854676626471683,0.357545510095496,0.30585974722995,0.281247155988291,-0.0751768027267782,-0.0397247301017888,-0.0751806562120655,0.0673346945002531,0.0572877437855323,0.0991471183053698,-0.159656678626615,-0.0006215405976029,0.0091840035816912,0.0449300574006205,0.134661665955842,0.0256923684823402,-0.0935557834584614,0.0352204721230349,0.100478219182887,-0.0284425547979437,-0.0664595647889917,-0.0186880124163246,0.0442917519532857,-0.0407289385321563,0.0147655853822301,0.0599033887891005,0.163760638119578,-0.020907633655571
233.in,233,1.00000000097783,-0.151947952680732,0.101875548267731,0.217539122409561,0.172150971113572,-0.23034265148647,-0.166894495876731,-0.311129975069586,0.0376993435262165,0.00575017967539,0.398778365978899,0.34387662305502,0.352773118626264,-0.0333030853457074,-0.117892616776819,-0.166581446177205,0.0908999534215089,0.012922059899343,0.15571400665791,-0.151753890295319,-0.0508596896707674,0.0652233234693868,0.047592804645968,0.17139460201245,-0.005902709699735,-0.0886724785419954,0.0199771123444712,0.075335828816445,-0.0566872572847026,-0.111325063867931,-0.0174370551367305,0.0608651048238926,-0.0282716715728796,-0.0082407636421395,0.0765801099527784,0.206523524096163,-0.03847631276273
238.in,238,1.00000000155601,-0.185247440870993,0.265233823602234,0.191183186207284,0.16047605968866,0.0348724861438224,-0.189338709728766,-0.328160717103975,0.0391726381689651,-0.013637463669006,0.341067815457005,0.294735368053517,0.415745934380366,-0.0182337527785199,-0.122333718970228,-0.189318642470941,-0.0656732870659898,0.0014694661490802,0.225975973718969,-0.134420316541765,-0.0623190399191442,0.077037048270604,0.01192725809862,0.154134446933134,-0.0114795861198411,-0.0702203743192093,-0.0317868394392727,0.0648045933360302,-0.0628988669015007,-0.119047274601673,-0.018480797130559,0.10693941771665,-0.0234628918634159,-0.0099346614137128,0.0495485108695288,0.175379605481745,-0.0078591095673522
241.in,241,1.0000000014032,0.0228460830796999,0.140793692099303,0.301756597176272,0.0579611929733281,0.0401658178545528,-0.0755544537340603,-0.246752611496414,-0.0065471938535589,0.0910665854821799,0.36345350952288,0.298389017248152,0.324616081461222,-0.0741380214658579,-0.0403127045002602,-0.0746365963314704,-0.0288638474702313,0.0587829085499442,0.156030544651689,-0.157738760571792,-0.002588988316084,0.0044492227222544,0.047827350069284,0.133090735783925,0.0245838933619181,-0.0907859758401679,-0.0057373286463959,0.101378228223577,-0.0250690157050809,-0.064236487532313,-0.0177259966792157,0.0757986190916985,-0.0406080999640965,0.0150625190648738,0.0436912952608381,0.161895169569744,-0.0025781517416487
242.in,242,1.00000000108043,-0.116887682473032,0.155100719838438,0.291585418862153,0.0769768834535179,0.0117220067798013,-0.15452519279624,-0.304110777548132,0.0282141210842213,0.0161979173964456,0.37014495363309,0.309287236169365,0.345276342539314,-0.0405477441769029,-0.0564328984673023,-0.149257922363608,-0.0264670279802201,0.0184484607011222,0.1682580608245,-0.160710198967587,-0.0417661222757143,0.0553226696457396,0.0466416023663078,0.142338068421578,0.0006201777749381,-0.0914756211001225,-0.0058290616433617,0.0970932640907953,-0.0527298084073935,-0.101037179216338,-0.016499351911202,0.0779921628154558,-0.0290483506087021,-0.0018974754793457,0.0457152845259328,0.168687702566591,-0.0054323298996535
244.in,244,1.0000000012766,-0.197112720603855,0.200280078187533,0.253045057668039,0.141990288859282,-0.0435662287008713,-0.191129153487493,-0.328830540199963,0.0446716164570938,-0.0201892189573585,0.392239565803551,0.332321712276446,0.388289363939974,-0.0202464431553186,-0.0944332900266152,-0.193638632854479,-0.0182421480541004,-0.0038331760708674,0.200753629906794,-0.153617657787786,-0.0635228946376612,0.0806214446154278,0.0460127156634888,0.161416549606321,-0.0131332930406968,-0.0903096264301132,-0.0158485663107027,0.0829965004153701,-0.0661919225326033,-0.121102858969341,-0.0176216994000213,0.0881694830751793,-0.0235110177352965,-0.0145663192466685,0.0541735952769846,0.192787906214107,-0.0141232481607293
245.in,245,1.00000000108244,-0.148389633265305,0.23625673397893,0.225482123642872,0.172672273111835,-0.0682933202800514,-0.174673837827754,-0.312546992002891,0.0305878266510786,0.0010782151178109,0.410149188241367,0.33921145373186,0.41963517663011,-0.0277567075782595,-0.11454090003086,-0.171322229058868,-0.0149905873463223,0.0117221117495718,0.223565315863634,-0.153300412489405,-0.0531246505018937,0.063999609829685,0.0477553752216317,0.169345079639329,-0.0059184657247819,-0.0899668016264181,-0.0243611435095667,0.0751254690437452,-0.0564750567495112,-0.11006285953079,-0.01841853977638,0.0986073084091761,-0.0276948464170084,-0.0055788310864367,0.0591851919090971,0.207553638230121,-0.0211813371761686
246.in,246,1.00000000115201,-0.0305301022129747,0.0560049453201995,0.38499957161569,-0.014199512968107,-0.0015734232291915,-0.116522857223291,-0.27070423083934,0.0032665556632785,0.0618998530621735,0.396742954702857,0.330461694135787,0.280245743066443,-0.0567075159516506,0.0174582926962569,-0.109225495346331,0.0124572766876594,0.0438844837066325,0.110703194263299,-0.180462773761348,-0.0167500590971338,0.0264809976863394,0.0814539681609282,0.127939016173567,0.0161337625389843,-0.113025886652714,0.0171402652710513,0.132381175249345,-0.0371900140808303,-0.0805930885503338,-0.0201952332145607,0.056289015185782,-0.03576761947446,0.0113155092592028,0.0471715502820623,0.172481968896085,-0.0087371759536481
247.in,247,1.0000000013478,0.0237847494301816,0.0698103390739785,0.363432870191399,0.0313643610063893,-0.050069653396124,-0.0801940084225448,-0.251014986555655,-0.004440659977431,0.0834104421447601,0.406393746879285,0.337606997551461,0.294531394647811,-0.0750055409996215,-0.0087495256992147,-0.0735524858819029,0.0202001551011421,0.0546967331895225,0.12254335101924,-0.177271466011952,-0.0047675340207915,0.0027455767297552,0.0824517233887617,0.140715869286685,0.0260179844465817,-0.11026990522907,0.0155465866802497,0.121270582147864,-0.0274324309429463,-0.064622061650594,-0.0167254953879426,0.0584650891231967,-0.0390466315673474,0.0132827051921753,0.0507456152377656,0.184205266134822,-0.010764211109868
248.in,248,1.00000000126034,-0.10923449703744,0.0988907632324818,0.338788511810944,0.0542947493283808,-0.0608904747463276,-0.151119987025858,-0.296859334492076,0.022096938164283,0.0200947772592677,0.41370867555153,0.346679025220664,0.318241930178862,-0.0384571261820233,-0.0265800691925218,-0.147145241315213,0.0265345908611182,0.0224838391414381,0.139204262054692,-0.175067978191518,-0.0410248626833005,0.0519120685634392,0.0800009961484101,0.144714010659993,0.000789478767304,-0.109841307066903,0.0104972719410346,0.11675025574076,-0.0479132896774796,-0.0993134939397635,-0.0182274027617545,0.0605923331960744,-0.0303982228256333,-0.0010212480088598,0.055058782247232,0.191336315918808,-0.0153760910262015
249.in,249,1.00000000100705,-0.0491681315198735,0.109027431017384,0.325393786841082,0.0798435162944064,-0.100632694635809,-0.119848216117075,-0.282289798920726,0.0092820734314325,0.0521307968171224,0.425166979560118,0.366391215158064,0.3371030941696,-0.0559634792046044,-0.0432386778671552,-0.1129270450355,0.0256504726869787,0.0337933698998683,0.157343650909935,-0.175951155936972,-0.0211290599536475,0.0296242585351042,0.0844376445819379,0.156366309046125,0.0106345725685374,-0.11304789357087,0.0076396264566217,0.106549819875996,-0.0417150059671241,-0.0829001130810449,-0.0174249548760656,0.068244637341258,-0.0355801769378612,0.0058886628361777,0.0579899870761534,0.20690017358119,-0.0178250320337477
250.in,250,1.00000000112109,-0.192321641802515,0.132948862201322,0.313884706350104,0.106567438910408,-0.124955352812521,-0.188919343290822,-0.329975286649598,0.0400214893340543,-0.015203589580048,0.434345487158887,0.367898267081124,0.354796419717708,-0.0184404727539146,-0.061823089518612,-0.189707169866559,0.0348375070254498,0.0007097910230662,0.168949820494594,-0.175714177209791,-0.0613131305507213,0.0793474094530161,0.0780871989603387,0.163097114475807,-0.0117662278793992,-0.110501042089631,0.0049842805209193,0.106400040143928,-0.0634361869270892,-0.1218564097316,-0.0187571644304112,0.0715034785836755,-0.0250478783041144,-0.0113933953759554,0.0637412221241528,0.213554698193569,-0.0247168340352171
253.in,253,1.00000000114476,0.0262571495154967,0.250297797754401,0.299801266099605,0.0538891326316222,0.187295314519225,-0.0871700565527641,-0.25469744939346,-0.0074426057064291,0.0875479800123698,0.359290952836979,0.298090427430738,0.380131451705031,-0.0729985872823762,-0.038842479338426,-0.0769842093246181,-0.124503342375841,0.0573643980719323,0.212635297880936,-0.159208957423764,-0.0015902287916955,0.0080661257305644,0.0432658474421402,0.134703077288282,0.0245229717212278,-0.0912834857928787,-0.0384958195225714,0.101714894594596,-0.0270369597473892,-0.0656313215334079,-0.0187569798749986,0.102094195809169,-0.0404392327004459,0.0167614280237077,0.0295550684192718,0.162586675566335,0.0108101819319393
255.in,255,1.00000000133838,-0.0709105669510827,0.295956605331582,0.260250844338662,0.116498600515463,0.132451363875173,-0.12489346196677,-0.278732645078726,0.0156768735021542,0.0451501441164427,0.385394930436618,0.315468313438652,0.417690432769708,-0.0538408605515253,-0.0832342721778408,-0.128801547283416,-0.118024342684388,0.0320389878112013,0.242949600552499,-0.155579612922469,-0.0295425042816463,0.0360120341998008,0.040787334464795,0.150787012846476,0.0081155148985388,-0.0893850280874788,-0.0478186468029881,0.0872447461279162,-0.0417506105021933,-0.0922297339766287,-0.0186062448785113,0.11336789370747,-0.0336460840416044,0.001495861087789,0.039583947833979,0.180941258499073,0.0043328402856617
256.in,256,1.00000000125106,-0.192546049210618,0.308052775362966,0.249438847587261,0.134125242308268,0.113544094702761,-0.197196485187369,-0.33058249212481,0.0410702634926313,-0.0193123952176494,0.386289705819739,0.333519336584245,0.440385476371347,-0.0169112005787804,-0.0939983934593286,-0.194089136435468,-0.114046850157098,0.0007093560647567,0.253867422032911,-0.154831630094009,-0.0641563016643554,0.0814614378787578,0.045308643854058,0.158336084324971,-0.0131623838520416,-0.0915526595137103,-0.0498237509840912,0.0846527618651766,-0.0648428812640757,-0.120443911911219,-0.0189588753914184,0.118538934873275,-0.0244666397387588,-0.0110921565309682,0.0378750707108942,0.192966526460768,0.0002508669351382
257.in,257,1.00000000104339,-0.152972125357631,0.336667124398552,0.227937186637329,0.171779914150745,0.0834330413244789,-0.167612274552461,-0.308067486991215,0.0328010629626059,0.0014713622092648,0.40840960057486,0.345087486313841,0.453558222979226,-0.0314929645109788,-0.11901823609168,-0.166250711879764,-0.112159195690387,0.0071494772970157,0.273287469147174,-0.154203635990428,-0.0476413977788475,0.0655055770170872,0.0457302265842622,0.169823976403341,-0.0027962354176546,-0.0926298911550731,-0.0574551363095989,0.077549570462901,-0.0568232888391666,-0.109165481680874,-0.0181808551677552,0.125600696642468,-0.0273857502113275,-0.0088072394971013,0.0450036933141607,0.205696425214645,-0.0047528380204621
258.in,258,1.00000000102666,-0.0419836951709317,0.162133572276427,0.373416188636772,-0.0027965516746098,0.138889186800957,-0.112207505709597,-0.273934386115254,0.0091028910141713,0.0601897889223711,0.391841718806656,0.319147639256466,0.32369104947441,-0.0566596555781698,0.0109762284306998,-0.109967535589949,-0.0771007588665769,0.0399406781404531,0.166036157408038,-0.179241071414972,-0.0201663498598739,0.0273421213269592,0.0820007455600045,0.128286072285164,0.0134805621213289,-0.109771550720482,-0.0172787260169744,0.125627238184743,-0.0376042651113778,-0.0789924013155749,-0.0167352994872005,0.0848980761981967,-0.0345120402753357,0.0082595796802705,0.0303885759283763,0.16786469224537,0.0076635611169623
259.in,259,1.00000000129112,0.0254578355157621,0.195657220176355,0.355037864095467,0.0288276479927078,0.11062406740719,-0.0832367737160653,-0.248780234583922,-0.0077339853948161,0.0902796570526303,0.407709309614609,0.337807702453465,0.350859284261644,-0.0739676786991467,-0.0058920113045032,-0.0727466613531483,-0.0792548509751349,0.0583747482056112,0.185086116598157,-0.177183239476115,-0.0012478086965248,0.0028768011493045,0.0825307991666996,0.138305411364934,0.0279112342601512,-0.112223814060934,-0.0235265090960985,0.121690593369565,-0.0273397690288872,-0.0627229032149213,-0.0167916923060073,0.0917672517349345,-0.0407310909154232,0.0164463475860665,0.0364940138236944,0.18496750518321,0.0039644354046756
263.in,263,1.00000000151535,-0.136274345925883,0.280275862213262,0.285197801639351,0.139405878916982,-0.0011279690694754,-0.165708615450083,-0.307666313415622,0.0315818543210646,0.0075490999407444,0.447561323983328,0.391296481925589,0.438685671590802,-0.0329421492585265,-0.0807010699482113,-0.16198761486299,-0.059307447633468,0.0128582571204468,0.242621949943367,-0.17242680343185,-0.0456777243347175,0.0619450641679793,0.0819873016428282,0.173985297541643,-0.0022849150265026,-0.112565728236662,-0.0373549201175164,0.0969068249025216,-0.0560022056620045,-0.107182240194167,-0.017674531559825,0.110752701362655,-0.0269064682788257,-0.0065950516129602,0.0530788028559645,0.232431311728462,-0.0132217629281473
264.in,264,1.00000000120006,-0.0310150574242285,0.10909665657793,0.436388886723392,-0.0303392034892368,0.0669489096952029,-0.107091590525285,-0.271921196258212,0.0102524321610002,0.0642501387164285,0.43181706671848,0.360136397424737,0.3024360326738,-0.0620793433892856,0.0514800468428257,-0.106416239357795,-0.0359956431466778,0.0416257247163382,0.139836104548336,-0.196657857753635,-0.0147850597925787,0.0250537547087399,0.113460199038535,0.134233558279043,0.0179200386244422,-0.128223101452775,-0.0004295729485337,0.146079654469831,-0.0375901222093829,-0.0775062380075631,-0.0172267325082227,0.0701790878154746,-0.0350212090145431,0.0082436884632249,0.0385257156133426,0.183733078988985,0.0015788069067405
266.in,266,1.00000000110544,-0.10592635496767,0.141427298707768,0.396212735634559,0.0278715325214668,0.0099496742022494,-0.143213916233487,-0.293620954726509,0.0248676910795607,0.0267575329625558,0.455424433281799,0.380107477440085,0.337688510495358,-0.0403942264252536,0.0042046492448832,-0.143458342414548,-0.0197761405388831,0.0215750924995129,0.163603804841919,-0.19265544389277,-0.0396546561833396,0.0498926407642257,0.114488857197542,0.151709047952206,0.0041707243421702,-0.126559272659192,-0.005016082059945,0.138370235465507,-0.0494509850950148,-0.0989616959359533,-0.0162926311391536,0.0725295922231145,-0.0307752058778644,-0.0019275178577977,0.0494356759086408,0.209936258540058,-0.0076595596156926
268.in,268,1.00000000075542,-0.193408784613318,0.184457542211877,0.35363073646538,0.0843212280164334,-0.0425671983096321,-0.200867419048832,-0.329080846232926,0.0435688493799456,-0.0170805167787377,0.469638260532707,0.399643103607923,0.383342133902652,-0.0225878042070434,-0.0370682825625707,-0.193227128130005,-0.0210307825108241,-0.0029759252586454,0.19358323066331,-0.194188263072195,-0.0607001388009454,0.0806825303383713,0.109528336961598,0.16706096472212,-0.0090433127221544,-0.125409521387565,-0.0128886180425046,0.121271901354465,-0.0676572462704771,-0.120561528759141,-0.016867448690188,0.086073074776769,-0.0240132391387539,-0.011234938263712,0.0541288412236248,0.229208020391255,-0.0169976284047102
272.in,272,1.00000000156269,-0.116272290577889,0.1204543723327,0.153431530151141,0.141493323728123,0.0423574529813002,-0.12174457001816,-0.34848674636587,0.0277325087017476,0.0360728419336261,0.273897695141749,0.231463526375453,0.334602489148442,-0.0549669216714675,-0.123827077573304,-0.147392882885917,-0.0111507970044175,0.0445511198613678,0.19027445209272,-0.133596925840124,-0.0589280459455939,0.0590799583531694,0.0032190018322375,0.126775035019055,-0.0150326578342658,-0.0565485314903776,-0.001573372447414,0.0612381474166897,-0.0446844039542748,-0.0980277809294268,-0.0127613940314466,0.0824850355797299,-0.0389970103526725,-0.0108404183880793,0.0400729207929676,0.12187341167549,-0.0010459539909763
279.in,279,1.00000000130818,-0.0581547229515272,0.0885308186663588,0.174546669566331,0.144167415602109,-0.0638585059352481,-0.108580714120601,-0.334181111910116,0.0131837465364768,0.059545552082945,0.325645480668597,0.289948424355158,0.342223036127092,-0.0643814311562578,-0.128259555189751,-0.122215889214914,0.0449242703626032,0.0612536145198165,0.176940992200968,-0.151083692831838,-0.0440897977309529,0.0452450304764271,0.0335123748751899,0.138439594966987,-0.0076239981746653,-0.0759570924319654,0.0116816473690613,0.0718223318046229,-0.0353224462757025,-0.0818411539045878,-0.0142378929811473,0.0693848458899015,-0.0451856837852665,-0.0020493115301898,0.0496796057589184,0.158995903041056,-0.0159144151671206
281.in,281,1.0000000012518,-0.138315729507175,0.127951558280357,0.134697132897118,0.19938509754667,-0.120928669192182,-0.152295049492992,-0.363292516582867,0.0269502714970241,0.0162835844964311,0.34641626039538,0.314565289492142,0.385503517809324,-0.0439818161594613,-0.174000737778395,-0.164027897232499,0.054783105954834,0.0379655602319803,0.204594373464963,-0.148409970099845,-0.0678225969654172,0.0750753689288028,0.0324027347866215,0.155883242538055,-0.0246047904204357,-0.0739804212513683,0.0023932949517254,0.0601834321196876,-0.0488684707516389,-0.10692524731827,-0.0168411401806178,0.0752505526790398,-0.0402971619666167,-0.0138965412753715,0.0567514083243841,0.180395520507861,-0.0254000995838921
284.in,284,1.00000000103813,-0.102273356024788,-0.0042402478853949,0.252147797565778,0.0846463227251374,-0.119757355297879,-0.124027134858601,-0.347489643770127,0.024754385883139,0.0373126904219874,0.356577383858327,0.310785927164804,0.286359838734429,-0.0572903698355246,-0.071006131976113,-0.142187704805134,0.091930323190013,0.0487420909017758,0.130657085658796,-0.174230177747204,-0.0572732417082825,0.0574707975604073,0.0672510811450016,0.135171335134808,-0.0143448661421158,-0.0937489693715391,0.0350724662533456,0.0990617444754522,-0.0452980434656991,-0.0963590612890112,-0.0127673711407964,0.046402798570915,-0.0414115080043822,-0.0084782927842205,0.055424396824671,0.162219892498155,-0.0162378088808314
289.in,289,1.00000000110981,0.0153109643431223,0.152005146870771,0.219596493924734,0.0871950810442205,0.142307810835119,-0.0633147793153939,-0.304788638779742,-0.0022553068850108,0.0945699885592416,0.305308224086504,0.267859394938656,0.342700579625479,-0.0852886779057915,-0.0876747350400997,-0.0779596357685975,-0.0615714064329549,0.0800667748413659,0.200321628828578,-0.155635856116227,-0.0270898396800607,0.0191658380028493,0.0359350969415667,0.12160777636089,0.0055302951065031,-0.0750242174722099,-0.0170427750445337,0.0872109744548246,-0.0222720637653039,-0.0659356182408737,-0.0138627953904318,0.0905066031945615,-0.0504530495203495,0.0045835100867129,0.0244827227635205,0.133990914246538,0.0121610713645503
294.in,294,1.00000000130541,-0.0186801707296216,0.0659305225005379,0.271604284075984,0.0246970012420694,0.0956100586939699,-0.0839785544890249,-0.32522368330347,0.0065589262314932,0.082245040226178,0.325607835995454,0.282908491421759,0.293662084318228,-0.0695917077155171,-0.0357574349944555,-0.101538975933747,-0.0108126185166857,0.0742838214958254,0.156001165548769,-0.173344858374328,-0.0349060211092023,0.0315900795546778,0.0709873066375868,0.115262135933136,-0.0032182168255837,-0.0927722168936187,0.0075557784744919,0.111737338446384,-0.0279887870556306,-0.0716536101825683,-0.0171007586026391,0.066028333198427,-0.0481937528220055,0.0002845653918594,0.0282255680758516,0.137515758685981,0.0017482345484133
300.in,300,1.0000000013028,-0.0297295133354052,0.0076508547553363,0.346472564947628,-0.0084619499579249,0.0188896485363389,-0.0880806485521212,-0.319856002370323,0.004330505997784,0.0732978396384713,0.379353484832961,0.32307326608903,0.264892120596175,-0.0704644904633422,0.0023759457225192,-0.106323308310219,0.0378161943999047,0.0702000347091108,0.125487728113094,-0.193784426934793,-0.0353666909188731,0.034725371102326,0.103517036851909,0.119299149085997,-0.0033200848451504,-0.112684408505414,0.0241086605754466,0.133341230181421,-0.0303616436772515,-0.0756632637876333,-0.0142406911441176,0.0520039440023455,-0.0468151435724084,0.0013924836758074,0.0387983098503069,0.160382345254296,-0.0034197149866945
301.in,301,1.0000000010977,0.0200602470744334,0.0339293953421001,0.314197229129611,0.0304302516645992,-0.0143117112909381,-0.0550717482958622,-0.301943405254553,-0.0081804894640735,0.100242353218119,0.388176953987136,0.33077219719063,0.286966091165137,-0.0810399363844731,-0.0260646847592132,-0.0777509685072741,0.0446819836944925,0.083739584681393,0.147994838447287,-0.189059323500341,-0.0265383127028081,0.0112858358506348,0.104786875530651,0.132602066626793,0.0064029961605442,-0.107985741129282,0.0184911106752389,0.121997019923201,-0.0197551782782758,-0.0587614023862086,-0.0126571381938028,0.0571608206894785,-0.050643956660322,0.0099612296441177,0.0428705392153065,0.172237214150222,-0.0083039596521206
306.in,306,1.00000000117103,-0.0399198518972211,0.189160557021312,0.281057909247704,0.0350427391471799,0.249199498808256,-0.0878985965267918,-0.325614518355815,0.0095225023379028,0.0715137687484959,0.332297596248904,0.283163066225898,0.340348910011414,-0.0676781539087413,-0.041477959376577,-0.107524497244216,-0.109228560787823,0.0653173943021785,0.21472202428246,-0.168901563615935,-0.0425226859354298,0.0352851202775426,0.0714574711752149,0.115048543355995,-0.0064987509780875,-0.0921977476987959,-0.032853461572247,0.108409029984947,-0.0274854546818631,-0.0740760524483593,-0.0138620705849815,0.0968976143111954,-0.0476464151443062,0.0006499451951765,0.0135155529240308,0.139087850686664,0.0215817968532596
311.in,311,1.00000000103016,-0.146210221383646,0.300051630124216,0.184933792086158,0.178042460000247,0.101242260219383,-0.144397371003185,-0.364607232106355,0.0308443026357699,0.0156521983267976,0.383566284353896,0.342523176408143,0.459322481784942,-0.0448869340835738,-0.140444915401178,-0.164073501691737,-0.0891132292692404,0.038748261706136,0.295451977857378,-0.167929015658676,-0.0699759189925745,0.0716158362825829,0.0628779573510918,0.162509120259983,-0.0238534487090564,-0.0892646372971867,-0.0520136409441782,0.0765581973634036,-0.0499083469502446,-0.104491074726986,-0.0136409456736986,0.124800942646393,-0.0395914613994996,-0.0144053449650531,0.037421566186327,0.196413554752857,0.001461417432754
312.in,312,1.00000000090491,-0.0296244880954252,0.133795097979344,0.334213090488201,0.0008648037689246,0.173569627989494,-0.0960701973033763,-0.323226544895485,0.0056174310569324,0.0767412531469662,0.37505594717607,0.319702888047504,0.3286217885352,-0.0701309745643972,-0.0039973304161111,-0.110066703240425,-0.0629086920639527,0.0715413552857077,0.192174058585178,-0.192355429995407,-0.0351555834204657,0.0354798904811446,0.097147913261327,0.120707227634957,-0.00305435334575,-0.111939652221304,-0.0137201439171758,0.130278254500185,-0.0298771320865327,-0.0737809958758242,-0.0163370739357174,0.0852074526532866,-0.048562777450531,0.0013988283993862,0.0237384925406292,0.159854577827814,0.009813383922205
314.in,314,1.00000000094259,-0.116006774587431,0.158727013734189,0.309743322305125,0.0504050094563293,0.116156151391684,-0.137401479603918,-0.349003484277586,0.0243027527161561,0.0370322821745432,0.39586791142183,0.339650586994296,0.354970224538421,-0.0471127082360318,-0.0416570273978716,-0.150688111994114,-0.050242716613896,0.0455066474563555,0.208696166379137,-0.188658527217592,-0.0602239689843101,0.0629442236107074,0.10030797353816,0.135262182701413,-0.0180620576159277,-0.111342794400529,-0.0181263373948564,0.118035597840708,-0.0436439804604868,-0.0964922503019707,-0.0186538228408547,0.0870597415105617,-0.0418828243096309,-0.0107796833228593,0.0304948341230982,0.179343069111223,0.0016613894131494
330.in,330,1.00000000132172,-0.0326378017624101,-0.0203395216634027,0.191281931334747,0.057381866241593,0.0687363565932794,-0.076869757953835,-0.372852735708844,0.0029904577981443,0.0860246321260609,0.272259898064738,0.256410409644104,0.256501012939827,-0.0807273699102498,-0.0905870561109716,-0.107427080986162,0.0495506512661336,0.0940682766951345,0.147452127416535,-0.168237698806435,-0.0601857819257756,0.0482550923615102,0.0524745649105464,0.100428022185755,-0.0237651440929236,-0.0777284836514487,0.0257788938154556,0.091970439969297,-0.0244296457111505,-0.0760232116924499,-0.0148959107699622,0.0516846971764706,-0.0598766555366334,-0.0097194504930668,0.0231834414164732,0.113772468055378,0.00121196394949
355.in,355,1.00000000083359,0.0259678989282724,-0.0080867240488146,0.268183993959704,0.0473348703511086,0.0218048731606043,-0.0479516696570541,-0.347469798199636,-0.009686126155308,0.119585967891514,0.366599174117002,0.337145022950397,0.284968583305933,-0.0908864358760478,-0.0477537797878589,-0.0800499545533027,0.0616837829492551,0.108734570052886,0.165536304187904,-0.200899013689651,-0.0370416010969479,0.0235620259918633,0.118483453100181,0.121075420177453,-0.0116908185065885,-0.115015965560002,0.0225902497042527,0.12127837535093,-0.0118665440559485,-0.0599135070412469,-0.0148304637371453,0.0576059039082126,-0.0649039945083108,-0.0019821558647944,0.0366167793665819,0.168919927811387,-0.0064338999427753
374.in,374,1.00000000118686,-0.0976661987112494,0.0667774428632648,0.310904437065881,0.0388982248384847,0.058243555814568,-0.105155072505945,-0.401456514283008,0.0224701053120781,0.0557417023836445,0.407534369097085,0.385218334367723,0.329665760123793,-0.0696159236733148,-0.0272632891682667,-0.14028606175685,0.0168757990656231,0.0764910823729082,0.204936171669563,-0.220377712999235,-0.0755316091653716,0.0681374987990692,0.150271428635119,0.135252150908116,-0.0335415013049101,-0.128252963233729,0.0086656225494177,0.135494745820383,-0.0358591476043877,-0.0912089718008245,-0.011724139279091,0.0761376935692823,-0.0547525095374277,-0.0183363561109245,0.032333447603512,0.190202145775584,0.0025265351356956
385.in,385,1.00000000114421,0.0238628659393764,-0.0332886073983028,0.13162659895099,0.100700847703967,0.0430387809519801,-0.0335589175807733,-0.403488531839685,-0.0078458135648276,0.126361364501026,0.27497153076491,0.269054121557487,0.292803231514389,-0.106273798241294,-0.12673904812676,-0.0812412465747117,0.0771818196420826,0.135426378813385,0.186322085732898,-0.179013196927105,-0.056303052665075,0.0382340114516105,0.0674166993389703,0.106185330026631,-0.0293214770333482,-0.0784206067933744,0.0275251702505753,0.0876543280371684,-0.0090206192316834,-0.0569772275666881,-0.0110889315855301,0.0582197728292344,-0.0770865295813868,-0.0077439876544288,0.0254019759023447,0.119482083338915,-0.0004407614286678
403.in,403,1.00000000113366,0.0133776913891565,0.0076869263507539,0.170155224020745,0.0724525905849443,0.116315342340636,-0.031373295018628,-0.409041713724832,-0.0068953832391947,0.125824175212036,0.311566443696185,0.304620541028025,0.311507223874895,-0.101531999613474,-0.101865153513436,-0.0883630307343664,0.0329970902240735,0.138286653111058,0.214588017817282,-0.194602484477033,-0.0668517680859855,0.0411132896294706,0.106193211475414,0.111350673779521,-0.0331905871942613,-0.0954211090482795,0.0107192132974511,0.104735152149207,-0.0101500305689398,-0.0580688141101817,-0.0095920696759464,0.0729756573480787,-0.0774681469364259,-0.0039149678877939,0.0152363260563269,0.140213967404089,0.0043536053445584
409.in,409,1.00000000155352,0.0296194533076696,-0.0377293134310187,0.232439329468311,0.0494042203318747,0.0447780647416378,-0.0197169165221248,-0.395021767693992,-0.0101148809775504,0.132541807773299,0.363106721266298,0.341513736890135,0.282448969810384,-0.107229688837053,-0.0697001766009717,-0.0791369172991231,0.0816862280382114,0.138310404894602,0.185185944207205,-0.215846450255516,-0.0605434244008284,0.0313517153472372,0.13862326443512,0.116039535164971,-0.0301308112117948,-0.113949687863945,0.0272010988309886,0.123112611177962,-0.0059237719804317,-0.0557841480914465,-0.0090193560959092,0.0586441483707031,-0.0767368073325023,-0.0065569494418858,0.0264715185273615,0.160035268625829,-0.0020845695351619
410.in,410,1.00000000093363,-0.116023455619436,-0.0265327044717406,0.22497804717853,0.0679355135934098,0.0252674092987273,-0.0943997375312048,-0.453481201963679,0.0278188297347044,0.054057398020894,0.363435669192454,0.345217845315832,0.298537727458987,-0.0704875875012567,-0.0830574900589356,-0.154895908922284,0.0797864889557228,0.0930395252441334,0.199209415373674,-0.212569080001855,-0.104260101875479,0.085268796034023,0.137472129203907,0.125206606302721,-0.0552117863459522,-0.110926716973959,0.0245561315011182,0.117957504823162,-0.0343466562457791,-0.094316976755607,-0.007397859135379,0.0599419962958176,-0.0627881744339615,-0.025796911139867,0.0273638913255949,0.165915236929112,-0.0002908809022253
415.in,415,1.00000000093281,0.031148883952041,0.134482851070064,0.183702358175426,0.0827187579464908,0.283975765052938,-0.022156865411275,-0.396183004718903,-0.0082459293428784,0.125027030408243,0.313943751619028,0.302911447098682,0.367569856756175,-0.112673585614066,-0.0972555528997875,-0.0724992904131228,-0.0791948219376898,0.13516145846338,0.276956394308292,-0.197719115268735,-0.059912149695155,0.0363946513793299,0.104478894587659,0.114336475826625,-0.0283265353028099,-0.0952796790116789,-0.0295619431726904,0.103252469045122,-0.0091915448764273,-0.0574849916287934,-0.0078188199014545,0.104459289062974,-0.0759531121357377,-0.0093096850439636,0.0014824036654519,0.138413927364651,0.0268016896691106
423.in,423,1.00000000089869,-0.0579474693231237,0.111082385141986,0.202328179691997,0.100888974961469,0.146805437593553,-0.0741793996522018,-0.430627105658228,0.012765751663828,0.0868865512792435,0.371080695390836,0.371136783442591,0.379800847402828,-0.0932681680960589,-0.100913679672442,-0.120154150446541,-0.0127457535281305,0.110731051192114,0.267279956332236,-0.214469216155375,-0.0806453543880754,0.0645135050072458,0.131630283030809,0.133164275886791,-0.0416973571653559,-0.114795951620701,-0.0128233890290219,0.10973915747802,-0.0249174344585766,-0.0819660753277799,-0.0095617501102845,0.0943369607067052,-0.0704142385372343,-0.0206971576774303,0.0180990394339621,0.179138804142504,0.0109528934242605
432.in,432,1.00000000143131,0.0162767199828201,0.0640480644955374,0.167252851494604,0.0574386681610122,0.0942795685775105,-0.1584901313196,-0.350724907858832,0.0001498540751059,0.0847550008242549,0.227631171233296,0.228933663110189,0.361935799810209,-0.077660742560622,-0.0696408225684276,-0.124605654044231,-0.023277452293526,0.0673783125775666,0.137637019910003,-0.144469328320991,0.0058656538981553,0.0270095380866974,-0.0538849887251223,0.123121118155751,0.0323356790346364,-0.0681317173880648,0.0222041922217938,0.0741352417802034,-0.0415004630455891,-0.0950108109938903,-0.0273680985373686,0.0655413080042901,-0.0486863752166924,0.024731952327304,0.0543786491679358,0.113601903503292,0.0015973080159343
440.in,440,1.00000000124067,-0.0816025061235194,0.0561463545664114,0.183371334853884,0.0857260438356454,-0.0351214456708719,-0.196756249150318,-0.379352942910934,0.0226403154300148,0.0429293534701439,0.284943813896557,0.290634352122981,0.375311012322046,-0.0639317030444514,-0.0736757645061299,-0.167289608254528,0.0285020544852263,0.0374607096071528,0.138097878307485,-0.161191249801176,-0.0208742225520823,0.0553933287973397,-0.0204717461814389,0.144144683781437,0.0160668134349991,-0.0876950377554984,0.0334335763692874,0.0793544807839785,-0.0642867706188331,-0.118850443509074,-0.0248821421910081,0.0609452301167399,-0.0399880084960571,0.0111020690114938,0.0675801358183011,0.151662366130452,-0.0158137600242794
444.in,444,1.00000000113294,-0.0014335703536294,-0.0656505828416261,0.277218212302239,-5.3509013924649e-06,-0.0720443192328306,-0.151593174232992,-0.35037073413202,0.0014198000003541,0.0839878766398046,0.314239420483861,0.298330954451392,0.299453788954298,-0.084694353331077,-0.0043593639034475,-0.12274356371639,0.077741723284363,0.0666586259268041,0.0752615656612833,-0.180893841659138,0.0030514041148668,0.0284502387818459,0.0118692326861588,0.129467601743915,0.0307651266326465,-0.106453410622943,0.0607668517879916,0.111852980234844,-0.0458946940633219,-0.0973070004458176,-0.0266766959372335,0.0343782269417232,-0.0451047760058413,0.0215406030956766,0.0663488668406041,0.149837712157576,-0.0146874577375716
447.in,447,1.00000000142768,-0.0285560359942271,0.0110585433317679,0.220112843524361,0.0948528834675723,-0.143247714759318,-0.173607356510323,-0.367269311874034,0.0023878025839599,0.0757899986743768,0.345787102383637,0.336754575618209,0.371507893876265,-0.0735301306610099,-0.0699002052034584,-0.143091123955539,0.082700908349591,0.0576281225539714,0.130111370234051,-0.17622159134981,-0.0095810511474968,0.0374915500120038,0.0114412321037462,0.159083020263226,0.0251009953562004,-0.103715430538739,0.045191060787829,0.0948344485742862,-0.0499061186083053,-0.104593265891559,-0.0269309713711029,0.0533350250740253,-0.0446457410886393,0.0171863888282271,0.0814194025564448,0.186627848735679,-0.0305598065423813
457.in,457,1.00000000126505,0.0423523345516443,0.0844980165917531,0.261201553015461,0.0407222328574933,0.0522329268884199,-0.134528611277884,-0.331312385155444,-0.0107789774346634,0.109903654314215,0.325196479642246,0.316635920994332,0.38652459593709,-0.0951362958119724,-0.0262584953400437,-0.102776864784952,-0.0212243611591611,0.0756877046287599,0.154036696863627,-0.178809890619318,0.01559236179807,0.0104079589112856,0.0108021092856996,0.144357110208046,0.0400767279867532,-0.105072212600576,0.0180486855875105,0.105960682573535,-0.0390609196210723,-0.0837331214925019,-0.0255805940047086,0.0762926656799638,-0.0504805152059355,0.025884895850794,0.0593909051440576,0.163283354581368,-0.0041393199883502
460.in,460,1.00000000090904,-0.156521312694313,0.148755101989591,0.211843088809072,0.112550526036058,-0.0190120503345172,-0.245697940841656,-0.408903178043772,0.0322356725667135,0.0098366932465995,0.359247812041694,0.349875923666268,0.448740087698098,-0.0406017539750822,-0.0813673563911455,-0.213852923155639,-0.0078603219597943,0.0215502774769802,0.196381731991846,-0.177446526996068,-0.0402319192152604,0.0818884210147087,0.0093308951975487,0.166530720620012,0.0039154267433934,-0.106616803631296,0.0064647512550165,0.0923916638093797,-0.0733371570293081,-0.137883413290047,-0.0270561615967761,0.0891298759552973,-0.0352488099224351,0.003021369139496,0.0717591509448746,0.197648503240824,-0.0184790195624627
462.in,462,1.00000000128085,0.012075123218818,-0.002812723295539,0.338172043157647,-0.0280069040180882,0.0036391124965341,-0.15986758125582,-0.349674945827266,-0.0023600407995477,0.0915287758910744,0.355834083960786,0.338901219552165,0.336693557605983,-0.0866745475307041,0.0312093820335907,-0.122266740257786,0.0259994439380732,0.0659057803600718,0.106257770564789,-0.202845809785428,0.0092493025280456,0.0249340748178639,0.0432956863146245,0.137639897784593,0.0349179198851481,-0.126528994727514,0.0420412292787847,0.134040283359226,-0.0465148489301666,-0.0931282833054741,-0.0267610599129048,0.0500205870865573,-0.0481014813701618,0.0250899522530347,0.0623901735774225,0.166762689595869,-0.0092943640611484
465.in,465,1.00000000097888,-0.0244593761490435,0.0712705444496871,0.282021392765999,0.070568280354278,-0.0733036932340319,-0.172999860302371,-0.361319463796508,0.0034084540335042,0.071046156402549,0.382030930626795,0.379433582266375,0.403736270690685,-0.0821585579500505,-0.0362087282445463,-0.132155732484151,0.0258766491238611,0.0554904767921849,0.157933290770935,-0.195224505623926,-0.0047340726578571,0.0374798410631479,0.0440312215370943,0.168319305437039,0.0275946568959336,-0.123649849538989,0.0295523475624513,0.108688161588219,-0.0514938206209105,-0.102971115002038,-0.0260779232947764,0.0686594139389392,-0.0433419680059288,0.0188294706764112,0.0765785685869928,0.206334172472213,-0.0192173847503102
471.in,471,1.00000000125477,-0.0226606577277439,0.238413570772942,0.231032001348498,0.0881592856261458,0.173166969032607,-0.180459212503311,-0.356497426959597,0.0044153950012415,0.069458416998099,0.349734615834116,0.343313077913003,0.477305429940709,-0.0763436584038599,-0.0687203040689809,-0.141103572447874,-0.113396968931964,0.0551992036281504,0.236101572558963,-0.178771636075402,-0.00163595430327,0.0389584159448897,0.0109584669230738,0.159039523231479,0.0278020863533026,-0.108094928399906,-0.0305057056636989,0.0951858197831448,-0.0523272374790548,-0.105965301139886,-0.0258218209637406,0.109722231123953,-0.0445996356516442,0.0171098049399032,0.0471505423245796,0.18628023758117,0.006420998406898
503.in,503,1.00000000091208,-0.105995529343672,0.0122077449924515,0.154586488539596,0.152516659556026,-0.187243747529734,-0.198709814334492,-0.440291892396963,0.0240700711373944,0.0431504863976282,0.355771214535334,0.364613269362878,0.410835383820621,-0.0675828697073812,-0.126737650926275,-0.184967774741069,0.112859704214534,0.0593546100543639,0.172903974996008,-0.19169374499078,-0.0504965275432574,0.0766520592001606,0.0294751355868828,0.171933022184378,-0.0066188082743001,-0.105626701954,0.0453960659385725,0.0844805130756931,-0.0618829034716906,-0.122264681744128,-0.0225583381805569,0.059203183778251,-0.0506412670844464,1.53125001368739e-05,0.0795003273238726,0.20020054715056,-0.0344214189434732
505.in,505,1.00000000117167,0.0692514278104723,0.1033904774421,0.166047039189657,0.0666775096711526,0.155610808086812,-0.112594890609213,-0.381156053868451,-0.0151152352892022,0.129897814812958,0.264481824332231,0.279914757494193,0.410688362293686,-0.113672331140895,-0.0770532697679338,-0.0881912602224972,-0.0489282348148071,0.10975730153474,0.202144739439087,-0.176516957953537,0.0051516016566159,0.0172039592835912,-0.003181071398056,0.128659375830265,0.0242558284812271,-0.0894327915695998,0.0040683176759034,0.0893159435151184,-0.0298948913271365,-0.0733457090795386,-0.0212906422192543,0.0869848408287168,-0.0640158072491001,0.0247373575688012,0.0409934318420816,0.13325751720939,0.0082360731894204
509.in,509,1.0000000008651,-0.10379434851494,0.192629765643914,0.106554557748166,0.181391662258766,0.057655505832996,-0.203826857740318,-0.441925685389596,0.026067595421872,0.0440353033122122,0.307753319168375,0.333507295985395,0.499074223069903,-0.0717482973055461,-0.154062823912765,-0.184711162752703,-0.0454864185095201,0.0583020984578826,0.26534534028537,-0.17138355272262,-0.0414708673436535,0.0800809841319251,-0.0063763143296269,0.163846470536294,-0.0034057675011616,-0.0902831452270884,-0.0140538748816164,0.065161483687981,-0.0607483525355736,-0.122264053445905,-0.0233720271631787,0.107283257799217,-0.0501900380055883,-0.0018875356788919,0.0557951715059259,0.177502707046182,-0.0058294757162547
510.in,510,1.00000000113488,0.0035142495819921,0.0338126510005794,0.234630249225833,0.0130084539338574,0.124160722056592,-0.140539399283755,-0.400513854296436,-0.000469046578874,0.101276947544137,0.289225249830461,0.305758189524392,0.357957775478868,-0.0933579113964747,-0.0248770759031645,-0.126583706032084,-0.0148444845841674,0.08985254374027,0.159042667193026,-0.192173195519274,-0.0170289154542001,0.0385618674096418,0.0299728000189916,0.12464004470483,0.0139958455136268,-0.104809407668986,0.0266817737048646,0.114090134356595,-0.0408494822046347,-0.0931310554406755,-0.022992437121584,0.0712303558019388,-0.057982654614063,0.014074574908431,0.0446442140735176,0.144490462503893,0.0051583198368404
521.in,521,1.00000000109363,-0.105541964956578,0.0837731701488547,0.186829871254162,0.134920200940623,-0.0962637048724151,-0.196818176915121,-0.438098134433836,0.0232289154395377,0.0455484424098741,0.389701355863004,0.405720887920491,0.442804053184566,-0.0657619295762544,-0.101150288284603,-0.188614447536214,0.0586015748408807,0.0615306535207699,0.208147600677336,-0.204820165323719,-0.0480324976868352,0.0774767319412701,0.0604411752437233,0.173261863625177,-0.0075521117700208,-0.123519989027182,0.0209050399078244,0.0979048501318982,-0.0588147861020843,-0.120819752965541,-0.0230170608389337,0.0766142842666333,-0.0520510035360169,-0.0008743615554037,0.0715301797055449,0.22005554686658,-0.025892384893584
524.in,524,1.00000000108963,-0.0709877665361055,0.175328797111761,0.206743028375562,0.0710827068767159,0.215644547603705,-0.179319753219691,-0.425464984193076,0.0150339499913905,0.0643986022751976,0.319370346560464,0.32465521957545,0.446457949985686,-0.0768691123648499,-0.0693609784442038,-0.162798673918904,-0.0992163450203877,0.0693530317337262,0.244318206041685,-0.191942183856301,-0.0381901299791458,0.0630758939398376,0.0288507340535966,0.143034298963734,0.0003641230783061,-0.105539501247181,-0.0180303658029121,0.102707764348143,-0.0516841712198371,-0.110966884706667,-0.0242941511473237,0.105452606375688,-0.0540141623081927,0.0030644088701698,0.0364847632608049,0.163887587096304,0.0118324651620669
531.in,531,1.00000000127821,-0.0298943903515828,0.139679804043336,0.245870663197866,0.0694179248816355,0.100381021738495,-0.160652157608502,-0.414294711377237,0.0075564056431841,0.0837936597471477,0.373261024266685,0.376713832243186,0.449574919798879,-0.0904028359763712,-0.0508405663755684,-0.14422312765098,-0.0426628653629327,0.0790751598473391,0.230087014454661,-0.211718565642117,-0.0239439695295115,0.0497117926187842,0.0595171395934981,0.159682169833129,0.008587152178448,-0.123755964874277,-0.0019125465763368,0.115911744865265,-0.0489977573799757,-0.10330581991554,-0.0230782124976351,0.0942508753960009,-0.0558615487325008,0.0095687688616051,0.0508563221548661,0.194125855458215,0.0001862450907129
540.in,540,1.00000000138215,0.0184920369559682,-0.0154729510387132,0.0912986119254474,0.0775840247961967,0.14455539164124,-0.11633640827853,-0.451530056493237,-0.0003118400958413,0.118652891810972,0.190608187873795,0.232905683430583,0.360207397322963,-0.116432918983734,-0.106109652214211,-0.117811009444073,0.0087405012354144,0.118418842636684,0.178745063124679,-0.171470836887438,-0.0293302163307071,0.0444165775064764,-0.023154098971232,0.108146544878065,0.0003352164265864,-0.0720988768757593,0.0322111407780813,0.0770903786769399,-0.0322968590628385,-0.088937837146472,-0.019701216315717,0.0672523546168095,-0.073815864945707,0.0053081013764756,0.037728945100273,0.0901256582167271,0.0131333790878309
544.in,544,1.0000000009371,-0.143685777934568,0.0768423409777778,0.023457265112481,0.169873894361861,0.0473820643763333,-0.196597578597608,-0.505236948470356,0.0383331398067987,0.0351061247579372,0.230290212380537,0.272033075797269,0.436077064541678,-0.0645730740869406,-0.180261123166813,-0.21266152868239,0.020937712370443,0.0759646191968834,0.238283435389693,-0.164410336634526,-0.0838868841462132,0.100756791585719,-0.0125831816312328,0.141533234968624,-0.0336350058373962,-0.0689500331143162,0.0152554872394055,0.052999891018888,-0.0619493228068671,-0.125305855072536,-0.0192972047455006,0.0892616818773618,-0.0588832077636071,-0.0095663031070208,0.0478852845350721,0.138743478933002,-0.0057085361937574
554.in,554,1.00000000141147,-0.0765922692051055,-0.0805361333960666,0.166289585087571,0.0777870100053129,-0.0605534983160573,-0.153360453044512,-0.477900203594156,0.0150803242579193,0.077627095470799,0.301073061959418,0.325239898663783,0.339319767408089,-0.0876495084915542,-0.0769188910615179,-0.164820461837053,0.112661377433989,0.0930957642494524,0.15188748711694,-0.203395629103695,-0.059312118022691,0.0722902912015365,0.0544826550761694,0.135595969702604,-0.0185977160382675,-0.104987722058631,0.0606920116980278,0.105431220177479,-0.0461836894163981,-0.106832339381286,-0.0197697794692049,0.0485461799272737,-0.0640866467990035,-0.0061859167092987,0.0589788697843378,0.156740484888898,-0.0154922666505577
556.in,556,1.00000000114627,-0.155891054001106,-0.0393851908334519,0.126186989076485,0.129894616270746,-0.108324559873251,-0.20456977943329,-0.501873573404311,0.0304642901804061,0.0376446682778959,0.328077985530698,0.351648654399331,0.380412632612719,-0.0606455427904332,-0.120049657670387,-0.216981478338711,0.126302366738973,0.0720101845058441,0.178495222217644,-0.200056411471248,-0.0812683715404996,0.10089322645285,0.0500071180996518,0.14917291804348,-0.0342794419413128,-0.108155689413231,0.0493753240059258,0.0897040013889412,-0.0611758365418126,-0.131865524030872,-0.0204211011437429,0.058151378397211,-0.0585212814899191,-0.0152316704827435,0.0667177186758461,0.181865094870217,-0.0266609591722997
559.in,559,1.00000000095813,0.0512093366513066,0.0768412999796594,0.125898267118656,0.0725029103351971,0.191038662772976,-0.0979902080867886,-0.436957888377927,-0.0122442121961711,0.134645436718433,0.247907094034474,0.276176788520049,0.404787052137142,-0.113994038848009,-0.0924422318785675,-0.102629796673411,-0.036966362526481,0.130585564380989,0.224894289035877,-0.188635780270673,-0.0208807041890335,0.0323547892351419,0.0187983968333848,0.121835133132098,0.0017956108978308,-0.0874514611963269,0.008607515447853,0.0923912856732199,-0.0254955332942711,-0.0753508515214753,-0.0190297820202945,0.0907792464867246,-0.0735779353221855,0.0143447722191662,0.033611812608312,0.129872571028459,0.0105670358386519
560.in,560,1.00000000114909,-0.0702239790986354,0.094228274844381,0.108928729525538,0.098169120590761,0.178738855191349,-0.156977891277211,-0.470497316160478,0.0150744859191947,0.077602073477028,0.263959997285564,0.294133502557465,0.416671253916316,-0.0852066734223816,-0.112210631091121,-0.165943074932957,-0.0336142325018038,0.0967122181146603,0.235656108064663,-0.185141326968264,-0.0575105941413658,0.0711709654188144,0.0198412870684456,0.127799859419777,-0.0185725928786771,-0.0897410496036835,0.000924917412319,0.084022724657046,-0.0449111021874061,-0.107602083491381,-0.0198877331550981,0.0954242466582187,-0.0651279935905516,-0.0036103953615514,0.0324492292074414,0.138906560857611,0.0089010667564544
567.in,567,1.00000000103537,-0.0265694634045469,0.0498130465860764,0.150756677274899,0.101185372759606,0.056149091484994,-0.143235785234359,-0.459862060571251,0.0055210399144412,0.0956752498520833,0.317539541183631,0.344124008002627,0.42174722363549,-0.101376712775045,-0.105364096324507,-0.142487296268582,0.0262692202000633,0.10682113764824,0.220313519343143,-0.202837745099562,-0.0391072170332084,0.0589544015474066,0.0458530058014296,0.145295656202397,-0.0084269285259611,-0.111059740700564,0.0171518196307766,0.0953242704265247,-0.0401837621775488,-0.0971195232867655,-0.0214994676217849,0.0793811775971359,-0.0701699167499174,0.0041359326238637,0.0473637217727678,0.168985292413283,-0.0024816053007089
569.in,569,1.00000000103518,-0.105285742374902,0.0887347433313254,0.101190130046885,0.162419348357684,0.0176366669601896,-0.180817389326509,-0.48759481549005,0.0223772873216112,0.0594852188667792,0.334574432485837,0.365415250351317,0.452748849660311,-0.0774478353211942,-0.141651079941094,-0.18447994591117,0.0275323370703726,0.0861165621495612,0.25149843036766,-0.200301683701558,-0.0674705353894414,0.0829908100324781,0.0456275438406744,0.161774374641267,-0.0242861303841251,-0.108144491659643,0.0103068371802596,0.0805494251706433,-0.0517768847671448,-0.121402485538932,-0.020194221421906,0.0897499265667538,-0.0644386943840526,-0.006511087175879,0.052917172301032,0.190884386643713,-0.0125269915317175
574.in,574,1.00000000117931,-0.164241296246469,0.0071442862844945,0.174755620246611,0.0996085086209556,-0.0425376341081002,-0.211165720453316,-0.515032519777109,0.0389863095281666,0.0312220678984984,0.358860658307511,0.384164009898413,0.411954998452842,-0.0668352449221367,-0.0907013245181328,-0.215482246735557,0.0746063522767415,0.0695572256440546,0.206541832506565,-0.220912865598996,-0.0802638832171679,0.10453545239042,0.0793228468031852,0.158779753296395,-0.032734934438033,-0.124821855319351,0.0344651670613394,0.107737178406398,-0.0652198058759885,-0.132814168487821,-0.0201296958427719,0.0689356345318725,-0.0597002874403503,-0.0135680882733045,0.0585349865365457,0.191548464042279,-0.0166481197180202
582.in,582,1.0000000007704,0.0153570349118203,0.0323551203785269,0.252515202244787,-0.0034462926906923,0.23282150291003,-0.113411850689005,-0.448676749785646,-0.0023799236587334,0.11934172102096,0.315865207145414,0.340518585809775,0.369895668146029,-0.110025633178424,-0.0159467702223232,-0.118993801565183,-0.0439596777346621,0.119027381078717,0.206139071967226,-0.223033911736988,-0.0345559546170958,0.0454233589840594,0.0848268341520785,0.120475845933168,-0.0042734369390646,-0.124374572990823,0.0128542954777613,0.13371928366113,-0.0322687689569119,-0.0856908591700707,-0.0200343493291838,0.0823639706529824,-0.0711379427361601,0.0065359430516216,0.0237965026132934,0.151022579944674,0.017487904251469
587.in,587,1.00000000115424,-0.104107951558094,0.154218656053383,0.155312412037497,0.13435882325826,0.0863397905963202,-0.173588215859813,-0.483858253160524,0.0204245771224659,0.0655546261193382,0.377811962000358,0.396031245045027,0.482271071813426,-0.0764768691986714,-0.11190283517077,-0.185279141328207,-0.0171154205475606,0.0884684012750912,0.282493700364982,-0.21715829534102,-0.0673232708823238,0.081457734487531,0.0797757603736151,0.165215514684252,-0.0250296583256616,-0.123446642821633,-0.0093946737210263,0.101646457006383,-0.0507367625957998,-0.117831583015196,-0.0205697739342336,0.106772436316731,-0.0623504265205263,-0.0053783884697283,0.0496256532111824,0.209280316747514,-0.0073454979561337
591.in,591,1.00000000097336,-0.0162101472608215,0.0539100439862837,0.245848589077178,0.0532933547142673,0.0613725101390204,-0.135018138741982,-0.459553018080752,0.0032615598723635,0.103286119031971,0.395140071950425,0.418235489030033,0.424087583207826,-0.103391775669447,-0.0456090023468633,-0.139537350949765,0.0236974021770187,0.111385499167126,0.226490401736715,-0.240935429566597,-0.0384863144001137,0.0546103901519164,0.109660159624181,0.155137913613017,-0.0080375874850681,-0.142981415381843,0.0180092867338925,0.13185244359073,-0.0392004999706957,-0.0961275537235442,-0.0200869155878605,0.083137394036133,-0.0707619639772106,0.0039723333706832,0.0495515055612224,0.207860189251697,-0.0044600040116529
618.in,618,1.00000000118034,0.0083543120581177,-0.0536950051584147,0.158766483069153,0.0295700497169862,0.182397067606708,-0.105345205981221,-0.500707303521639,-0.0007220879317112,0.123578239004951,0.257355684124933,0.307968653797276,0.346543784591327,-0.120409750606433,-0.0683343240849017,-0.123144405984757,0.0199113663141147,0.139973370765515,0.197898709948013,-0.21879848718652,-0.055080918943567,0.0599959360168063,0.0653911284150096,0.11090834449165,-0.0231363118672447,-0.106805128931284,0.0361346855673639,0.115278073466129,-0.0290070234840063,-0.0876265230517427,-0.0174290557881929,0.0647587169327338,-0.0824833070581647,-0.0032409340250395,0.0242298163459379,0.125835672575544,0.0155172726117122
629.in,629,1.00000000099048,-0.104789842976348,-0.0065446186778628,0.115481208888897,0.146998016542635,-0.0407036441856828,-0.160902301935026,-0.543410881714677,0.0211091028235936,0.0696063686357687,0.347474044318705,0.400702423070396,0.431550733667597,-0.0928983824583827,-0.138019036853297,-0.183011838811585,0.095638331907958,0.112888407889052,0.245753577594024,-0.232291315679096,-0.0859945688431848,0.0975042993252638,0.0938736686008714,0.158512593692668,-0.0437008521008273,-0.125461096971581,0.0329916333703317,0.10268877335417,-0.0466702695139768,-0.117407834870671,-0.0179033647022169,0.0723231731087195,-0.0749886123813344,-0.0163665301471889,0.0545917790951454,0.20037573913331,-0.0155430169072232
642.in,642,1.00000000112772,0.0096423771608577,-0.0672118629361909,0.268897372545593,-0.0322322720563758,0.172619740573339,-0.1058093243449,-0.498493267672606,-0.0035534018001797,0.130085240524249,0.340620332355505,0.381816796480368,0.340356790830553,-0.121302169286139,-1.91586218981745e-05,-0.124683768908401,0.0294984359790431,0.142446600652464,0.191578567432349,-0.258289073577253,-0.0509227758178507,0.05710249692417,0.131509665495134,0.120505880962853,-0.0210349152613514,-0.145824903013748,0.0387669365464006,0.154009127532923,-0.0256854619833689,-0.0862255600999116,-0.0201822806903304,0.0638631295210383,-0.0837037424019709,-0.0008282087767775,0.0276343344387283,0.164738335788386,0.0102775987001922
645.in,645,1.0000000013023,-0.0137509591444594,0.0131877853981142,0.20356553618603,0.0661582595336792,0.0861797544544313,-0.115650995761597,-0.507610444020199,0.0032483884495208,0.116547496396969,0.370549314585104,0.422808222790482,0.413990692156998,-0.115345978926636,-0.0667984465206465,-0.133646958242146,0.0388240509709136,0.134878121587153,0.24547426251196,-0.250195711463259,-0.0613071683093009,0.0661166428678336,0.131291632488456,0.147748687803484,-0.0269695097388083,-0.143843347584079,0.0244209161794777,0.130781526353706,-0.0320295021736905,-0.0939296952926655,-0.018276325747399,0.10156142335045,-0.0816493204838222,-0.0058496074019359,0.0364610773453965,0.201537923764858,0.0009456067516609
649.in,649,1.00000000128288,0.0953102424995763,0.0440571816268057,0.1055391956158,0.0721524987858003,0.0856978987994461,-0.18770601737899,-0.416244691540069,-0.0169897172919527,0.132899601074225,0.199671839817012,0.259980919420803,0.444598420500321,-0.121432912252685,-0.0771181568210903,-0.112244660080984,-0.01569967388196,0.101916826020619,0.153415117650664,-0.162425703412323,0.0376992223495262,0.0156793327504935,-0.0943068973043123,0.141262099525778,0.0549462001800072,-0.0830041466521742,0.0396258240304747,0.0708491284341297,-0.0463970070857818,-0.100899241209916,-0.0333273216240876,0.0711128405412333,-0.0608736106000351,0.0421811422743103,0.0722295278173861,0.123414915786559,-0.0039269876813311
659.in,659,1.00000000080488,-0.0755786837165911,0.0727364224251906,0.0958963559658687,0.156110804993201,-0.103337822242945,-0.268301240795586,-0.464082125245541,0.0161157980173139,0.0554225569522211,0.291970748556101,0.338245078076733,0.506222231110241,-0.0733631532555173,-0.119173329854898,-0.207303900312269,0.0461356626775379,0.0539079153824972,0.188100667804842,-0.174487811887925,-0.0093657500523925,0.0689010153364752,-0.0613962286888489,0.181733757063432,0.0284204043232649,-0.099366250504902,0.0378817881625324,0.0675415204154566,-0.076721311791431,-0.142839728097608,-0.0335637282818564,0.0779541098778449,-0.0498384341604069,0.0223446061994995,0.0969394593522613,0.188477547644821,-0.0320246715775502
663.in,663,1.00000000092389,0.0064961303249831,-0.041335414308217,0.174932621147644,0.0732967235046235,-0.133412954141918,-0.221762066749211,-0.440773239535059,-0.0034528052598066,0.101598934199586,0.307376088996905,0.35327907959829,0.433653610151322,-0.0979582070479803,-0.0568275029429098,-0.16049369168262,0.0918041009806885,0.0784110002655528,0.12373817385089,-0.197803789324816,0.0142763219845789,0.0393519895050123,-0.022510471236304,0.171229623323493,0.0417208438638094,-0.117076691128437,0.0698282118805213,0.0989742659931258,-0.0606645852980104,-0.116548621986814,-0.0348382485568829,0.0516186896150516,-0.0549979900252151,0.0334704237271214,0.0964768621187127,0.187437691608597,-0.0327052396379381
668.in,668,1.00000000120032,-0.0325950233069278,0.0972465166205886,0.150206854286492,0.0686201340596302,0.130244877255518,-0.253965379097566,-0.464471612128693,0.0115119525480694,0.074667396285718,0.247063529538971,0.309644012267217,0.486590693201676,-0.0911071011320678,-0.0626084259918338,-0.182581366813356,-0.0602641677871739,0.0642541379991273,0.189044611162624,-0.183189718102263,0.0066459449679951,0.0586340126512091,-0.0567610119625639,0.153486423058445,0.0349939109749655,-0.101890398464983,0.0202928130915775,0.0897831694540023,-0.0684055108400332,-0.131741983118031,-0.0340881464249956,0.0898430039543602,-0.0537582894220081,0.0268638746715268,0.066203317062146,0.156605462425779,-7.19585457610213e-05
685.in,685,1.00000000113483,0.0921051100318767,0.154728252679998,0.21685169219949,0.0133400321466042,0.239858261647006,-0.179389821504105,-0.409826338176702,-0.0267484358756891,0.140957248122042,0.289604823000169,0.333077589571627,0.49468714987776,-0.121183007880106,-0.0111599618455311,-0.112671455051935,-0.113341021098962,0.100865329855904,0.209285541222046,-0.200066350646177,0.0445212559098345,0.008507471234294,-0.0232444637465816,0.149492076229868,0.0576492161894726,-0.120485333450109,0.0015983347709657,0.115395254595307,-0.0448354977648259,-0.095750156001791,-0.0368238338207,0.101976201528937,-0.0637147233411626,0.0433115988106561,0.0557547014199434,0.163412707794232,0.0106417277703314
687.in,687,1.00000000071908,0.0194294466232957,0.194121839312531,0.170975219167594,0.0723284643599837,0.174973873544291,-0.228840670896662,-0.432303834786063,-0.0117709550473311,0.105875596982688,0.307623246018483,0.351876203834499,0.5409852060491,-0.0950436102935401,-0.057446107343482,-0.164635994978171,-0.093340226083968,0.0861500010138589,0.236621453276976,-0.192923035631613,0.0182097925919821,0.0372636886823954,-0.0244197595977997,0.165612385730969,0.0446876768636164,-0.117947698760176,-0.0080892693279197,0.100681479727218,-0.057351934809844,-0.115386777559888,-0.0373598990131355,0.111435088826063,-0.0586287239847102,0.0357587801083785,0.0668894503591555,0.188114597156156,-0.003161063700211
698.in,698,1.00000000115391,-0.0427881401026889,0.059870537479776,0.314458603999729,0.0011812638276605,0.0510502814523386,-0.247967003541932,-0.460753629317654,0.0142873746722155,0.0692039343934143,0.374325476203658,0.417806338974794,0.465344077441273,-0.0898719015131762,0.0262913171069162,-0.182647857200164,-0.020614417208517,0.0579819540403679,0.169176177975696,-0.235606770342997,-7.3221756620718e-05,0.0549650766563365,0.0414551134375496,0.172376403366776,0.0367773573049528,-0.154756464220668,0.0352138268302898,0.137985108898405,-0.0731087635152234,-0.134640082509496,-0.0324379533173739,0.0769783336389434,-0.0521145708495741,0.0249720074328271,0.0781021386178618,0.21396846453932,-0.005881618936479
711.in,711,1.00000000091401,0.0210560058069048,-0.0167995817631672,0.0891198043620752,0.108543330962324,-0.0245690058461705,-0.207152800419336,-0.485058309273483,-0.0058946749665495,0.11628665327607,0.252351022730738,0.320998703479787,0.459362845927151,-0.111868470858821,-0.107236958363738,-0.155458796934062,0.059010389165728,0.107021191515301,0.171322971585661,-0.190900871517131,0.002638382356088,0.0478126935446219,-0.0429367381608748,0.157050021798122,0.0281718074534215,-0.102699413392695,0.0540557450972633,0.0809985685893865,-0.0536282174143697,-0.114587705326413,-0.0315971138321794,0.063144750154269,-0.0687712116256455,0.026731686478039,0.0793844183145181,0.161333861820514,-0.0184933496608328
712.in,712,1.00000000138187,-0.128382048191937,0.0142884216661894,0.0668151799217922,0.135342566215208,-0.0475372908068952,-0.272738383703294,-0.533905438752949,0.0282518538582739,0.0451663901666449,0.259269598011808,0.329146711140565,0.479729130720986,-0.0754844906889618,-0.124384322916422,-0.232420668703719,0.0614391277224203,0.0640391616313493,0.189615207138065,-0.192831155580159,-0.0437100658045484,0.0943931097192264,-0.0415792137175129,0.164948762376863,0.0019958223540231,-0.0987349156284508,0.049884822617136,0.0751111867655234,-0.0776779782934676,-0.151875452852997,-0.0315393343165119,0.075400610258473,-0.0566355803055952,0.0045525320600894,0.0844472774570295,0.169588395520165,-0.0207412438086389
725.in,725,1.00000000100715,-0.0623842427157121,0.153037654853926,0.0546675690302887,0.165612048043804,0.0833048656372807,-0.248955420244175,-0.514059794123019,0.0132648464371335,0.0761658175550128,0.268263610343438,0.345084466407137,0.558062350316574,-0.0908972257913578,-0.142971100504442,-0.201976574780631,-0.0342246369588952,0.0832204671016,0.266371995488986,-0.188351884521192,-0.0201604031612845,0.077320069394132,-0.0416984583904394,0.175756439738573,0.013402402000925,-0.101534691544443,0.0084895511160619,0.0703608210778853,-0.0682665668765016,-0.136707155833288,-0.0337158288633772,0.107839391013154,-0.0634787518415644,0.0171877195637843,0.072301848428617,0.183786667694882,-0.0092485726470864
740.in,740,1.00000000122359,-0.0300628479662633,0.130376396934468,0.161523412846657,0.0457159293644367,0.237498425695293,-0.238787628738143,-0.508991521711621,0.0078508559075467,0.0869064649453512,0.274640639376012,0.345680680022939,0.515204327297313,-0.100496164466743,-0.0549856750592668,-0.184665020455408,-0.0906529856622079,0.0912573933425262,0.241292445855925,-0.211814189710449,-0.012833075970162,0.067676605769087,-0.0130387177906218,0.150994162480006,0.0177154624780327,-0.118818516538249,0.0035571457372224,0.106981134778327,-0.063182568533853,-0.129188818748225,-0.0325772102799272,0.103697624860167,-0.0650101056915662,0.0198743360973952,0.0522762805868227,0.164943105551914,0.0119212435069826
745.in,745,1.00000000129369,0.0963034293759572,0.0467228140579453,0.224676425686106,0.0018187812020653,0.171929204904804,-0.168035880998118,-0.459790028289779,-0.016369719371638,0.152427339686386,0.304447268910451,0.37349378817983,0.467711847109102,-0.138691721176519,-0.0090560293946917,-0.110695281099388,-0.0510286687196455,0.124337706869795,0.203346531069425,-0.231463948117307,0.0216596727530158,0.0220456978260998,0.0277257204306515,0.151513979443652,0.0397278664166557,-0.137460804476206,0.0243931708099903,0.128058928990792,-0.0417874507010857,-0.0952081944262863,-0.0313720280380942,0.0834120303484021,-0.0753086092470222,0.0348595143467559,0.0564183006279111,0.175479314265791,0.0085909038833272
760.in,760,1.00000000141482,-0.125864055756469,0.0225669622921574,-0.020411329392351,0.165344139096154,0.0633936248312534,-0.257793412016062,-0.585282814531683,0.0305378430469383,0.0553382045535867,0.204820486476469,0.298132130200528,0.493516643984274,-0.090056381524981,-0.177169533866564,-0.233576894364485,0.0315683582251075,0.0907077010930233,0.234451702439513,-0.18583015219071,-0.0625934294961379,0.108561269444217,-0.0567894048772862,0.151517359323395,-0.018442275162229,-0.0840674032253546,0.0345866062622292,0.0565639794276336,-0.0740448132515023,-0.154699034597061,-0.0279394073277611,0.0856871445115971,-0.0689425649121461,-0.0019048493023029,0.0659081669059045,0.140532250960784,-0.0057456082378402
776.in,776,1.00000000115328,-0.038742307056117,0.0326508004959079,0.0725702878866352,0.0752633960206939,0.189041356184001,-0.220373063783334,-0.55973305919268,0.008265558182382,0.100710773559816,0.218399829861042,0.309441285545979,0.483522958268946,-0.110193136718816,-0.0981832508982528,-0.188581627877591,-0.0259163829784158,0.114817505413142,0.23101945733807,-0.208087107074213,-0.031753745719024,0.0805550088276858,-0.0257057332298041,0.13830232290774,-0.0006493454081472,-0.102798555367985,0.0289021675126583,0.0926303436966831,-0.0591322686286032,-0.126440865813208,-0.031563515439874,0.0897205062796285,-0.0759831567670618,0.0106883512189544,0.0488413270150801,0.135440009242849,0.0069673037813254
791.in,791,1.00000000094317,-0.0673282522116199,-0.0056363930709477,0.116157307335075,0.126869446686879,-0.0443054849566004,-0.234389543150195,-0.564867606534063,0.0151215788929537,0.0887355187379412,0.337790804336237,0.421354103082102,0.495049975744878,-0.103214920255146,-0.106749975780167,-0.203601179619209,0.0747502908291084,0.104379172469196,0.228645099768329,-0.235846759063453,-0.0432425376494084,0.0889666056897728,0.0394205446495408,0.17820796221813,-0.0073170779720132,-0.137263337821934,0.0488449698632046,0.104871551303896,-0.060590460958805,-0.135955747767462,-0.0324686468687374,0.0772960519581112,-0.0749509604051844,0.0012611650126988,0.0777126319407635,0.215648908904094,-0.024549399291535
803.in,803,1.00000000092991,-0.0730425726642505,0.0969529576487393,0.107840447668475,0.123781159759254,0.0988454428755695,-0.231983273319539,-0.573595576120584,0.0177874179380723,0.0826429337765617,0.329884145707584,0.412600510171139,0.543360492804472,-0.100415102208468,-0.104802987973843,-0.204364674276507,-0.0164786492772971,0.104297631351507,0.278913200446236,-0.237413758683337,-0.0459896641880557,0.0917528082856818,0.039292911874425,0.176560755101035,-0.007598755047135,-0.133961871026988,0.0158367481019503,0.10522985343967,-0.0643817957840932,-0.136942941609662,-0.0297048086143461,0.101976672192452,-0.0726574029755997,0.0041933890743277,0.0645938153028156,0.209881618245249,-0.0073088853719714
822.in,822,1.0000000008471,0.0620330959348994,-0.207058649129275,0.114940159699824,0.0001684908039453,0.0532214657969896,-0.147847702339792,-0.568787747073667,-0.0124511334133829,0.157354360208102,0.227542575254044,0.334977227473603,0.362180592968584,-0.149354951443004,-0.0465992945902942,-0.137712814839078,0.127363099106277,0.166900056064258,0.138204124761216,-0.241863555899087,-0.0262081308296162,0.0526579737905556,0.0343264584189687,0.11878875240166,-0.0014377712141737,-0.126790207000801,0.0885791145896461,0.119328061477391,-0.0358080164302552,-0.100477106652813,-0.0242045869410726,0.0369343293290321,-0.094824111164158,0.0190324833980876,0.0541196793045587,0.128540638739232,-0.0012077815819492
869.in,869,1.00000000170964,-0.0572985862298526,0.0712781086311332,0.24174663302049,0.164864929558046,-0.0150896555676587,0.0074769598206582,-0.192977837570096,0.0130783647654089,0.0944931483858652,0.374804931281486,0.251555355576195,0.195380533476986,-0.066103730514729,-0.0953141849947116,-0.0775818946455075,0.0060355473468197,0.0260857434423917,0.101230732884081,-0.116823763488525,-0.0521327535588923,-0.0180774450583165,0.0493154173186024,0.141403298571413,0.0206006794435292,-0.059837009631537,0.003327066065262,0.0634173370350195,-0.0239760060795777,-0.0755273484234607,-0.0114205319177527,0.063364850334404,-0.0374403310781811,-0.0064394634956408,0.0390827180553595,0.145105567337456,-0.0031929689286314
904.in,904,1.00000000094714,-0.0988191338871208,0.156961216520835,0.375410264389564,0.0746413218522467,0.169970689988452,-0.0191360622275145,-0.201648430028523,0.0185135270363122,0.0798566148071571,0.451466007417444,0.31235381535507,0.216277314132515,-0.0573979545360447,-0.0118238143093905,-0.106085007811059,-0.0848336228075124,0.0173276189528948,0.13332683766258,-0.157060260883507,-0.0678552507912365,-0.0062153030223055,0.11593126824331,0.140964470424114,0.0125971662177334,-0.097041969236692,-0.0278496444760628,0.109905093129498,-0.031525296682666,-0.0891514338771511,-0.0090346822210963,0.0879535994951104,-0.0320436408323752,-0.0082962049487469,0.0207778846907041,0.174343844668148,0.0157144240035665
965.in,965,1.00000000128454,-0.0557763596140746,0.100137192780479,0.367035500100721,0.0954744510387858,0.101952790994817,0.0279812064911219,-0.235239740537882,0.0157559550852118,0.111704528307622,0.49108904040687,0.364678190444315,0.218196446644239,-0.0816167727139959,-0.01825747424397,-0.0828038557079819,-0.0239951298637588,0.0490555751755859,0.148807788964147,-0.18308268507888,-0.0749745424415895,-0.0109157484305897,0.16935801418151,0.146480518476229,0.002172305668332,-0.116988341629476,-0.0158855079598823,0.119520918293367,-0.0180162254707981,-0.0753463379929573,-0.0060524791556087,0.0774601309286584,-0.0463928630558268,-0.0149591141246538,0.0238097002538859,0.196407048133863,0.0096962471631815
1000.in,1000,1.00000000101276,-0.096471134561669,-0.0285869136911202,0.295864899845387,0.0915369952122163,0.0734399929471936,0.0267853377970235,-0.299965466941394,0.0169100623551553,0.107016306356305,0.42309147726876,0.316029239468202,0.16428922394795,-0.0806750977056879,-0.0464336756155158,-0.103861767088327,0.0496199788456217,0.0673626600457186,0.122048743488704,-0.181418526908894,-0.104200152456034,0.0112099346338122,0.157565179678921,0.12341024593653,-0.0241492889336412,-0.101818711471072,0.0157679327984968,0.113945121988439,-0.0160350669069756,-0.0825350223500677,-0.0041523251895365,0.0590049395736481,-0.0563150589999252,-0.0240280327509572,0.0196512460024271,0.158022083628644,0.0084259279250254
1001.in,1001,1.00000000126399,-0.0523593570814364,0.0189953986165202,0.279739386018049,0.124350982185805,0.0623015316595674,0.0483809953745489,-0.283450974991923,0.0107008178148167,0.128553193435938,0.435423521844515,0.328749588766439,0.195845493931538,-0.0936702280808114,-0.0636436891218419,-0.0814700102930721,0.0326786611658683,0.0752496523189987,0.146289986512679,-0.179567141591869,-0.0915781936577154,-0.0044566917992852,0.154464095672996,0.135190633300154,-0.0135548520073181,-0.0999242250237271,0.0054396822477314,0.102448452753648,-0.01216810561146,-0.0709597701146429,-0.0043219676916105,0.0717647596916918,-0.0585173044299359,-0.019079893417655,0.0222143879414998,0.169152873782427,0.0062749416935678
1002.in,1002,1.00000000105386,-0.173383846823908,0.0117242008358224,0.268124428573997,0.15623763753428,0.0288474486509298,-0.0160303114386971,-0.332287878543497,0.0351160056424252,0.0678522258449136,0.441047931085042,0.33869895102333,0.204627981917396,-0.0637308131440286,-0.0842350217792617,-0.14118851412592,0.0444039717386171,0.0416638239832363,0.151119215410492,-0.176043635912465,-0.122957523773202,0.0412815488710665,0.153592152676248,0.141987307541324,-0.0342864531201557,-0.0996470169766417,0.0076946013474784,0.0976637611366276,-0.0326624422809531,-0.102528161357165,-0.003861603213094,0.064733850699317,-0.0480192845668242,-0.0348752107274987,0.026608931072183,0.180796649479699,0.0020616674642974
1003.in,1003,1.00000000122919,-0.125982212117479,0.0457204628842722,0.245681436444881,0.184368350239736,-0.01211235573382,0.0090535757038613,-0.314422665083384,0.0292328601885748,0.0866771847305679,0.452282090917632,0.352026960041555,0.229758700458287,-0.0738778516210914,-0.109215993371425,-0.118499724497485,0.0527417200287267,0.0559711145213244,0.17102765419308,-0.176250181261899,-0.116824728240331,0.025594237462275,0.156071945990754,0.155280566967019,-0.0293722704414188,-0.0963027359134824,0.0044553352379857,0.0922628966045908,-0.0241602854116629,-0.0901646596575221,-0.0021559827229885,0.0732744770917402,-0.0518654358477502,-0.0297572147512584,0.0301536875346465,0.19356574353175,-0.0020167951348856
1004.in,1004,1.00000000118733,-0.265999025545997,0.0755439174451578,0.219300580149548,0.207603974295669,-0.0154078807648521,-0.0707862110328538,-0.36544356079866,0.0595246301727454,0.0136225320719143,0.455264692524438,0.367016893888542,0.255803066352491,-0.0405977969347886,-0.128126710588695,-0.195340344469693,0.0472049414847806,0.0170365196813595,0.186458173998696,-0.174644442679234,-0.153089123768055,0.0750637295674923,0.150384243468794,0.158602938401893,-0.0548219425810913,-0.0982424987913029,-0.0043408297688,0.0840186148279811,-0.0492106765552645,-0.129516991004493,-0.0039604175274624,0.081189585867749,-0.0423633915704106,-0.0481869532244747,0.0296711497928761,0.20008377838067,-0.0022419898018596
1005.in,1005,1.00000000086504,-0.209384760284054,0.0941613900844606,0.205822644123786,0.240545532393996,-0.0586777882393674,-0.03779699542975,-0.345572593949036,0.0461021978046256,0.0469863489591129,0.472103565957783,0.37559179686527,0.276948738401276,-0.0515017174416562,-0.148549910303956,-0.163933914297964,0.0529200398091796,0.0333415716111441,0.204845480980541,-0.172862938743773,-0.137576211846183,0.0537987764617108,0.153187944207983,0.171631706246418,-0.0439893219082432,-0.0966732564792233,-0.0048333849792339,0.0775186606479461,-0.0395356130459743,-0.111759419075201,-0.0044416917362985,0.0851960621131513,-0.0456631385918893,-0.0393664407886655,0.0379275521576611,0.217185593419546,-0.013147679614102
1006.in,1006,1.00000000108829,-0.08830371238666,0.15058960523375,0.253998421015678,0.115947029839088,0.311011568483054,0.0250663598217777,-0.301934686051063,0.0178180583387902,0.111720892730207,0.37914830656347,0.273342996579342,0.242748437256051,-0.0847190402485384,-0.0697578447000409,-0.0988351179670609,-0.111771216942357,0.0652410268378747,0.209520492062831,-0.162814573535386,-0.1021668355025,0.0091551975744312,0.12021952311953,0.121409624290747,-0.0201505484831011,-0.079858318688956,-0.0376991340750565,0.0950469825212675,-0.0172010911195219,-0.080559408516816,-0.0057439350983936,0.106109059650569,-0.0558942707721889,-0.0248403655208957,-0.0034593414120658,0.134977148027906,0.0328877868224351
1007.in,1007,1.00000000100563,-0.0461351083114504,0.170811149013371,0.221040724055138,0.157786988212547,0.274405858575055,0.0475449605009564,-0.28233358941455,0.0060611336820634,0.125899240991663,0.386486151974907,0.286448817818932,0.262226609884206,-0.0948418574556211,-0.105567482284414,-0.0756575054218864,-0.102036028856911,0.0795338087649116,0.225450869689588,-0.16041129766407,-0.0910974020165461,-0.0009319708939879,0.118327247781828,0.13120002756009,-0.0162795553983938,-0.0769240415764666,-0.0430357949004502,0.0840333206038541,-0.0104327200979414,-0.0696409937104072,-0.0021009935545238,0.107660016548152,-0.0585386383724679,-0.0188255206649655,-0.0007732614666912,0.149452787825029,0.0303081758266115
1008.in,1008,1.00000000088856,-0.171806202203227,0.189185984223927,0.214343154762939,0.184595008327272,0.252344780329122,-0.0095650264762293,-0.331468833581616,0.0396914036411448,0.0673277879380506,0.398707257784701,0.299104316147698,0.279443042904497,-0.0653205342386935,-0.116811045545539,-0.140710576215577,-0.100744123866908,0.0419524393662065,0.242494065142191,-0.158244045034588,-0.129226677632449,0.0384405872278131,0.12334537715352,0.140177325279107,-0.0391132052178767,-0.0774079037937623,-0.0475804983754321,0.0784145854713504,-0.0320361005156929,-0.101135907384919,-0.0036153037040471,0.113609692948271,-0.0488797109679484,-0.0386358581821825,0.0023677357975277,0.158662064329226,0.0268922639841795
1009.in,1009,1.0000000007736,-0.125371036248329,0.223354822465015,0.186373404722569,0.215894967974841,0.222821208584887,0.000778536084226,-0.322770084597174,0.0232590903980641,0.0874663478173221,0.406613403381972,0.310189997400732,0.318325336533728,-0.0738597253491697,-0.13341413975151,-0.117349593151916,-0.0937146089451348,0.0567653141543703,0.259864691282437,-0.157048626516845,-0.111430741439797,0.0226824539468928,0.116546453411925,0.151241558720219,-0.0281630241375183,-0.0821334090533027,-0.0534615587191415,0.0718772119668236,-0.0245158162356667,-0.091438920048305,-0.0025603702888447,0.121528942677498,-0.0527991134047627,-0.0274152166117252,0.0098558087742878,0.17241508736995,0.0229151409461869
1010.in,1010,1.00000000107674,-0.270277723574971,0.244456075316036,0.175856555877621,0.225435361305164,0.202424023477401,-0.0637011298016618,-0.366290108383475,0.0562362555953511,0.0174060563092977,0.418957367746905,0.317100554546946,0.330470734104192,-0.0377044465112721,-0.142779318113928,-0.1996157275903,-0.0917921035402923,0.0169469274634479,0.2718010727216,-0.157331000061113,-0.154286111082103,0.0720170789338884,0.123107617853737,0.156987816528921,-0.0527393728136945,-0.0808635019596094,-0.0568221923582045,0.0701606044794591,-0.0513518723075758,-0.1256079938693,-0.0024979136211635,0.126501539654112,-0.0406237122596739,-0.0448638041017695,0.0106867172670026,0.180376838329836,0.0188154186296971
1011.in,1011,1.00000000111169,-0.20533344940642,0.271261747241993,0.15784429018062,0.255171356991356,0.175332471295256,-0.0319344557988227,-0.342541219228408,0.0442759459925847,0.0420263661394882,0.438668493680501,0.339970795542549,0.357249580031788,-0.0554837962593105,-0.172238781502785,-0.160490032373689,-0.0903745429566466,0.0362575047833385,0.292357336580876,-0.159395259399944,-0.136179450947457,0.0514543287632457,0.122589210447375,0.166708860122608,-0.0417212105818357,-0.0803204111691858,-0.0642253793173741,0.0638920149127434,-0.0377688521764184,-0.110953769177182,-0.0018364834336614,0.132489457797426,-0.045354765607468,-0.0371896986531755,0.0159834191423633,0.196499755455352,0.0162998187708463
1012.in,1012,1.0000000012129,-0.0917181995455502,0.0852098542224997,0.294816164816927,0.0971865806823166,0.230767127712391,0.0210949676832914,-0.303481216706543,0.0237644530599368,0.105547046873902,0.417975475510048,0.314191593244581,0.212006777550253,-0.0820786802680501,-0.0495815684027538,-0.0971908294110463,-0.0572957484559531,0.0679938556476556,0.180013736462321,-0.179310116608837,-0.104548513704626,0.0144645706997718,0.159096350845278,0.123715966223891,-0.0246993438788079,-0.100248873900508,-0.0210284030584812,0.109594085428244,-0.0173440793246171,-0.0783163937890384,-0.0019945659743982,0.0872071676168952,-0.0569960022933399,-0.0253678155259202,-0.0004729749714426,0.153303969170961,0.0262012528649896
1013.in,1013,1.00000000100131,-0.0457247839950387,0.126361868017642,0.284161635877713,0.121642141566232,0.2140396100691,0.0449942183759006,-0.283784613893928,0.0094179377591195,0.129306807228327,0.434719722618894,0.327350946038581,0.245566921599973,-0.0947759970449398,-0.0664306223731968,-0.0781652736063597,-0.0632886917189059,0.0761929397070144,0.199207473167726,-0.179680611390347,-0.0878697081744559,-0.0036558004873879,0.150506097752596,0.136392438306549,-0.012385682216014,-0.0982790331626169,-0.0292110748791761,0.106255284917248,-0.0106391942275512,-0.0686591215943475,-0.0051192413078955,0.0960751830510795,-0.0588554621921982,-0.0178634950846514,0.0060027669751342,0.167859831701183,0.022041963192136
1014.in,1014,1.0000000008376,-0.17468323729512,0.133537146559481,0.265140339477174,0.148781741855265,0.188544724095582,-0.0218631641175875,-0.322869383107352,0.0384280937034519,0.0616473637025125,0.449615444886348,0.336245786087062,0.253194285596889,-0.0598443570414738,-0.0838527687779618,-0.149571386413624,-0.050471803052605,0.0416011318049617,0.209172570247892,-0.178601157614841,-0.128255125128078,0.0400885006559787,0.156104833799777,0.140159388818676,-0.0366425917760341,-0.101157573543326,-0.0344914025885419,0.0997642730186983,-0.0350261231348167,-0.105034480423673,-0.0013246891014943,0.0988749545998813,-0.0474070874943969,-0.033115920610651,0.008931482597821,0.179973911133969,0.0198548203184045
1015.in,1015,1.00000000105736,-0.133991698586796,0.175288756029115,0.242050145848262,0.189137685012195,0.158413998656885,0.014265005268099,-0.313056687721156,0.0312158653109017,0.0882204844836622,0.45552123257795,0.347161285535849,0.287217295171462,-0.0787164447405349,-0.10210342670055,-0.121305181433078,-0.0556402318946015,0.0524797337827375,0.233093209001333,-0.176551799058442,-0.116056470905802,0.0210605766373964,0.155798292592942,0.153953490516891,-0.0276643526243293,-0.0975090841693915,-0.038664521054638,0.0893846376486518,-0.0252508265005727,-0.0901180859942372,-0.0013598726330386,0.107942326657987,-0.0532050324684659,-0.0310971310832797,0.0132190170496575,0.185334477526174,0.0171789394009028
1016.in,1016,1.00000000150327,-0.266640681529117,0.184021115344702,0.218048728132938,0.209401836289931,0.117651796498957,-0.0626981509887196,-0.362966984915187,0.0600773475622474,0.0212729950144674,0.456373188703994,0.360265892396041,0.304168324876114,-0.0421435562562688,-0.119694157450132,-0.195451394067461,-0.0398633192115273,0.0176826172258689,0.240460549546146,-0.173690089253202,-0.152368364727742,0.0699884735153573,0.150376386887601,0.157980599357553,-0.0519476505622784,-0.0981818678456897,-0.0379129893903579,0.0815523045812028,-0.0506180021399854,-0.128611695672804,-0.0031979349634631,0.109190988331541,-0.0430540996638942,-0.0491455751505218,0.0215538359205378,0.19589170270925,0.0107943303136699
1017.in,1017,1.00000000089298,-0.207275962471894,0.209723007726009,0.202959719486946,0.242594920377577,0.0992188375703322,-0.0361161405727485,-0.340869270646446,0.0441266867932074,0.0499018987698055,0.476451758198744,0.374363160930383,0.326160865521692,-0.053896601461694,-0.1503688998187,-0.163734237500678,-0.0438975203591518,0.0339766511798165,0.259318805563894,-0.172305220311567,-0.135696090002452,0.0503769011633919,0.150026305908355,0.171675359513782,-0.0426956135716648,-0.0977624585158659,-0.044419073116592,0.0784207543138853,-0.0382252141994005,-0.111523121625956,-0.0042271988855703,0.11288224291417,-0.0475344887962457,-0.0395531841300671,0.0213927871540443,0.214118014358937,0.0047534043766193
1018.in,1018,1.00000000086616,-0.0885375418896637,0.0307190998629565,0.348675801917823,0.0717884482689799,0.155327448250796,0.0276944135733872,-0.30166029958937,0.0201974480777804,0.108415684625569,0.452443465645884,0.347778718761011,0.18865532659537,-0.0818579323348309,-0.0127433890347613,-0.100207552792452,-0.0142288553780057,0.0679905634529265,0.157454324494134,-0.19592355735459,-0.104786919329679,0.0139605844214847,0.188471526425229,0.130103974455447,-0.022985069234833,-0.115531856567341,-0.0033999767700024,0.130546182978479,-0.0185894644583307,-0.0819455918236977,-0.0038416239320183,0.0747041525386653,-0.0538133797971498,-0.0266231068967271,0.0140576052151405,0.174432821484029,0.0177668121165204
1019.in,1019,1.00000000096734,-0.0364318980966414,0.0506804898501387,0.332541978839777,0.10736121117112,0.121811458577634,0.0514657851863897,-0.278562018621856,0.006653916227068,0.132434118949729,0.479114319882653,0.372594095295924,0.20849293828519,-0.0995300513281901,-0.0417571546954578,-0.0701997954439809,-0.002423016266375,0.0799397704092135,0.164677829224268,-0.196337138782644,-0.0863398034719175,-0.0075916898427953,0.187231279027118,0.140308462352528,-0.0129640990831641,-0.118101003727324,-0.0070233109570223,0.120774114968522,-0.0081287041873831,-0.0670606319262451,-0.0048514814544321,0.0737538855793586,-0.0615635258677599,-0.0213264566385103,0.013562141026347,0.190890940725379,0.0127504540637094
1020.in,1020,1.00000000117938,-0.177527414424383,0.0731361519845194,0.318854121610905,0.11930007349502,0.0979255849876093,-0.0187694951378402,-0.336337926988394,0.038835640779721,0.0668554760024061,0.48069171368907,0.369711972035109,0.232723390388593,-0.0613366688120113,-0.0512157934762483,-0.149642604267001,-6.20619852952029e-06,0.0429733795219188,0.182096981554705,-0.198852950479265,-0.129145505017293,0.0410549284371039,0.1865221989899,0.147116662553982,-0.0377754158055733,-0.115499868455706,-0.0086176558589971,0.119336663062159,-0.0337436935018223,-0.103197971055043,-0.0041781245332176,0.0857727774374834,-0.0497993224948971,-0.0366252429607495,0.0187840382182067,0.194745697923767,0.0083586717565003
1021.in,1021,1.00000000097981,-0.128148819637405,0.100121303950142,0.292927802372657,0.154387236380177,0.0727162504785824,0.0044039622014502,-0.310738455137042,0.0304100549148143,0.0897211593266357,0.499065174068983,0.389505698950758,0.254895545422798,-0.0733426006163145,-0.0706853007599136,-0.123833067277947,0.005046430748901,0.0548122655175728,0.19606652350551,-0.195968962663063,-0.112353766206165,0.0217593128330061,0.189668265744595,0.157467591385316,-0.0270828685891987,-0.121786349477068,-0.0196475961137499,0.110392900384084,-0.0265877670171723,-0.0921421110953683,-0.0033292481123187,0.0881294056057078,-0.0537965995511507,-0.0299049245106359,0.0238715408004823,0.209865153394181,0.0052617951286696
1022.in,1022,1.00000000120295,-0.269169753230907,0.12885788132802,0.268475235213863,0.183145090027404,0.0448356835397399,-0.0691283637024136,-0.368784924817763,0.0599318407013222,0.0161589082857485,0.497122279285414,0.3956652953854,0.284314108112614,-0.0391721261230742,-0.0960030371123259,-0.200641101997509,0.0038808714883215,0.0150882057057864,0.21592742607963,-0.192924967824501,-0.1519512767468,0.0740256352141534,0.180328786148855,0.165348670231385,-0.0543160319221186,-0.114213101678447,-0.0213000467725619,0.103017178471911,-0.0516331671956736,-0.128177520220247,-0.0034706209421619,0.0972999918141325,-0.0418806528424177,-0.0483291884175978,0.0259732522304988,0.217023353972215,0.0024280522704719
1023.in,1023,1.00000000124779,-0.21773031314676,0.155237447691111,0.262470899598935,0.217982469664665,0.027827522897493,-0.031787873658952,-0.340827058035517,0.0520837470574167,0.0470213428023405,0.525166218700491,0.408609867559839,0.29961354497808,-0.0512760020362147,-0.114664409130283,-0.168500516863822,0.0028043022132984,0.0308931803880776,0.233101684559576,-0.191110320389412,-0.141707197996538,0.0512059050685795,0.187721980096371,0.175247785722771,-0.041488927785243,-0.116323436789905,-0.0293149967057349,0.0969688791177842,-0.0392021896157057,-0.115738301345721,-0.0020459886262325,0.101406998344043,-0.0453106701943229,-0.0437293156320401,0.0319835220569976,0.233763695767227,-0.0020849807439956
1024.in,1024,1.00000000105136,-0.0889378879868372,0.0010750253155554,0.0950669658956191,0.181249172693151,0.190887309608411,0.0473312633212802,-0.351034943252749,0.0210028471774683,0.121994700700655,0.277194579403097,0.203153289775725,0.183199013436202,-0.0916264156429591,-0.154774643858118,-0.103505784432858,0.0028205400231159,0.0914538039457453,0.175797255275203,-0.132504790031183,-0.125504590492367,0.024095707270959,0.0798345718501766,0.102864663704095,-0.0435072232426359,-0.0445616676155059,0.001769273693933,0.0565456643562337,-0.0119182237353437,-0.0781873191873061,-0.0015155213324045,0.0779697058594444,-0.0671198830986204,-0.0353938224453032,0.0002672732892182,0.091133685312225,0.0209148042377267
1025.in,1025,1.00000000112099,-0.0402443511356663,0.0323807304143343,0.0796893275945412,0.208963294449098,0.153154189424475,0.0688489556464415,-0.33652424377136,0.0100808586332673,0.138982097273428,0.291784246928012,0.217101521907252,0.216039457518172,-0.107159720379292,-0.177140036798752,-0.0762137965455625,0.0113601632755034,0.10600638279987,0.191992742358209,-0.138739847143422,-0.108197699321585,0.0050792178155694,0.0758687069215855,0.116342307273316,-0.0317513303650385,-0.0446033083685759,-0.0037264156275713,0.0486380329776022,-0.0055951671134463,-0.0651578586250245,0.0016193842118788,0.0835003932802474,-0.0698010399227941,-0.0234152473020818,0.006439409680197,0.103023033186138,0.0196798398158422
1026.in,1026,1.00000000108099,-0.171915449399094,0.0365792404333895,0.0667480643185085,0.226338422244294,0.136837877898345,0.0046528519305117,-0.378731140203731,0.0371154800669503,0.0685715266558579,0.300406024329884,0.222899110737043,0.225830647467472,-0.0689853981568393,-0.193659658268522,-0.150778978436242,0.012454695104827,0.0674166565750006,0.197516859104714,-0.137582942809015,-0.149849336854783,0.0536017889193744,0.079800667113722,0.120584724154236,-0.0563784561292173,-0.0440355868922228,-0.0069902201051232,0.0459221952312388,-0.0287838477857817,-0.102349432350737,0.0001809836297372,0.0838327293535364,-0.0592931952903545,-0.0438365750338845,0.0092642188360912,0.11181560623071,0.0144899061762848
1027.in,1027,1.00000000103178,-0.124101323256276,0.0719719056439508,0.0501340889869561,0.262474368973797,0.099533698979065,0.0203304798005587,-0.366661933064081,0.0273886119650008,0.0990886559793892,0.31176833211862,0.243725920771546,0.262794018143576,-0.0875338141051042,-0.21221915861832,-0.120621542028378,0.0194228168392642,0.0816629048057662,0.223169781883103,-0.133727435371969,-0.131887732548247,0.0359105847245368,0.0755255541177252,0.130836648990163,-0.0465299272672539,-0.0480667748857152,-0.0137724179710801,0.0374019123178788,-0.0193918549667578,-0.0872268760263594,-0.0001306011005842,0.0911228406276315,-0.0645010199896603,-0.0364257586724727,0.0111145877432129,0.122557360085634,0.0112729757404801
1028.in,1028,1.00000000131386,-0.254226715830975,0.0985279670761292,0.0309192285196189,0.285886905618357,0.0875282739081383,-0.043486009876331,-0.406471881398877,0.0566951931718511,0.0385929907892081,0.324404835564624,0.253229392399988,0.276739937166274,-0.0517220632725763,-0.226257754418229,-0.194465102690819,0.0164141573038048,0.0450978780539141,0.23067591148246,-0.133480169836753,-0.167164095878983,0.0770460464125774,0.076197274665126,0.138498785890897,-0.0676512223271501,-0.0472934366513388,-0.0176439840097868,0.030916457034065,-0.0429619644027207,-0.11883853115597,-0.0011583233592601,0.0958375497349314,-0.0552827518207488,-0.0521053230215697,0.0128839207958399,0.133105085725557,0.0063908720912898
1029.in,1029,1.00000000070634,-0.200558922548795,0.116456213981926,0.0031052578497272,0.321333268815224,0.0507809561286555,-0.0196819525099638,-0.392944502413746,0.0450115079593699,0.0609525559830749,0.334494810936652,0.26216802442573,0.298344413456001,-0.0638394100955378,-0.255174836283744,-0.167060441718135,0.0224517377371401,0.058668933016849,0.25119529682835,-0.130760236572106,-0.154961983872121,0.06196681450746,0.0693017177290225,0.151619676368521,-0.0595119316580721,-0.043488709965544,-0.020882520460679,0.0234520382538879,-0.0341991955190067,-0.108104975907978,0.0012580641551651,0.0972967726380387,-0.0601354599966555,-0.0465889600628264,0.019243124991274,0.146279581434312,0.0032918749966781
1030.in,1030,1.00000000091655,-0.0864215200549804,-0.0584029263054408,0.158722676306471,0.152061377561165,0.113754614562133,0.0422116145461379,-0.346038424531661,0.0246833294088828,0.119678204333104,0.319503401291289,0.240968352680321,0.170428513561107,-0.0929355282638759,-0.126763188778603,-0.105442091223077,0.0527271595250687,0.0907351997156748,0.14437736914589,-0.154712543639708,-0.122341109743451,0.0238445512179641,0.107553384531742,0.107224745479931,-0.0416757356859439,-0.0645801073962922,0.0175555058631392,0.0770259816973841,-0.0130561649837842,-0.0775967043625191,7.30379816229007e-06,0.0578337131854754,-0.0662363261838769,-0.0287602159603091,0.0075235520478516,0.109268294868182,0.0137418684388338
1031.in,1031,1.00000000114358,-0.0463639899868954,-0.0366700767894394,0.128692594873484,0.190071880241768,0.0763911456911341,0.0685557166348762,-0.340072031212976,0.0096234575933013,0.141474163196404,0.331964760296765,0.251389394043986,0.184531186211598,-0.107307940397254,-0.144133005374369,-0.0754890635586106,0.0628148343459962,0.102689101629975,0.163681273827299,-0.154112980871814,-0.108465380242616,0.006558076622153,0.105705516919865,0.120489206925153,-0.0330719929184664,-0.0633819909329331,0.0171048587952908,0.0682601825864116,-0.0041038981679123,-0.0651046282345194,-0.0009525107267631,0.0665591098822129,-0.0705222302409038,-0.0288742494007649,0.0129419669399433,0.119332050439516,0.0092355061022926
1032.in,1032,1.00000000123321,-0.172152991875007,-0.0085892935942345,0.115621094156735,0.208308396108939,0.0570446293933187,0.0047139792854826,-0.379624553969562,0.0381547236977636,0.0795717147850088,0.340445418869225,0.267759690385264,0.203648714345707,-0.0780239399456576,-0.159340336652444,-0.143581783590679,0.0635565343409099,0.0708945729765523,0.172954235058197,-0.154163589173113,-0.145456006375391,0.0466768922946941,0.108693201618159,0.124486825603324,-0.0521517840624502,-0.0655755990895235,0.0101489983767789,0.0618875273201152,-0.0256419034824911,-0.10050476661387,0.0013649582150434,0.0714990507179711,-0.061636596508631,-0.042843483656281,0.017218110239998,0.130315109082506,0.0095853085629785
1033.in,1033,1.00000000086388,-0.118265662205587,0.0085322781611729,0.099734375516836,0.250451500352145,0.0272122435458242,0.027728823578269,-0.363471818357973,0.0243553325924356,0.102475056096679,0.357227299627596,0.27996782553962,0.230216584845661,-0.0919260656779957,-0.182500017385477,-0.115049849919672,0.0601191350739941,0.0827718296226036,0.194346792041502,-0.152040126927184,-0.130122426894627,0.0339242764803515,0.104219862502791,0.137982941767494,-0.0450545365979437,-0.0627847954503479,0.0047554956551886,0.056589441847586,-0.0188307477869155,-0.0874663360395369,-0.0007520247816259,0.074360302131171,-0.0652842616656017,-0.0394307716219919,0.0221986199648627,0.144816842578811,0.0045161448734871
1034.in,1034,1.00000000090586,-0.264281981985789,0.0286113085766486,0.0873113405602788,0.269698669065871,0.006884672080291,-0.0422607133959121,-0.406737662886078,0.0608511174780953,0.035675777146418,0.370865336337377,0.290047696222176,0.239893746914943,-0.0499804369343324,-0.201532399846906,-0.195616912771875,0.0705554338027661,0.0434319022463381,0.20191058206998,-0.148805026191896,-0.17400529110518,0.0821082687236789,0.109740991824769,0.142817214427708,-0.0710820170698042,-0.0642839090838092,0.0024843569622706,0.0510936283639817,-0.0422538958421895,-0.126200485085332,-0.0010180167358629,0.0795035584941536,-0.0550366126727012,-0.0576025377389312,0.0211698908285178,0.153403369862633,-0.0008601912366513
1035.in,1035,1.00000000129464,-0.208808173326401,0.0747258725208207,0.0522161802684382,0.301656603440743,-0.0273861874787378,-0.0231604762086016,-0.399242202274426,0.0461519430636298,0.056702260751625,0.364293887775606,0.30542782436397,0.284803183255767,-0.061838618698338,-0.229244502389344,-0.165618464031396,0.0658225035649997,0.0579278109622417,0.230728998497332,-0.147601649478996,-0.157493899357634,0.0674759227632321,0.105355120003517,0.15596789065277,-0.0623364432949151,-0.0610993564474459,-0.0025194761127194,0.0393660173859301,-0.0338084023030522,-0.108410083793828,-0.0008738230707316,0.0895618346814348,-0.0568162758930896,-0.0476220456393201,0.0271855789075446,0.170373623413071,-0.0062512272349899
1036.in,1036,1.00000000103362,-0.094928397369122,-0.111258288217119,0.2066704422921,0.131950352365198,0.0374702785875742,0.0470455725487448,-0.348853621040376,0.0185465922641691,0.118895124918169,0.368131372690164,0.277304177367986,0.134076972750382,-0.0971453475285537,-0.0956224885132102,-0.100696154243182,0.0987660641136207,0.0885521855078369,0.121069738771624,-0.17390595793875,-0.123760452738651,0.0195763964249371,0.142069057317012,0.1124909369071,-0.0422109363286932,-0.0826197594699615,0.0338388430454841,0.0923543147282463,-0.0110654559217862,-0.0795823619413616,-0.0013831636112198,0.0465458367048106,-0.0671364645101945,-0.0351717132290637,0.01787091079119,0.128091159111543,0.0061569370280338
1037.in,1037,1.00000000087127,-0.0388821454205116,-0.0979914144880367,0.191565628894152,0.161913764274251,0.0018267339948526,0.0686063337435426,-0.332006753021715,0.0132929161109555,0.138833516774791,0.37576384773962,0.298925715256411,0.148611805921579,-0.104411347524,-0.115722948351516,-0.0767992074745992,0.110741206444946,0.100960521087871,0.127180680324806,-0.174678691124428,-0.11044437388938,0.0090528079206357,0.142520382737151,0.123239934607172,-0.0343282302597515,-0.0833921534154769,0.035001319339566,0.0838536215580982,-0.0048639649051221,-0.0691273268545168,0.0017249836164364,0.0454494364258947,-0.0708366714571038,-0.029059658545273,0.0188350706057956,0.141879701463446,-0.0007453738824536
1038.in,1038,1.0000000007684,-0.158917037716214,-0.0663959678055951,0.178853284702101,0.175750551253992,-0.0186646470920056,0.0048330735190868,-0.37650468684489,0.0354841386930342,0.0787373509553001,0.383323500211153,0.308758365584057,0.182898864724741,-0.0753531565581081,-0.126464369021691,-0.140418750838985,0.109961806497308,0.0718762156822381,0.147500510575089,-0.174579590019567,-0.141623698599959,0.0475571063291346,0.145732271035339,0.131908428571101,-0.0536031832086582,-0.0847741533937665,0.0286058301523493,0.0832356243318175,-0.0266034451438326,-0.0953485221320541,0.0008082790123152,0.0547818899283213,-0.0611723108633071,-0.0397846220577066,0.0224012309010123,0.151974122879542,-0.000688335116412
1039.in,1039,1.00000000131018,-0.125026341847371,-0.0329498165222604,0.159370466811171,0.212052068780234,-0.0475028416619651,0.0299422978119738,-0.363584874558033,0.0284884618398422,0.0976136803378949,0.401793561890474,0.312596092671723,0.206140685874805,-0.0868751083299253,-0.151938591861721,-0.117468259806128,0.109693529704281,0.0809250467841905,0.170842877481447,-0.17470717889777,-0.135404785909672,0.0334738769464731,0.144463775323105,0.143337955193558,-0.0480565490982401,-0.0800402010834759,0.0220246374939152,0.0763281508762676,-0.0181513079561949,-0.0866146224021322,0.0017210802287185,0.0653773924536232,-0.0630541077299119,-0.0368104074585788,0.0267370213694214,0.162870558072942,-0.0038365169416183
1040.in,1040,1.0000000009844,-0.265229514671844,-0.0204849971556739,0.145881220602276,0.237497580841147,-0.0700555111522128,-0.0448839013773799,-0.416450309152663,0.0608333238554869,0.0321971077152943,0.39878110326932,0.32389843030475,0.223092822272625,-0.0532666587493566,-0.169836073049726,-0.191878868698568,0.111340234347229,0.0423633345961186,0.178297846268029,-0.168658762581846,-0.17218367815172,0.0842927090437011,0.140504078016705,0.147753672917128,-0.0708164036896574,-0.0794941528018374,0.0213568685749171,0.069980493727803,-0.0422527591324297,-0.124934555016514,-0.0007909973587448,0.0657260059074854,-0.0525262899949929,-0.0559007341426182,0.0312766299794466,0.171264719597941,-0.0069128606940774
1041.in,1041,1.00000000099047,-0.202028787963562,0.0024857838921616,0.106928205222164,0.271626241484008,-0.0993204710658818,-0.0145243467548334,-0.386013563760812,0.042386334645879,0.0633364180457002,0.417237405291851,0.336836855453325,0.241848531764575,-0.0602930605349799,-0.195710178990084,-0.166102545351556,0.125072311413731,0.0613558066062861,0.190241537246532,-0.164413421734668,-0.156675082327745,0.0579335948363831,0.139083485070734,0.157094260103878,-0.0607412771391916,-0.0784994295785305,0.0138808900140766,0.0590526913585161,-0.0307472742447176,-0.107842206316361,-0.0009572007663126,0.070733388580517,-0.058899895868476,-0.0452793242699345,0.0363282833594418,0.187040877027643,-0.0144237534681653
1042.in,1042,1.00000000094543,-0.0891163935504092,0.0624580366416989,0.151014984032193,0.150679808849985,0.260443884883353,0.0321843855619074,-0.349091273795321,0.0173134238633834,0.119052880344891,0.31475135250626,0.240578263046664,0.217993187234765,-0.100425200138508,-0.121734181592247,-0.101639241259704,-0.0487328133114998,0.091343869603735,0.20156526470228,-0.157703236852634,-0.122165683209139,0.0206116059929978,0.0998146127676329,0.109666523542323,-0.0362718556354728,-0.064562799620309,-0.0176935443214912,0.0759184149649409,-0.012875588879962,-0.0795416699287236,-0.0007643964996261,0.0888702753537111,-0.0672951717479069,-0.0330305425399533,-0.0066340421307999,0.106743183707885,0.0335976895786103
1043.in,1043,1.00000000107557,-0.0547397507885846,0.0885138506154706,0.135350173872301,0.189964971737158,0.239505811825405,0.0617858401911001,-0.32875205780172,0.009548999434524,0.137561886934093,0.340821510971271,0.259594927087623,0.231163579358741,-0.108440145269515,-0.148948617238319,-0.0811451469285387,-0.0378428943320662,0.100430357135427,0.216771228106623,-0.151207865551208,-0.111563974346501,0.0074598781443582,0.105516956325784,0.119342918815398,-0.0311384198849661,-0.0648678816318385,-0.0248372550055901,0.066956300479395,-0.0043665003285121,-0.0710453929619925,-0.0017059864924413,0.0969300604001796,-0.0714528359981518,-0.0299869681169945,-0.0028481001016899,0.122839007235223,0.0268696743655148
1044.in,1044,1.00000000138033,-0.171959955284919,0.10768689233616,0.116826976745376,0.212121495719342,0.2156112774606,0.0014583054624425,-0.380803136664545,0.0375421398507073,0.0788982766817832,0.332672707161636,0.268282313100207,0.257419158651357,-0.0749655345571608,-0.161631443499821,-0.1445799757831,-0.0373280625455578,0.0680366705337428,0.231279617279999,-0.152032408000209,-0.146672700451512,0.0520337148205225,0.108524837590182,0.12486961217955,-0.0568514511823516,-0.0620504105618244,-0.025504013151865,0.0638373907845388,-0.0248681137515421,-0.100927387937867,-0.0008471450894143,0.103344484888774,-0.0611434645627371,-0.0456681866079832,-0.0012453717676626,0.132571389224397,0.0276955113074274
1045.in,1045,1.00000000097737,-0.11198916706299,0.120417550947474,0.0986529653303079,0.242605620139691,0.163848626986159,0.032060930664208,-0.365218179278461,0.0265315342238599,0.10140532239746,0.350341967187968,0.277865437112564,0.28113359788417,-0.0861856895728372,-0.184215233557233,-0.113533851542876,-0.0308852364591428,0.084146667090838,0.248636695504276,-0.153344839185424,-0.128741017051393,0.0323981593316391,0.107797507360868,0.138297031060823,-0.042219302434275,-0.063009860298925,-0.0269985954025962,0.0548936349179111,-0.0170804729583669,-0.0851483066864835,0.001096473759856,0.102275745743114,-0.0637754703142552,-0.034113541053089,0.0062476118655945,0.143121027914016,0.0169723722603587
1046.in,1046,1.0000000008837,-0.261565582328336,0.149869518146454,0.0883200523322332,0.26781909393302,0.162860125950661,-0.0374639161745145,-0.412213710270226,0.05905495929655,0.0394504421194385,0.368161647518996,0.279903492323887,0.297208290808371,-0.0521373277623228,-0.194592788899628,-0.194119809246034,-0.0321561761596293,0.044723592565917,0.266050911313791,-0.152093647671918,-0.171415178747621,0.0778097369565844,0.109248059221738,0.144240315881346,-0.069877899947188,-0.0627704046711123,-0.0342965677473214,0.0514246224672919,-0.0410710291627283,-0.122008092282117,-0.0005096511437125,0.11206978915881,-0.0548568754976711,-0.0572346897191812,0.0096147209072661,0.149041876788302,0.0155366702122507
1047.in,1047,1.00000000110822,-0.199463361705331,0.176339912704292,0.0557206969312899,0.294763224896846,0.123798280429473,-0.0167617079968109,-0.390812530436367,0.0437710975677302,0.0588750435798084,0.371568070585266,0.308456388759504,0.326278025728371,-0.0664024550490762,-0.225534678183814,-0.16167818052816,-0.0188218815557235,0.0615313593541601,0.277902311895874,-0.149209443809301,-0.154045078902539,0.0609713313079702,0.10747974990631,0.152606204284425,-0.0613945680918481,-0.063350184917138,-0.0400607558640718,0.0406234799706985,-0.0310340427220275,-0.107120005701074,0.0001285172116503,0.114979495016817,-0.058537319001782,-0.0454243201105175,0.0115220096469023,0.167755288773048,0.0121128154814511
1048.in,1048,1.00000000100661,-0.0956537978409645,0.0068249826811621,0.214258508353208,0.130864237466258,0.200166600841416,0.0465359894892198,-0.348192245098125,0.0235012026446203,0.113917411949112,0.367567975407628,0.280010797787154,0.184202605834359,-0.0959776719604563,-0.0945849893580609,-0.100804473158212,-0.0052034537714271,0.0879782460441465,0.17704568118493,-0.175485806478984,-0.125061814161488,0.0226523250142844,0.144194764162094,0.11520824471005,-0.0412794270744085,-0.0816609474295096,-0.0026423006594789,0.0943934030057956,-0.0126290033425493,-0.0805758626525501,0.0012317363816427,0.0765448006527904,-0.0657145678287059,-0.0344865495189512,-0.000562987572035,0.129388028618624,0.0271163470190512
1049.in,1049,1.00000000076762,-0.0528043143779548,0.0254549018537414,0.179230201670327,0.167414009391175,0.161488524794812,0.0735734692945302,-0.32780506578187,0.0112963475868204,0.139139833348679,0.377214085723289,0.291264791315225,0.209567296174476,-0.10703605564733,-0.115523632441791,-0.0761580446960295,0.0092567672799682,0.105507629578882,0.18927004274656,-0.173129338508561,-0.113052790330822,0.0084500735501955,0.139221306845721,0.121139614305824,-0.0338777585357277,-0.0803660237474434,-0.0065895531217399,0.0851877848203524,-0.002916265462911,-0.0680097376402158,-0.0011702736180311,0.0778011953866797,-0.0712741175350051,-0.028510695134437,0.003380115737122,0.138600908892687,0.0188720601437062
1050.in,1050,1.00000000106465,-0.172238101095503,0.0420454785566561,0.171897047474941,0.182554488527863,0.137570072872341,0.0028197919834616,-0.378261322098892,0.0393270218458791,0.0704632366096206,0.389431809283861,0.303616006579727,0.227737047868683,-0.0744560967855645,-0.135570596304274,-0.148890606867299,0.0141614804080725,0.068593954646873,0.203094869822755,-0.172618356694369,-0.149737481416592,0.0482320023907993,0.144434092150824,0.128208357165176,-0.0569320208720032,-0.0836605451350695,-0.0119321667769739,0.0806675443223325,-0.0264367100820462,-0.101595442307946,0.0026144232571687,0.0850411749548908,-0.0610288091093155,-0.0428233929404271,0.0068109734026079,0.150230319461022,0.0171914571924784
1051.in,1051,1.00000000124596,-0.123737316730699,0.0660950338285395,0.160934521575828,0.214643427510045,0.101018853377437,0.025208147821462,-0.361399811652352,0.0288088586002315,0.101821171211132,0.401191262585881,0.320502086296387,0.252063067146725,-0.0898164603176436,-0.154226891527688,-0.116485482813803,0.0173103967615586,0.0806841592470457,0.21840256217609,-0.171751305302691,-0.13156591107631,0.0334361851901427,0.137841484758962,0.141379432701713,-0.0448166817586725,-0.0812590779075175,-0.0114048942835283,0.0764314826195332,-0.0176716157477347,-0.0897498304841694,-0.0012833296101209,0.0900041740891739,-0.0649345683057208,-0.0397330159726836,0.0147651061966993,0.164752248871954,0.0116780882389554
1052.in,1052,1.00000000098894,-0.258938530267485,0.0908466500098548,0.135567946916614,0.245956941369675,0.0963472476571645,-0.039674653572891,-0.399743252750864,0.058132298125139,0.0397922311025605,0.406221992769478,0.329227296017507,0.2657241005826,-0.0569891935206423,-0.173054247846312,-0.190152919284688,0.0140577903215887,0.0430529747076997,0.234763227379233,-0.166824012728466,-0.173314436125209,0.0796079093860197,0.141670565764028,0.146196334730287,-0.0677945289775992,-0.0823438598102812,-0.0203652342313039,0.0659319993259652,-0.040095860061008,-0.125738867735728,0.0001886490779716,0.0943530804346727,-0.0546843126718898,-0.0584658671186071,0.0144520328955102,0.172981583098886,0.0096580482458378
1053.in,1053,1.00000000116451,-0.217074608797791,0.143297413011069,0.111012742359087,0.273158763937213,0.0581611929761464,-0.0164050118372118,-0.394800123756922,0.043789121746951,0.0558986548603537,0.414403790384716,0.337106619067666,0.309504869536873,-0.0582145571205478,-0.196099010802112,-0.169965606247949,0.0149433768256819,0.0561033676117489,0.262920801939978,-0.166414967595195,-0.160475241238306,0.0624033917177982,0.140643878066847,0.162533423053448,-0.0645785840467478,-0.0760534048026816,-0.02435218919455,0.0600756361681513,-0.0327569868416635,-0.108972565881095,-0.0005604373656572,0.108513891386817,-0.0543785748523284,-0.0472797536640728,0.0233297028727412,0.191122050165398,0.0013481566152458
1054.in,1054,1.00000000103212,-0.10110046910118,-0.0563716505512447,0.264547105907535,0.103904755246436,0.106491552768199,0.0342489069627323,-0.358427786732824,0.0237626723505741,0.118051993846264,0.398221219659253,0.31306153967266,0.162126084082859,-0.0914638670063644,-0.0583115512528992,-0.101843735335867,0.0464901819359146,0.0883356794106998,0.147629427825506,-0.192022071295597,-0.12215177794044,0.0305233190110319,0.177198795443063,0.120208703649181,-0.0414616048240223,-0.0987744039035122,0.0239202754652503,0.114818000713178,-0.0109834220160933,-0.0796012489657867,-0.0022350546877012,0.0599244070762644,-0.0660842186656347,-0.0366973289833543,0.0103828790923464,0.149400340360016,0.0130700026787695
1055.in,1055,1.00000000119546,-0.0280613842911496,-0.0345703396824199,0.2451142716825,0.126455269206645,0.0734161560726116,0.0735720934676976,-0.333963882893229,0.007866492241445,0.148101238856262,0.414898132768379,0.330253134117974,0.189240101334161,-0.109218996272453,-0.0805586266978836,-0.0689032302644478,0.0579662765720826,0.108894434274017,0.163632095988156,-0.193950365161597,-0.108048422656664,0.0035217845839715,0.175291253291204,0.130223518704915,-0.0298882536404426,-0.0975250501166856,0.0168555363129389,0.107491800315037,-0.0030338180393339,-0.0638592004453134,-2.90222354606813e-05,0.0674034285252526,-0.0705606428929015,-0.0234744211726869,0.0153532022745058,0.16303920502612,0.0086388553379835
1056.in,1056,1.0000000009523,-0.167544631167899,-0.0163318090243182,0.217868976272144,0.153596125195697,0.0630447489093243,-0.0018644864346776,-0.377960828228131,0.0366282806571139,0.0769063137595754,0.421756064153136,0.343782644827513,0.203064446020439,-0.0784837318439977,-0.102510793292153,-0.142735460381847,0.0647329160709187,0.0708255409166243,0.176072404274897,-0.188199976779611,-0.146514099971529,0.0514687985600766,0.175628750188302,0.134359968087495,-0.0551330286485346,-0.102158481806514,0.0101168057172597,0.0978647065974441,-0.0252446919805345,-0.101241173932074,-0.0004512398359917,0.0667620362686442,-0.0596132033490314,-0.0418591133122551,0.0153495969016403,0.171509615296493,0.0076816113505922
1060.in,1060,1.00000000115533,-0.0922433741901328,0.106701387411823,0.213719419301388,0.128366409540649,0.332058685703834,0.0428820159968706,-0.356700631955326,0.0254190200402699,0.109837474393041,0.356535979655096,0.277297473008663,0.235548196420562,-0.095560526587802,-0.0999848112093845,-0.0990592310826489,-0.0932891874477374,0.0880558365316925,0.232566386830945,-0.175321968323308,-0.126876145382584,0.0295177048244172,0.143484666995467,0.115718222746284,-0.0432647851337829,-0.0785375263328456,-0.0334580141662975,0.0951828036707597,-0.0142845744554172,-0.078274347201403,0.0020813205179607,0.101855645950141,-0.064831225391039,-0.0353653450596169,-0.0165480786426606,0.126662629241578,0.0420276049288686
1063.in,1063,1.00000000112394,-0.132696761916751,0.181780854752283,0.157416781891062,0.211852267985767,0.246233344147035,0.027823990233935,-0.364993383270986,0.0311253351449599,0.0967224006550931,0.399990793421249,0.313356514035774,0.30166767776458,-0.0851424283717134,-0.149708021418013,-0.121352770832852,-0.0753704340759576,0.0801672249235297,0.276906677297788,-0.17380413238075,-0.135135609628107,0.0344188462646992,0.141760008938654,0.141130379483442,-0.047344465069252,-0.0804341368572693,-0.0476932306656384,0.0764022845606173,-0.0196585323533306,-0.090111961573586,0.0019986390738315,0.122435017775351,-0.0621015590825086,-0.0383111651888965,0.0021989677723878,0.163489297380527,0.0277423269938434
1064.in,1064,1.00000000118845,-0.256044340024957,0.201990580102596,0.123751945811551,0.240658534630541,0.230680966717082,-0.0392453707559084,-0.417873293725514,0.0547514016721092,0.032593142653199,0.396881181497564,0.321157056829669,0.327246626826575,-0.0521523074413755,-0.168503959112525,-0.193684348998885,-0.0737922010499827,0.0471383599686036,0.293793849714822,-0.170059136763327,-0.170740644533213,0.0785550587814414,0.137873215730014,0.148297286505799,-0.0696983097112526,-0.0820671407959526,-0.0550833492019645,0.0662232232668563,-0.0410393064722764,-0.122622129013575,-3.25700300331023e-05,0.124723734682884,-0.0555432802758679,-0.0539499621424727,0.0013949161126215,0.166587699042805,0.0238515060999214
1065.in,1065,1.00000000124022,-0.203222348615851,0.224892280303002,0.104058157238479,0.282598246333991,0.193730752503496,-0.0139677232298576,-0.392478627177278,0.0458461305888575,0.065110538976827,0.411738723959122,0.340921414277908,0.352518563709633,-0.0684788181721,-0.19959684514946,-0.161128132607888,-0.0711279067032992,0.060073727996395,0.308019544859122,-0.167471354792721,-0.15727973471155,0.0615673102751046,0.135093305809362,0.161385742069386,-0.0604591397779469,-0.0791134736639398,-0.0552460441206668,0.0569109077869763,-0.0322972331546686,-0.111276798130975,-0.0014027631301966,0.130989059316364,-0.0590550335828663,-0.0486473692500264,0.0059650078621,0.188266924635206,0.0182548670790604
1067.in,1067,1.00000000138577,-0.0442061032484793,0.0837789984272509,0.245387276953638,0.131738538515392,0.238539366042965,0.0688543072193339,-0.330468250258676,0.0106822933372585,0.144659749856612,0.424814949515366,0.335316848741777,0.23608670509737,-0.111565125883096,-0.0836616738391644,-0.0762740654387187,-0.0428955383172044,0.10338852110738,0.218998630718961,-0.195589879426979,-0.110148116019674,0.0036471205308619,0.174688410498238,0.129814917006194,-0.0295565699116912,-0.102613102002954,-0.0256193554851107,0.106597491639589,-0.0034459803814374,-0.0666277958450158,-0.0003961328828834,0.0955464203185622,-0.0716286536981744,-0.0270838981280945,-0.0025939770219372,0.161869353688695,0.0269625495127948
1068.in,1068,1.00000000111189,-0.178720200159217,0.0844354259584508,0.218515041077723,0.16310421627505,0.200008432533882,0.0118249040115898,-0.376138188578428,0.041631501715838,0.0774142522710511,0.422930712289111,0.334394851406688,0.241350909551086,-0.0743700329139707,-0.0992156565871751,-0.148846839425414,-0.0304795001293832,0.0655861337963771,0.23076894978062,-0.183597645181021,-0.153388968625045,0.0500988819988192,0.178595300959702,0.136162384389349,-0.0576301899709543,-0.0967786965619493,-0.0250490589686698,0.0993773721276537,-0.0261772638850683,-0.100895403920167,-0.0002049492787325,0.0994565465218396,-0.0602734149607055,-0.047802829898542,0.0014820268402607,0.167030980801851,0.0223320799332612
1069.in,1069,1.00000000142786,-0.130026774276261,0.116221115585385,0.204592144169438,0.181392828551095,0.177199582119646,0.0185520476987524,-0.363991298476823,0.0277403914752204,0.0953827991709631,0.4428940110251,0.35199148578519,0.27699539198264,-0.0818015259793416,-0.124337288257462,-0.128191409773873,-0.0224124042112242,0.0810650821033312,0.244365765530916,-0.191484598649396,-0.135178173603586,0.0358940658725135,0.174413876039091,0.145035123492178,-0.0481121082522785,-0.100596770059999,-0.0314537978933654,0.0938070860989924,-0.0189365802059048,-0.0894242320701311,0.0003277249824959,0.103606240645988,-0.0635036571014857,-0.0352372606882182,0.0060274789009773,0.182862634956036,0.0172414268803468
1070.in,1070,1.00000000118282,-0.253900102948335,0.14267068039094,0.187092524674476,0.216255635720571,0.15503865046004,-0.0413542232632022,-0.411543456147906,0.0532674961105318,0.0353267097772968,0.444932045027637,0.359860779665891,0.299077463505101,-0.0538057619247075,-0.14709446612195,-0.190482696117497,-0.0232167948293668,0.0482010881520998,0.26275777158256,-0.187421382467683,-0.168287885403747,0.0773540265479101,0.172537828543101,0.155389525650684,-0.0699383105856822,-0.0987925722626806,-0.034652080416457,0.0868725073044038,-0.0428243970061099,-0.120652791692706,-0.0006753330236716,0.105619106524318,-0.0547072870919663,-0.0546358543266677,0.0101980561659195,0.196152176352323,0.0141917586854833
1071.in,1071,1.00000000089088,-0.214712504419545,0.170465924588765,0.169582686488401,0.239815699669699,0.135551523107194,-0.0161039208875143,-0.384883404044467,0.0453478593094307,0.057328971767829,0.464775263054384,0.379245271715483,0.317136849847206,-0.0620577272021511,-0.160840433113441,-0.16596505167577,-0.0216444888905122,0.0566087262306245,0.274773683129159,-0.185059705038295,-0.159075351616793,0.0614277641300108,0.173379143171527,0.158875110579535,-0.0613155536978584,-0.102561093377571,-0.0414665548769211,0.0781343158133821,-0.0323724464863855,-0.113397271569015,0.0009850228460559,0.114045902346759,-0.0575559140072172,-0.0483850241999499,0.0136960379158807,0.207326609983823,0.0096923013865429
1072.in,1072,1.00000000122199,-0.09689084793497,-0.0070896599873287,0.311563467201258,0.0782016674907938,0.192063274481294,0.0464631289513159,-0.350156626916912,0.0235239841352685,0.112338570046362,0.443127451626041,0.349311137151597,0.179377918674773,-0.0909704666132939,-0.0373981041535542,-0.105399256804553,0.0029103083822232,0.0911302782743006,0.17686254132769,-0.209728284504812,-0.126823903476016,0.0266869694035861,0.207169040972996,0.1212000789822,-0.0427748224656409,-0.118910568716859,-0.0013006624441457,0.12908890465341,-0.0120145381861409,-0.0822817523133708,-0.0004245477216089,0.0725375569004482,-0.0673042172442666,-0.0365798083732664,-0.0005355152219315,0.167291278228124,0.0239017567802939
1073.in,1073,1.00000000075041,-0.0412281454117513,0.0153625319527034,0.295699294997848,0.110764541232466,0.161309461395579,0.0645853599038118,-0.327539944320226,0.0078392297880326,0.142493012649161,0.463151369545501,0.372938004217924,0.203262335589135,-0.106287322587151,-0.0618922225034382,-0.0744584966064008,0.0104980162746542,0.1023150402202,0.186288293552352,-0.207357172136664,-0.108068722057005,0.0054906832725692,0.203811980123645,0.132548331725241,-0.0318596480411918,-0.119139599427318,-0.0053094184193605,0.123562211684089,-0.001830449362121,-0.0698642233614992,-0.0025802878923111,0.0759674410505201,-0.0706428785228084,-0.0289753144948339,0.0073439962397987,0.186781257227689,0.0180482283451921
1075.in,1075,1.00000000122503,-0.117599675735097,0.060022945431372,0.248985943764142,0.165007680297561,0.0906557157515708,0.0320843829067551,-0.360814254235217,0.0249902458770856,0.104524575419045,0.479282338044096,0.382666722291359,0.251717756543627,-0.086298226209706,-0.0988434433983282,-0.117588632460939,0.0238414450526242,0.0865875310106695,0.221099103029504,-0.208675745776266,-0.129639292238628,0.0296053589094834,0.20399047700494,0.151157506147853,-0.0451055222127689,-0.116351043619332,-0.0120501653642086,0.10959866105092,-0.0174141059202359,-0.0839465579138702,0.000681956376845,0.0862679996577124,-0.0650964290654852,-0.0350195251776098,0.0179629598150461,0.202661859898276,0.0073663529096495
1077.in,1077,1.00000000121343,-0.209188038280287,0.114832103179305,0.213790115544989,0.221204041496936,0.0451453043517303,-0.0179267631623601,-0.394513577879155,0.0449982760027207,0.0587031217046336,0.497699704989088,0.40984310167089,0.302743050001629,-0.0636857684068228,-0.136426676427999,-0.168688246213279,0.0256020920276614,0.0606733808274116,0.25547684155438,-0.205838297968955,-0.157417468129377,0.0636390642535902,0.204643843900446,0.169631113945033,-0.0629341938862707,-0.115809801628297,-0.022213914097462,0.097544729264176,-0.0346692344549818,-0.107779399219042,-0.0009321229261251,0.101054306524119,-0.0599358119791336,-0.0475955317796328,0.0200921535543494,0.223305675536424,0.0005759553935346
1078.in,1078,1.0000000015304,-0.0537264421599142,0.0552827172115851,0.169194411717613,0.131475150550555,0.108407720647936,-0.0692558370351776,-0.286800279364899,0.0072686933611663,0.109019891537969,0.282510908505467,0.214634416258071,0.259834869911396,-0.078119123466111,-0.0827391524349928,-0.122869537782834,-0.0312536990085793,0.0393301080308581,0.109765770201835,-0.117272971131062,-0.0423225101116443,-0.0073451292037457,-0.0196377499314333,0.134804069473681,0.0299308481183833,-0.0572244475726108,0.0128455516056345,0.0575124960263228,-0.0417471796585817,-0.102183103412817,-0.0200238078717298,0.0743783302941396,-0.0461093501525779,0.0076621604697524,0.0446997532331149,0.115618804752868,0.0039311206423813
1079.in,1079,1.00000000177221,-0.010183779970332,0.0867018687438048,0.154289849285401,0.180900248122364,0.0870890772332851,-0.0398154034991791,-0.262654491741106,0.0030387385765099,0.129168835810148,0.303005613453764,0.230233910745676,0.280294645691519,-0.0947767478580989,-0.114831090972051,-0.0945124333495055,-0.0308286097068916,0.0503497012453786,0.127849890646247,-0.116251306233771,-0.0321360887608265,-0.0219133092993709,-0.0169951621933938,0.144250860556694,0.0375522097407951,-0.0545751812667172,0.0058734533383153,0.0506264880656561,-0.0313583983913499,-0.0921175917998478,-0.0175963943268922,0.0790309960746526,-0.0473796817671818,0.0106675681782245,0.0480949789285535,0.132125165533715,0.003745846129494
1080.in,1080,1.00000000126265,-0.142781507870632,0.102091805669735,0.144441027259357,0.19718882489225,0.0610626366400588,-0.102428428779829,-0.307316322918622,0.029970741887018,0.0665561288619475,0.318229936681276,0.237833834450882,0.294729747352254,-0.0611380486299371,-0.123346949067416,-0.166392541770608,-0.0250484535479483,0.01359087768727,0.134535480440533,-0.11671946813766,-0.0684842290360491,0.0218911951885331,-0.0153851393062961,0.151196339373993,0.0158040733794153,-0.0556671191796233,0.0022813215334845,0.0469480503299447,-0.0548060641382642,-0.123554176907858,-0.017945461896854,0.0811512535664264,-0.0373059934586196,-0.0053344130368916,0.0494704844660832,0.135488588493112,-0.0005899783170571
1081.in,1081,1.00000000111731,-0.0977063510627841,0.139819630716412,0.127356385751762,0.221089686516689,0.0351492576810162,-0.0859535195602992,-0.295912403220188,0.022117865068396,0.0824917978712681,0.32944465817599,0.255104195259722,0.331156353037834,-0.0736367387898688,-0.145464819333831,-0.140689681656807,-0.0271920333122574,0.0262524854731029,0.158824998462555,-0.120051978907757,-0.0537143438532587,0.0092726406391323,-0.0198755752429303,0.161122330814417,0.0231608688326295,-0.0556991721172094,-0.0050667575711212,0.041717969305657,-0.0483781212505076,-0.114025776603057,-0.0169847530169099,0.0884847028551452,-0.0394175035971551,0.0014859281418795,0.055200798524508,0.149671280523076,-0.0026834597900078
1082.in,1082,1.0000000012458,-0.242015617597139,0.151099842633314,0.0948457563793841,0.254766220960268,0.0073259237782005,-0.147918715745931,-0.343916549678258,0.0517088219729288,0.0197698076704268,0.331274729113031,0.258402231658991,0.346994499065937,-0.036760914704805,-0.164698960772083,-0.219279456816351,-0.0194993237238338,-0.0102816570188664,0.173111312069653,-0.113839302316151,-0.096822169396397,0.051368316813865,-0.0163116416877788,0.167080164108707,-0.0012406663714262,-0.0536762839340591,-0.0095398393138834,0.0291262097148871,-0.070585342909411,-0.146735525712684,-0.0153199778932201,0.0930603761373803,-0.0286594572593973,-0.0163416494030754,0.0592829605183484,0.156197197262518,-0.0097834107759118
1083.in,1083,1.00000000141136,-0.169783525141537,0.181704758783927,0.0838740851905705,0.283474411643844,-0.0263099635187955,-0.114852758044472,-0.314694321361203,0.035791040677193,0.0539660000806839,0.354919490184916,0.274991946519937,0.365422886690605,-0.04978491313491,-0.183764500209497,-0.183733412678825,-0.0109782572284861,0.0076262000393955,0.183603133913053,-0.112084244371297,-0.0795481759124858,0.0290723047803618,-0.0139030434353328,0.179323397187119,0.0103769287100657,-0.0545235352117725,-0.0120410724059142,0.025842894418982,-0.0595641975353496,-0.131167859942938,-0.0162673170570371,0.101282398262871,-0.0334379858569274,-0.0065644521086708,0.0637621864557393,0.176173777181584,-0.0167706786848237
1084.in,1084,1.00000000129569,-0.0602076381409352,0.0027161198303306,0.232200337511287,0.111391041993451,0.0370956078141571,-0.0670121125804716,-0.287083371819148,0.0138348840533759,0.104876115374463,0.331498732343187,0.251492331903885,0.239431500641137,-0.0844932988026267,-0.0535193588825431,-0.122586016414025,0.0156259724449926,0.0371655481989917,0.0828150879089071,-0.139832128204144,-0.0408564947555203,-0.0030682376055492,0.0124665205826036,0.138436392292808,0.0310914662132321,-0.0746578247817395,0.029452694143467,0.0778727717923437,-0.0426319204528756,-0.102484918661066,-0.018393376834056,0.0593370761585952,-0.0438960969011336,0.0051561304731075,0.0522159490144623,0.130886080222192,-0.0010894078667848
1085.in,1085,1.00000000089193,-0.0013652817450469,0.0326436254483944,0.214846509740761,0.145548934415296,0.0008951293788284,-0.033367379697413,-0.261535820085052,0.0009924561044409,0.134207058567714,0.353577162349298,0.268265536069928,0.260669214075367,-0.0998848485400951,-0.0766780483132056,-0.088650705298451,0.0177415274214021,0.0509309670517037,0.0989404399642769,-0.141091276588928,-0.025964916942394,-0.0252338736013519,0.0142901174871643,0.151306198111838,0.0410603611330182,-0.0747781868388504,0.0233780593934912,0.0717815989850205,-0.0318159222762624,-0.0879309135134899,-0.0172243277161743,0.0624926361814657,-0.0472448748423235,0.0123560262618964,0.0569454720210912,0.147085139646876,-0.004994042585635
1086.in,1086,1.00000000137398,-0.146752006406182,0.0462836297997165,0.204122440696719,0.170436128495239,-0.0167102380418236,-0.107309165786487,-0.311576845162893,0.0330024291914115,0.0612618655194214,0.353584788145222,0.277721445062323,0.272144518874513,-0.0602352418028027,-0.0910290265488762,-0.165478983061202,0.015782293931882,0.0097634323041676,0.109073831092032,-0.138045980588483,-0.0672956614111175,0.0263657171715605,0.0184276339262127,0.15743774608336,0.0168083090058496,-0.0747495488711832,0.0210064986012825,0.0641521572961855,-0.0566962926133878,-0.125657845723097,-0.0164273026811751,0.0699276754311524,-0.0356591622194669,-0.0059243193106611,0.0574480545886017,0.157010433032826,-0.0089570840775378
1087.in,1087,1.00000000105073,-0.0898673799400729,0.0807063750678037,0.172285474498829,0.202478380402738,-0.0389734859858551,-0.0807150304964874,-0.294942325824763,0.0214932228999809,0.0898020618643576,0.361376315524497,0.290951038343644,0.302415082320725,-0.0753978960865752,-0.119260114525089,-0.134718925801747,0.0196128722324388,0.0306614958239238,0.132136884779779,-0.134284858225318,-0.0534295245507933,0.007924995104867,0.014508046339576,0.165562919461431,0.0242880580158171,-0.072269229583546,0.0140353683600747,0.057064749672954,-0.0456352857182992,-0.110720102828682,-0.0165364119560343,0.0746370912602611,-0.0411122278864541,0.0006571755920624,0.0624518873301198,0.167547181411154,-0.0101999390986512
1088.in,1088,1.00000000118185,-0.237191095809329,0.107842578541281,0.161475045777616,0.225771329836861,-0.0614880517026795,-0.155613989921711,-0.341741401320423,0.0543451775026267,0.0151628158775538,0.374441431110437,0.30255970197263,0.322884305365703,-0.0382171923275806,-0.132608632010822,-0.217162067534426,0.0193427542652039,-0.0140240427561027,0.143617777699425,-0.134250383191099,-0.092027705508673,0.0556383101788117,0.0129366758528603,0.176101753846135,0.0008797355476489,-0.07250834393964,0.0081471932506117,0.0501814781672838,-0.0755688579816063,-0.148870285580272,-0.016774117561723,0.0833580047013234,-0.0283968527181593,-0.0191651361941446,0.0620903546543407,0.178951932932605,-0.012425947284717
1089.in,1089,1.0000000013127,-0.172566358883934,0.129966561533225,0.139866777288089,0.256341108060817,-0.0912467210698841,-0.120415962301668,-0.316768540129254,0.0391365347375346,0.049110129008397,0.401403437291594,0.309277440756528,0.343969548436188,-0.0537851950948341,-0.157628216445442,-0.18331269640022,0.0276571784200537,0.003931824932396,0.161416199888402,-0.131805474836772,-0.0789939809627745,0.0331466708655608,0.0104366030875806,0.186176004514731,0.0101870812201595,-0.0702689715193721,0.00453726637161,0.0454016137098191,-0.06130833751095,-0.134278622767071,-0.0185804464490779,0.0868615697108683,-0.0321658293734008,-0.0093063867190454,0.0716867226289457,0.194543466731148,-0.0219265835727213
1090.in,1090,1.00000000127221,-0.0600687192345101,-0.0418869536874606,0.269797401272203,0.0893271065786595,-0.0329494392569976,-0.063251455812813,-0.28205109767754,0.0126930194453141,0.104461933210354,0.365684536243061,0.282841993444,0.208021056133787,-0.0758125373768879,-0.0205846344814132,-0.124412705466773,0.0606016532039536,0.0371890130307366,0.05798531269917,-0.154945520709662,-0.0447239150051329,-0.0025151212722427,0.0499506595775425,0.139298365695685,0.0292110547221246,-0.0928947198883242,0.0444045206004776,0.0918473489596825,-0.0405385333123433,-0.102383340446915,-0.0170160480436009,0.0482653563312164,-0.042786084085971,0.0054307378796971,0.0585589673686196,0.150296562717032,-0.0083529945299643
1091.in,1091,1.00000000118801,0.0004578505309239,-0.0348512620522707,0.26478465855013,0.12020982264995,-0.0834600326324995,-0.0288509553295913,-0.26355870520622,-0.0012054496567014,0.135553992580248,0.389006003888486,0.304696626350851,0.226784322900473,-0.0965228399503661,-0.0469450701384984,-0.0885263494176175,0.073106728180659,0.0543820531024007,0.0679313792383568,-0.157130935300194,-0.0304187178258741,-0.0238650864336482,0.0516954927942028,0.155495196725456,0.0397234770087509,-0.0921571357319863,0.0461328899804934,0.0884927986817181,-0.0311388408584973,-0.0880544074105011,-0.0177222649062501,0.048123559387271,-0.0475112854505351,0.0118241168621662,0.0648675295888397,0.169178359859367,-0.0150693949359651
1092.in,1092,1.00000000124585,-0.135084112369431,-0.0208483480151597,0.250925468999008,0.137047965427048,-0.101167220131331,-0.104669637770282,-0.310546005796331,0.0313693815441516,0.0652353021662573,0.399218977552533,0.312217214480408,0.2440978430542,-0.062535492146461,-0.0638106957328302,-0.163504338179986,0.077563003204379,0.0168880054312279,0.0765217001610749,-0.158525861285756,-0.0649460799254409,0.0223372156283135,0.0483769439280687,0.1620858990997,0.0161059051146952,-0.0925307033894976,0.0417948498223743,0.0846725177972121,-0.0567124537818937,-0.121928667544166,-0.0161496045827875,0.0485037738829917,-0.0367297196001744,-0.0030730577115281,0.0655386018986058,0.175661208735276,-0.0166454364467071
1093.in,1093,1.00000000096945,-0.0949814371230458,0.0198148960107405,0.239090054540599,0.172001883518714,-0.127039709403928,-0.0726397044969454,-0.290899535583539,0.0223848962278471,0.0840832655407691,0.414649501428825,0.329491739366832,0.275048906104828,-0.0743542570561169,-0.0828913549780835,-0.13565427367428,0.0718436247706346,0.0253594342866345,0.101890541891094,-0.157089277667438,-0.0534335769976224,0.0039500564296676,0.0514258243952498,0.17230775277336,0.0246157560202474,-0.0904332993813844,0.0323134950905569,0.0786563920090449,-0.047249243734994,-0.111499456417578,-0.0160454765546112,0.0629404925068179,-0.0383456355545201,0.0001149637162609,0.0699518943036019,0.190221697549594,-0.0186802004668152
1094.in,1094,1.00000000096699,-0.229005635800524,0.0359156188686886,0.222516340311652,0.197095010189916,-0.139856765286751,-0.147568952506224,-0.340455380171672,0.0520433732843636,0.0239101298160883,0.42135397693762,0.335840531180781,0.295285954317298,-0.0416105739383685,-0.0927033690415547,-0.21155969520475,0.0697411421381412,-0.0108829389405133,0.115488653013033,-0.15384666377911,-0.0868384918904941,0.0498599560492482,0.0474963929385721,0.178960092917,0.0045350231397739,-0.094297853906148,0.0287336895470717,0.0722970973320421,-0.0735089795166718,-0.14666984126142,-0.0169903998204636,0.0632222202503511,-0.0316948491073688,-0.0168286648838978,0.0767197715464099,0.196155777273601,-0.0246818725413603
1095.in,1095,1.0000000009091,-0.168849638095045,0.0520779971957779,0.180275690437372,0.237893139485512,-0.179248840172799,-0.117703275992132,-0.328974679871463,0.0350094915973333,0.0516235266593492,0.426721945851957,0.341662785151334,0.315560894265249,-0.0538188561005238,-0.131473400461967,-0.181481623480095,0.0850171929899013,0.0101221181820139,0.136195982908519,-0.151655425166109,-0.0761215949327573,0.0344039726007516,0.0483158151694161,0.190705782826661,0.0070758972973767,-0.0890867645261958,0.026187935561486,0.0612487090288814,-0.0607176068270167,-0.129515941713151,-0.0181017992432379,0.0670073420052534,-0.0338571720653559,-0.0107422588856236,0.0768861393571486,0.209540998989759,-0.0304040141137673
1096.in,1096,1.00000000155942,-0.053326761115598,0.114314207756996,0.235170800277448,0.117631230645882,0.189910575494128,-0.0608270814766265,-0.277829315916017,0.0114676627819294,0.105492058182466,0.335685044739483,0.24991287048657,0.281064020988968,-0.0839491165995874,-0.0636204215756742,-0.117432281439507,-0.0860882027030748,0.0357533676166318,0.138342357986063,-0.138553961474112,-0.0423223327127175,-0.0064036745464108,0.0118296379312135,0.140174593363776,0.0305030472931207,-0.0711375877130641,-0.0064524519340392,0.0771267401382819,-0.0402434977073631,-0.10153278521531,-0.0172746715880155,0.08379862640708,-0.0427578015895282,0.0038344348122771,0.0360931268390555,0.133229665149854,0.0167758368457154
1097.in,1097,1.00000000113355,-0.0155512954048266,0.15075891100167,0.214425197949954,0.140482923300937,0.165602618629145,-0.0376890216696936,-0.262229789552397,0.0051169844928169,0.134677390303972,0.355816338787068,0.263300561908205,0.309475014526445,-0.0949390663450375,-0.0729334961948627,-0.0970987785292953,-0.0849807909878423,0.0485381981686304,0.156325184835764,-0.139636232202875,-0.0314992427807231,-0.0242802586484204,0.0155845740147202,0.150532663747371,0.0389915079449822,-0.0742855046719325,-0.015809772012702,0.071556872047711,-0.0322059566339508,-0.0911461795183956,-0.0166439581361248,0.0957427759658387,-0.0463773809268388,0.0119312676543836,0.0419948649315754,0.145454575111112,0.0110604003155466
1098.in,1098,1.00000000147609,-0.140856262365648,0.161261999586769,0.19078989168832,0.168041848747042,0.136107750504905,-0.100688363569748,-0.306011897428743,0.0318805851473702,0.0673585095317249,0.359040898955637,0.278121399704732,0.328172452058634,-0.064685366641462,-0.0918753047630341,-0.163785965635436,-0.0791376392587913,0.0109967795861718,0.169450388079067,-0.136565203714599,-0.0632470883927799,0.0161068027728128,0.0135274821371589,0.159223647942001,0.0171704449277029,-0.074696301751689,-0.0190305366375212,0.0643119846862219,-0.0537942423166808,-0.12095480450733,-0.0179456006486831,0.100850514412401,-0.0349520577048191,-0.0036099060738912,0.0425851239951788,0.156929622268495,0.0068806153486835
1099.in,1099,1.00000000114406,-0.0878294119809448,0.190113327667994,0.172068523981763,0.198055667113589,0.10690674617768,-0.0800956478024377,-0.289360778528437,0.0168274440580629,0.0910725104411213,0.370064573504594,0.288487219824588,0.349234673020349,-0.072333753771245,-0.117933177198252,-0.139132352513194,-0.0691584827296541,0.0270419366783116,0.181365595536741,-0.133626247851749,-0.0534913812147167,0.0040695873975414,0.0147702874937934,0.164361379441531,0.0241995814547941,-0.0732690730960753,-0.0221141698504737,0.0567432235845233,-0.0446884335402329,-0.110299906165079,-0.0165914058034656,0.103195473481053,-0.0401860205072178,0.0030726106142185,0.047563920340196,0.171537145656736,0.0027387592261964
1100.in,1100,1.0000000015363,-0.234054985500663,0.219250138992353,0.157761659554703,0.219721285053326,0.0845470707164811,-0.146898969536523,-0.337732368039679,0.0499338029225926,0.019558880669232,0.372139097032761,0.298428332962823,0.370660460262325,-0.0373408302451144,-0.124652504238547,-0.213037389231471,-0.0674347329278553,-0.0093193820145685,0.1974908090674,-0.134475123181562,-0.0897627568367936,0.0518076493232732,0.0155267208944413,0.171256954003749,-0.000448661931644,-0.0727978688499931,-0.0283355586976034,0.0503728458890713,-0.0703526151258212,-0.144653592780274,-0.0162828980750572,0.11064570222902,-0.029298260977664,-0.0156837154095871,0.050150497792484,0.175377843731653,0.0003860618648245
1101.in,1101,1.00000000076277,-0.177846634876175,0.231177856822333,0.136048393670369,0.256338731369209,0.0562883239179513,-0.1270639249323,-0.325690578251823,0.0403574471359123,0.0418056494210096,0.383756894325693,0.311733179490615,0.394264559378216,-0.0571882588125324,-0.162512648748975,-0.18503085207538,-0.0624856594359944,0.0034168858254659,0.211654106505632,-0.13202249467423,-0.0779325632395398,0.0365896664218263,0.0085705259741545,0.18671729764054,0.0099277241403447,-0.0737963139734005,-0.0297438425890586,0.0418878541115364,-0.0624942686778249,-0.132451546327657,-0.0171261774185879,0.111765012737636,-0.0337940900391382,-0.0109309463146716,0.0547235428070869,0.192390352704345,-0.0060727810050441
1102.in,1102,1.00000000116011,-0.0606669747263606,0.0530799167802761,0.278355850974973,0.0929920648303221,0.107610841262976,-0.062905699818966,-0.278526896540499,0.014155277465777,0.102449258322034,0.371561271535002,0.285228118366833,0.254252940976532,-0.0825535605016862,-0.0294609160004026,-0.120974900707963,-0.0308782949212659,0.0380926840395727,0.107700018667973,-0.153505845314908,-0.0449675967224555,-0.006919781962693,0.0478977656638393,0.145264358502962,0.0290521141872176,-0.0895654180574853,0.011531103740846,0.092126128492368,-0.0381973465016469,-0.103640260742879,-0.0162353167185824,0.0702491730441919,-0.041920396104908,0.0070363262572015,0.0425847083720266,0.156108100291698,0.00614535500671
1103.in,1103,1.00000000138403,-0.0110969919911232,0.0842818659392142,0.258807400164829,0.121869546676714,0.0857540804811635,-0.0399967684794549,-0.26363688293968,0.0009058577040618,0.131220186023396,0.386288722885548,0.306967301834164,0.284643572387827,-0.0968805226078769,-0.0482926690723771,-0.0919465670872219,-0.0338991264373022,0.0500644000558401,0.130376004466907,-0.155050884219016,-0.0285180618200935,-0.021087320627869,0.0471203890016318,0.153048502135008,0.0393805639179655,-0.0933593693872382,0.0038322304888747,0.0887360488553233,-0.0311121625016844,-0.0896892799036833,-0.0190460477090149,0.079319485417838,-0.0475930536332493,0.0093676578313264,0.0492089768829031,0.167667250656401,0.0036389542226116
1104.in,1104,1.00000000083097,-0.149721555634688,0.100932546909847,0.246742334754699,0.144535247738655,0.0673049429316434,-0.111998661595556,-0.312322817973129,0.0334441794834185,0.060514016381118,0.398333139280307,0.313063473004477,0.295198286960708,-0.0572680863743805,-0.0656023742713148,-0.170670044859705,-0.0294438144681177,0.0111871115093862,0.135831924529324,-0.154485242665109,-0.073426048667178,0.0276624576895912,0.0475810575763928,0.160231625778235,0.0129678559195937,-0.091744061096826,0.0022368132453464,0.0830805813876936,-0.0570727830041403,-0.129432373309348,-0.0186000330396142,0.082393563969532,-0.0359161453358174,-0.0078323218190552,0.0478074494897047,0.175097050731619,-0.0007078889251839
1105.in,1105,1.00000000112075,-0.0940644549895414,0.134947800489124,0.222584043106973,0.177776054209564,0.0365686222961985,-0.0849171139284549,-0.289033953168607,0.0211390199021842,0.0894162887092191,0.413288632369105,0.32739016668562,0.329296667523069,-0.0737723642471126,-0.0856562443856775,-0.138413185005231,-0.0305650602873412,0.0254976151719289,0.160294902391902,-0.152297043359977,-0.0516092603356648,0.0051734457003286,0.0450323612919708,0.171774663125933,0.0255610035882916,-0.0917254869012653,-0.0046995848394439,0.0742023538659938,-0.0482912570241315,-0.114051384944682,-0.0176284594420182,0.0929769556439527,-0.0400879005435023,0.0002325873819754,0.0536489813026049,0.191050681948349,-0.0047753723023123
1106.in,1106,1.00000000089775,-0.233425753610789,0.140272137454621,0.214466510457706,0.200706807890435,0.0057935953350719,-0.155968699174762,-0.340936433007463,0.0537290136145205,0.0126320034791411,0.419129410785769,0.342026581668475,0.338032696990185,-0.0340677952995598,-0.105402382206966,-0.213466203338116,-0.0175569096650387,-0.0137359736129159,0.165930413614917,-0.151131577804995,-0.092921534155422,0.0558538443165016,0.0497458458197323,0.178295059666265,-0.0013047016764736,-0.0908489116408202,-0.0069797996344153,0.0703463917908104,-0.0711595751773527,-0.147859827659116,-0.0160217270707241,0.091648831113225,-0.0281849997532107,-0.0177687987377836,0.0585070336227795,0.201193400140185,-0.008600467165147
1107.in,1107,1.00000000068025,-0.174996461756438,0.180191732210855,0.199855703285061,0.230532435953287,-0.0102070295938416,-0.122880768167285,-0.325875956182984,0.040292118033569,0.0468435811273308,0.430780043059166,0.338513459976957,0.368089302784183,-0.0519477080884417,-0.123937992590971,-0.181149925498998,-0.0301599700555725,0.005711715367407,0.194314128230988,-0.14823907381629,-0.0734570352889741,0.0296611573598564,0.0440653452235784,0.187608812302089,0.0096775537256398,-0.0921554478058635,-0.0125538097772932,0.0643210839228645,-0.0633520339514152,-0.133888166930461,-0.0161063940714697,0.0978884118391771,-0.0352205595932313,-0.0100938900341529,0.0651815521581252,0.209756231720213,-0.0130135699553718
1108.in,1108,1.00000000104392,-0.0575446270062809,-9.43266164102564e-05,0.341309923613153,0.064860249417579,0.0338332347435266,-0.0591845373434616,-0.276765772866484,0.013615138643742,0.10529258193481,0.420806685927432,0.325818425494746,0.228352418233329,-0.0850677188720833,0.0046067157722261,-0.118395926998726,0.014031304559812,0.0357728235238271,0.0786623035853639,-0.175656098913745,-0.0447931185554086,-0.0071304379043631,0.0825269448385814,0.149798533538439,0.0320631597169559,-0.111499660677881,0.0269841809721237,0.113269250616562,-0.0411954011446593,-0.103609818439947,-0.0170542983161933,0.0558272403750263,-0.0428125546384261,0.003253763323497,0.0508043497474476,0.171659042147678,0.0012799350215431
1109.in,1109,1.00000000112249,-0.0152369264108758,0.029981970734039,0.314647010666518,0.0947128186725301,0.0169118983145777,-0.0436315510603792,-0.255885932838953,-0.0007515245394596,0.132338167694843,0.431846208451546,0.341628465000095,0.256142118447275,-0.0910920363626947,-0.015486922519393,-0.102432376170834,0.0141995372323929,0.0467798086477752,0.0972679028263962,-0.173779256560332,-0.0342373971514969,-0.0219900257994204,0.0792426515794928,0.159688019961368,0.0393997696709105,-0.110716839459443,0.0229849203432522,0.105665114144366,-0.0320354778398269,-0.0935737035303499,-0.0202105271191219,0.061004181919092,-0.0468365215231425,0.0111247127021031,0.0588995089444759,0.189818332933792,-0.0070425962622937
1110.in,1110,1.00000000104733,-0.139614204913984,0.0317937186711081,0.303442306425729,0.112644101971657,-0.0238214684449283,-0.102420633280078,-0.314865473977788,0.033179327399732,0.0630134307919805,0.433273058137511,0.34543982725212,0.26527515973485,-0.0635841324768705,-0.0279579033729907,-0.164020294674141,0.0308238284005304,0.0127162823243747,0.105320739420782,-0.176321328858197,-0.0710306318441316,0.021106138049637,0.082819022401601,0.165551830792285,0.0145137507109406,-0.109830575223527,0.024792268836637,0.101897030637603,-0.0565458301485504,-0.123362159503023,-0.0170034287232244,0.0672042837794002,-0.0369573902499443,-0.0064987440603598,0.0603441070431932,0.19492988871158,-0.0081981786368444
1111.in,1111,1.00000000122904,-0.107025188450965,0.0874474709299128,0.274391047928396,0.15607630855015,-0.0441047945085146,-0.0828764155679285,-0.29681157445881,0.0238417783581481,0.0857972205946212,0.452203773838493,0.361195107589726,0.308744073837669,-0.0750702876171267,-0.054157024394378,-0.145630073529613,0.0186630318824722,0.0223987984399565,0.133405447991238,-0.173019203661002,-0.0554931712196731,0.0059413440872905,0.0757465954395033,0.178491384200095,0.0252344155605058,-0.109386348536398,0.0118296965614011,0.0914976485110157,-0.0506505751215791,-0.116598721279305,-0.0176985638606611,0.0788751907415926,-0.0399767705586582,-0.0010653182855917,0.0658981340434122,0.206102124343461,-0.0119694620552381
1112.in,1112,1.00000000081319,-0.223875623389723,0.0873331432223286,0.268503776569468,0.171513318300679,-0.0658200830149937,-0.155313465080661,-0.341586901478989,0.0480215543606934,0.0237442319724053,0.457016566291093,0.372411900791906,0.316640675598845,-0.0383702720500146,-0.0719492019476986,-0.214686906354817,0.0296204101441069,-0.0088635546929162,0.13963417124074,-0.172236185789066,-0.0882676875944922,0.0538649475760164,0.0757934067853882,0.182204614798135,0.0015187480450182,-0.111626725604229,0.0124437126680876,0.0893642803444092,-0.0728146941168103,-0.15016821297329,-0.0195816799786056,0.0766131475806786,-0.0321462616511315,-0.0162908587513567,0.0669073702692925,0.217197196548554,-0.0204442263106075
1113.in,1113,1.00000000103556,-0.182599281039516,0.114615315709223,0.240054063641541,0.209643862145378,-0.0987617318907377,-0.124672838955915,-0.319361314499935,0.0390274017622936,0.0472426287265497,0.473892546244661,0.388987067940675,0.339649500685628,-0.052601171123078,-0.0958188063878109,-0.184585924734877,0.0342622831703094,0.0028210002265591,0.15660828203446,-0.16861955316802,-0.0793243304264951,0.0340311243981727,0.0793924902268315,0.193102324945476,0.0095292894572919,-0.109718410916865,0.0062850779234328,0.0799381934509643,-0.0610833324461997,-0.135670106832377,-0.0183547650927178,0.0809830196163411,-0.0346521319110342,-0.011746170415209,0.0703023399411283,0.230538574698057,-0.020922085658654
1114.in,1114,1.00000000120673,-0.0615480793374139,0.177961577525858,0.287974476633708,0.0835169018511648,0.277756554707264,-0.0679859601879535,-0.277686757282843,0.0146356640661013,0.0964737391653674,0.374763279231822,0.290722215896324,0.304306609817578,-0.0797999555013258,-0.026569908965172,-0.120992073068814,-0.137614520980233,0.0372327445684693,0.162851980992438,-0.157483703962832,-0.048519626115926,-0.0035254653973781,0.0525935346678167,0.139159760412205,0.0294572959022025,-0.0945208776271787,-0.0282352981851049,0.0952413593896771,-0.0399658052973339,-0.105184059306183,-0.0141953149387086,0.104124111171844,-0.0395842300699234,0.0053065152204959,0.0252680416388849,0.152812037500748,0.0244184756740355
1115.in,1115,1.00000000116512,-0.0070806645462037,0.202893989682826,0.258564851084238,0.122503594378666,0.237019894388186,-0.0345348337510838,-0.260554037915421,0.0034479986683385,0.131263920494712,0.384096963206662,0.301089790164816,0.335310381888852,-0.0966526320052619,-0.0484647596836575,-0.0914598454712043,-0.13365455904561,0.0492521971768794,0.18583386020851,-0.155008041699281,-0.0297690643586649,-0.025551017940733,0.0498287887250527,0.154440419451035,0.0383959859199773,-0.0915329276708235,-0.0331217178978396,0.0871153768384024,-0.0330712340293691,-0.0912527398568062,-0.0171429285882771,0.111360382888918,-0.0459817219532424,0.010449656079077,0.0340927418453425,0.166848015350765,0.020117427469361
1116.in,1116,1.00000000107762,-0.146897998760882,0.216195865259092,0.254861903620314,0.146265375346535,0.217777526986722,-0.0977513440532043,-0.309378078059429,0.0339912265364673,0.0627475204269307,0.401441564418745,0.31241171438597,0.342364205187996,-0.0633532695313408,-0.0656237098001829,-0.161867123156321,-0.128749735829993,0.012382626590833,0.196745297073402,-0.157235758574294,-0.0701516144106795,0.0229826180372066,0.0523675484630065,0.162099551026716,0.0142116760789342,-0.0908716148385224,-0.0354568338114712,0.0850888060362776,-0.055533656487324,-0.124394296960512,-0.0158669673266256,0.11236907303377,-0.0364339656643507,-0.0091037391944145,0.0351382429679263,0.17570700264846,0.0192772604132398
1117.in,1117,1.00000000114706,-0.0982826972213214,0.242170677705362,0.223106834896737,0.18446262700611,0.17779931317945,-0.0706844227138338,-0.291876576908185,0.0215329542891045,0.089463435588426,0.406241576936124,0.325764108708765,0.370607955453638,-0.0724176429438401,-0.0926875945928287,-0.135873847923496,-0.114047012061337,0.0284101843197829,0.213616510555472,-0.154795132792808,-0.0568933429543128,0.0071281828838675,0.0465575364469384,0.17125403180457,0.024461405057695,-0.0891858611538123,-0.0402395355265241,0.0751728087105445,-0.0471722425937788,-0.108606041712917,-0.015636119561399,0.116131156892503,-0.039762507413895,0.0006755471308654,0.0405657320119477,0.187771268901282,0.0125359390907298
1118.in,1118,1.00000000113445,-0.222012391851031,0.252679874028476,0.222265220625272,0.199160724604228,0.143818770347151,-0.143527399523478,-0.338253066855495,0.0511707393122465,0.0225980336147896,0.421289718356631,0.336762515849631,0.387337375091831,-0.0433959886452391,-0.0944948375797395,-0.206269282908535,-0.11253334732559,-0.0122961540532965,0.221970026313082,-0.155379211448349,-0.0909333878549822,0.0501716140741893,0.0520117203941309,0.180423374063688,0.0020113702084726,-0.0923777244177766,-0.0396571166395284,0.0721184065349033,-0.0719657319862462,-0.145880139260529,-0.0161529545056525,0.121712155803017,-0.0291537970693658,-0.017712079100474,0.0454914516136053,0.196897276932856,0.008699955588633
1119.in,1119,1.0000000009982,-0.162567920552675,0.286886970622358,0.189475205599308,0.233213395762755,0.134020869132446,-0.127244637046701,-0.321437153288181,0.0351645904720325,0.0560454818681653,0.429493340111887,0.34837606976701,0.430059684652557,-0.0524420630493378,-0.123547865426977,-0.182583661889724,-0.113145837376926,0.0092992903477271,0.242238088351551,-0.15019590178059,-0.0710694721928095,0.0313376360850048,0.0391894635888945,0.189106406672587,0.013708417532215,-0.0927352673778202,-0.0465174081025834,0.068023863701208,-0.0615528616042079,-0.131562001172962,-0.0206643292950569,0.127975504992342,-0.0374053502632938,-0.0061018005949754,0.0488752304354727,0.212406453947,-0.0013634245534201
1120.in,1120,1.00000000085319,-0.0522855703287308,0.115148468627103,0.335004262651554,0.0576038757582163,0.189020623639726,-0.0696438320536643,-0.280837712805952,0.0117511166507098,0.104548533875413,0.419642491293233,0.331248379005496,0.284653396602716,-0.0805287026042864,-0.0025414536906536,-0.12285799174567,-0.0836295424636889,0.0363530422072139,0.136378045196912,-0.176997532801055,-0.0425739778245965,-0.0042318293781603,0.0779239446075635,0.15008443368416,0.0306259366320551,-0.111526806895291,-0.0084478907497953,0.114177274566209,-0.0400798112125265,-0.103507459019208,-0.0188323357682994,0.0854366084818183,-0.0432474707708461,0.0063069269418328,0.0367196816186325,0.17879682204389,0.0143122502389721
1121.in,1121,1.0000000010213,-0.0151693364358831,0.145606508515554,0.319307681444315,0.0875141266908706,0.16147127185878,-0.0426787484302515,-0.270312009641559,0.0021512624611989,0.132907599311174,0.426021194656485,0.33959468490884,0.311744675034455,-0.095339034105094,-0.0146882794162448,-0.0944993002343884,-0.0799737749110723,0.0476354232695556,0.160695917007136,-0.175720392657691,-0.02930220663646,-0.0233128354410485,0.0814413771322016,0.160073289924786,0.0400569898592003,-0.107708457073467,-0.0137741741612556,0.106215093398593,-0.0313774043260845,-0.089700740067925,-0.018201619855767,0.0948761531946504,-0.0445662759497336,0.0146673583640164,0.0433077354486867,0.185783276831719,0.0087012706649209
1122.in,1122,1.0000000009682,-0.145368382560098,0.160110028498454,0.298199036429293,0.111966649931818,0.141771935822752,-0.105975588338281,-0.308081812527243,0.0330384179796816,0.0687606984192856,0.442285819103913,0.348531372747978,0.324233971437659,-0.0621171357414096,-0.0275235020065297,-0.168005902990721,-0.0742596694657047,0.0127580481085001,0.168205305126772,-0.173776707167533,-0.0649875243085355,0.019693503543035,0.0799640226910728,0.165089909515789,0.0145385813911533,-0.111783779707007,-0.0193104403067176,0.102019139762767,-0.0576370476647975,-0.123089356638112,-0.0176192595737741,0.0962034543743168,-0.0368089219900879,-0.0053095730649722,0.0455415178274747,0.194277648188853,0.0063778368563061
1123.in,1123,1.00000000122354,-0.0946360572596268,0.191459914277226,0.274749504927499,0.152126131533983,0.107061796294721,-0.0828792558816286,-0.296816454179393,0.0222424191018908,0.0845039334642505,0.445224105321252,0.365842633487295,0.355595783144564,-0.0737184449035313,-0.0605271880411132,-0.138326226549563,-0.0777007196119861,0.0251843328621599,0.189610702653223,-0.173256018553854,-0.0546178462465671,0.0086823802171464,0.0782369199074098,0.178116362045604,0.0230178944446571,-0.108538520475252,-0.0215616461546665,0.0930553860006753,-0.0474751507705463,-0.113056292751953,-0.0169498455169155,0.105934561517201,-0.0384125721436142,-0.0002046887253079,0.0475134175968593,0.209805865774479,0.0047373785280635
1124.in,1124,1.00000000108296,-0.230561503526125,0.196148552325627,0.263534361183586,0.167092181875722,0.0859856340771907,-0.152163842419207,-0.346046395909768,0.0535480032071894,0.0214185902366698,0.458547542793523,0.363281990829023,0.362542140918518,-0.0394868537362897,-0.0748954000510561,-0.214211860679304,-0.0680136210964527,-0.0112076077642012,0.194325976884493,-0.171504570019618,-0.0961085467482008,0.0530770622252084,0.0797102457365016,0.182910304111179,-0.0003039721332285,-0.10733222291723,-0.0241811465005893,0.0910001272031204,-0.0712460305932093,-0.146959826515143,-0.0162051822398984,0.101962473443789,-0.0302707917168167,-0.0161481021609502,0.0517215015648371,0.2144428907258,0.0008982096571222
1125.in,1125,1.00000000093132,-0.177309638516203,0.23778637301679,0.238846827107163,0.205967340341555,0.0551811426440282,-0.132268780602432,-0.326756105744268,0.0382955305252041,0.0462470705594692,0.46897400648607,0.387869522497712,0.401832353636536,-0.051447987443363,-0.0984482480542229,-0.184591074535863,-0.0719680413478884,0.0032424351818487,0.219584510483322,-0.169010535381497,-0.0769416575011811,0.0363719769285189,0.0742034923065498,0.194749247221077,0.0096978104421934,-0.107958402954398,-0.0305264879279157,0.0817751775968276,-0.0627399797034326,-0.135574508581553,-0.0188863751623336,0.115712456960594,-0.0328253505608408,-0.0101701905184032,0.0574439182052431,0.232792488846421,-0.0054816140167908
1126.in,1126,1.00000000104011,-0.0587168465211693,0.04544344324789,0.387218963087954,0.0297252524201167,0.110731333590873,-0.0609562947511275,-0.282348609740352,0.0133171959840173,0.107803994185997,0.458646683535477,0.356787279954762,0.248654049021724,-0.0815216600361971,0.0367950443795457,-0.122440568370607,-0.0317158435123255,0.0365548668331795,0.106602022805522,-0.194021322970282,-0.0425374343828557,-0.0074887330578516,0.116476729382779,0.152115840232799,0.028914906082124,-0.126162761414104,0.0097649276659984,0.132763980520303,-0.039959862203222,-0.10222227806437,-0.0171413842218621,0.0714539410452472,-0.0411671600183759,0.0069141006527773,0.0470311686478381,0.191180030411305,0.0042904361880659
1127.in,1127,1.00000000102098,-0.0089399020775346,0.0866889550053804,0.359217764871435,0.0724339837830411,0.0745625834932815,-0.037975000944871,-0.262575807872598,-0.0014285102644596,0.134334185347975,0.468487010266481,0.377076711487045,0.285567660129309,-0.0946225033639906,0.0088929811711269,-0.0949994221251468,-0.0318015535943632,0.0472576941933306,0.128430833265128,-0.189640236888197,-0.0292290082290076,-0.0243662817927722,0.112024278741118,0.165736289856888,0.0379932686340267,-0.127496978412718,0.0037664308715335,0.122265222021174,-0.0334868586641596,-0.0868799208275088,-0.0206849497517331,0.0794868868759291,-0.047261288007975,0.01186679429932,0.0479502773095549,0.206731025972291,-0.0011180346130368
1128.in,1128,1.00000000087843,-0.152388528279611,0.100489949717753,0.351398054226519,0.0910393946949399,0.0693597062762729,-0.107463070383642,-0.309932743013835,0.0350608244101594,0.0621772443412236,0.483650790600938,0.38506200617499,0.292918497157467,-0.0530563225522133,-0.0069337224266988,-0.174595250165319,-0.0256777692356907,0.0093718241953343,0.136755101408872,-0.189354130912765,-0.070735165217066,0.0239534089246635,0.113848307129579,0.170826901255196,0.0140229911676208,-0.127357937095748,-0.0004479503269094,0.119225026229988,-0.0550473321545916,-0.12788901802713,-0.01626852929298,0.0794842249049392,-0.0344454777471124,-0.0053268228139816,0.0525377574073517,0.218670892517211,-0.0019523023425748
1129.in,1129,1.00000000076659,-0.0953037354173741,0.12316002328366,0.339069376477251,0.118041653532675,0.0339091302732612,-0.0827372815219081,-0.291999281328103,0.0196468343309029,0.0898302725725215,0.497004761592055,0.396937722414593,0.320873249115759,-0.0722575498789714,-0.023250258371093,-0.142474597175058,-0.0199111067055043,0.0265465096932384,0.152286246413851,-0.190221334117556,-0.0535445585518856,0.0044199592584684,0.111498476256418,0.180512488583557,0.0252566013890159,-0.128021014249313,-0.0028518604644027,0.11637869916126,-0.0458440183770618,-0.112274853793045,-0.0179467221625975,0.0851088660014416,-0.0397324045302084,0.0027424565124653,0.0574997021067098,0.227316163351125,-0.0059417756529816
1130.in,1130,1.00000000150195,-0.229554779492816,0.155207808138079,0.323732659318523,0.14088365246295,0.0113000782124146,-0.156030450977573,-0.340884125592119,0.0485637167088489,0.0222221128321021,0.50722013934249,0.411867949813138,0.349043334216978,-0.0368420055974957,-0.0372571303789822,-0.216435735233378,-0.0233114368871172,-0.0112294792682704,0.173277235875914,-0.190798042647455,-0.0898861343983636,0.0541784540459214,0.113973744396587,0.188805322810032,-0.0007618803550577,-0.13008678448157,-0.008422394489318,0.111874436639386,-0.0708005351904824,-0.146426804365289,-0.0208045666004962,0.0946857867651683,-0.030832577330973,-0.0170297176604852,0.0590487647726957,0.237350556100636,-0.0117578147013776
1131.in,1131,1.00000000089848,-0.182725673480602,0.177037778685919,0.292875224846424,0.182014339354457,-0.0224531685298309,-0.122519759648756,-0.32707894825985,0.0409915023883216,0.0445407860320031,0.51018366975502,0.41801530059385,0.369404544877117,-0.0503467425816506,-0.0671771550181631,-0.187333416413239,-0.0180295576833733,0.0038824341210147,0.190989063269995,-0.186294667557164,-0.0780305443307946,0.0360727885340942,0.110804922267629,0.198563914959458,0.0085405238348146,-0.126657425331166,-0.0125539642528904,0.0994389979913842,-0.0637519197781758,-0.134843171376364,-0.0164381073842956,0.0956231338557744,-0.0335880472165273,-0.0103740151095219,0.0655145077400381,0.24938935729795,-0.0130565771775286
1134.in,1134,1.00000000127078,-0.13909980249632,0.0678058079880476,0.0977628915491451,0.204186798217386,0.0937516023792188,-0.0797490380676316,-0.357362056094688,0.0286418318571061,0.0814177480853312,0.295792215586386,0.235199908989119,0.297852702671257,-0.0742839039605241,-0.141592977338451,-0.16646225063907,-0.0103455433299629,0.0427158701842012,0.160191532696423,-0.130220577337155,-0.0859189712495767,0.0289597204996539,0.0004890797677783,0.143176494095646,-0.0009487596945662,-0.0562536857194889,0.0059458317783186,0.0443281380733832,-0.0506954611496119,-0.120507273936341,-0.0163557105035945,0.0858099970086203,-0.0503982528014292,-0.0130271490989273,0.0421346167053438,0.127247687707315,0.0042800389918773
1136.in,1136,1.00000000085489,-0.22684690311873,0.103167501450908,0.0716234103443787,0.256061118134896,0.037336397096504,-0.130903457720752,-0.399527364211982,0.0494475949671866,0.0338467626268686,0.310326648420669,0.263593713311488,0.341954435851133,-0.0524386865192927,-0.17692863370771,-0.207123459505874,-0.0058808384486962,0.0122269698642938,0.190460926351882,-0.126696076318627,-0.107575231478179,0.0674388458074714,-0.0008577739401945,0.160216201053479,-0.0180095089733783,-0.0558486420176116,-0.0019807120660387,0.0357193870325927,-0.0647769385086144,-0.141615515740312,-0.0152552987795649,0.0904948834250695,-0.0401708729040293,-0.0261619841094891,0.0503731535339293,0.149336187990395,-0.0021067280509312
1138.in,1138,1.00000000126551,-0.0608879684246957,-0.0238180636886878,0.192239697030645,0.13127124183555,0.0755394886626642,-0.0355725294247668,-0.321451350652794,0.0117991492478034,0.114766680183901,0.316841893896384,0.256905685619376,0.216578634139199,-0.0916128339522399,-0.080229678394819,-0.11896068572591,0.0258468668989689,0.0606295223683356,0.101142845466112,-0.149575518864395,-0.0666816699828562,0.0033613106510393,0.0399759429535747,0.131256609883794,0.0102709753388844,-0.0736538241112839,0.0306817679997402,0.0740750418423179,-0.0342920743948183,-0.097993284546599,-0.0126007426432933,0.0576772717839579,-0.0536471671316892,-0.005541653193985,0.0396850868462928,0.129671470211572,0.0060975717647888
1140.in,1140,1.00000000085794,-0.146159850069233,0.0046822564184586,0.155209698006319,0.175457009919384,0.0170085471816385,-0.0904858416561856,-0.358719127994356,0.0286254793731733,0.0727578511432194,0.336656552171281,0.281382209061546,0.273185424119688,-0.0692791130634012,-0.111405984644712,-0.168968429575418,0.0312418857437167,0.0337853849449187,0.130430852582796,-0.14638852537737,-0.0851052605950677,0.0392035112322131,0.0334963151799387,0.148961666002299,-0.0023253908477982,-0.0761272275460347,0.0235661674410186,0.0665699348878047,-0.050782254970562,-0.123295692981945,-0.0182446324941211,0.0652626015732177,-0.0490125210315137,-0.0151790231083673,0.0487797591966134,0.150585518989561,-0.0050153260733959
1141.in,1141,1.00000000114745,-0.092282417318255,0.0412377963972473,0.129554076213472,0.217980420931485,-0.0186926141538471,-0.0608926092918465,-0.342111357069513,0.0200199988567258,0.0950092879714357,0.349377443782846,0.291972333887244,0.299533300767303,-0.0874116772472971,-0.144185805371588,-0.138268385937271,0.0378456689593826,0.0507234097749323,0.157210752457226,-0.146566846047208,-0.0741745209342866,0.0177980781422967,0.033452146686675,0.161727198169112,0.0067290437331287,-0.0732409821885145,0.0170563093601548,0.0556723025715327,-0.0414275867849307,-0.11160295189098,-0.0127869957535494,0.0748199746591538,-0.0502800530401571,-0.0072456966569581,0.0562570083321919,0.164667038791135,-0.0074225352708733
1142.in,1142,1.00000000116426,-0.221146456106243,0.0697892326787605,0.117998261589783,0.232277497935495,-0.0230129704910961,-0.1289051691636,-0.387793988216291,0.048368700218226,0.039183194040422,0.359824958944373,0.303140931333627,0.317319248550189,-0.0540614749788822,-0.148695408231006,-0.207984168036727,0.0346547774852229,0.0156113498778458,0.162892867139235,-0.144586547608094,-0.105730533063806,0.059080403419032,0.0308945724286636,0.16642960603662,-0.0136877790771854,-0.0752721357871919,0.0134199764203905,0.0506168735786436,-0.0633967623954501,-0.142721315242346,-0.0158008763737466,0.0824092737076656,-0.0417004685496349,-0.0236192060363153,0.0583236179904947,0.171471479342092,-0.010060636957631
1143.in,1143,1.00000000086441,-0.18406065069705,0.0702146486499873,0.0975765763446904,0.267613559055371,-0.0715788202396463,-0.107938962229321,-0.37020709328012,0.0413445750173747,0.0570065077255025,0.376074018153249,0.317749753091521,0.336029993053436,-0.0656525263592334,-0.174675756780758,-0.185141744012237,0.0505430906918552,0.0276442671651135,0.174809998028585,-0.14588167231773,-0.0992636219949651,0.0460011856231392,0.0357394439444953,0.179001298557757,-0.0076803606391724,-0.0760906312060539,0.0125578614392516,0.0457830240935672,-0.0564492292676641,-0.134817539718764,-0.0128191807580539,0.083564757152209,-0.0449483950196949,-0.0192909115794107,0.0638888041346927,0.187417377456803,-0.0158801662564173
1144.in,1144,1.00000000120691,-0.0714635075055752,-0.0844588340443251,0.238269886327873,0.103553348613897,-0.0175899495571877,-0.0418531593664493,-0.336460859559909,0.0172273869544675,0.109790543030777,0.34988587436505,0.293369097604806,0.198914138282598,-0.0930573909552619,-0.0441882712734131,-0.121299013524256,0.0774080971977085,0.0559920209432358,0.0747773900397901,-0.167454397210279,-0.0709186725671778,0.0080513051515995,0.0731528041264878,0.137701809108773,0.0088317612835139,-0.0896602514588391,0.0518494928202335,0.0931578831987897,-0.0364097045257529,-0.10155020979711,-0.0114790361608303,0.0444214364305607,-0.0517693264555981,-0.0072756451081522,0.0477573401316981,0.146530010904606,0.0001004141825247
1145.in,1145,1.00000000113737,-0.0117847760045859,-0.0587844121326948,0.221018793752837,0.122374135647358,-0.0323138429883807,-0.0250369538812805,-0.313547709774489,-0.0007902229648103,0.138742961172399,0.378938082472475,0.302995155614114,0.223501266244862,-0.10036938450387,-0.070772151288887,-0.0955721074853821,0.0802892742752603,0.0763278755279486,0.0894609598905111,-0.168014457818502,-0.0544043498502885,-0.0111939170980827,0.0712550041867652,0.146316901556766,0.0171548681611388,-0.0923167048256149,0.0443656446838419,0.0941498012278705,-0.0260996547983153,-0.0882379880946178,-0.0131516839133549,0.0496199086232998,-0.0562829318114634,0.0041495752518575,0.0521264904416311,0.1625598772035,-0.0094162503467442
1146.in,1146,1.0000000009252,-0.144974122049678,-0.0406600093711742,0.20938582724244,0.147130678843507,-0.0571420177500773,-0.093233049311846,-0.359667293567574,0.0305994239518736,0.0753110019082379,0.384879708481027,0.318104010807899,0.249535329704983,-0.0712294341427903,-0.0822292325019744,-0.17121553783565,0.0867197073375606,0.0383964382845095,0.103473716417364,-0.166647332671254,-0.0867977410035963,0.0345852470388331,0.0665417047377147,0.153938330791144,-0.0033898906039656,-0.0940488944920601,0.040162389216639,0.0859371194030729,-0.0507219418542112,-0.123559481948472,-0.0155688827201329,0.0522086970492812,-0.0486001275041993,-0.011638382575431,0.0576631945588737,0.168917286119494,-0.0124033816565543
1147.in,1147,1.00000000100707,-0.0880607535138495,-0.0244628279043189,0.1831717836632,0.187554996177936,-0.0996913765266675,-0.0567496770039156,-0.344161883717259,0.0228110662137552,0.099587397818948,0.387739495389442,0.33532311705089,0.27173187214444,-0.082411422095268,-0.113739151718676,-0.132400678539137,0.0866467801845918,0.051241827374291,0.123190620841282,-0.165455698386957,-0.0706739510378682,0.0193879259562228,0.068223534341524,0.166040239617613,0.0053183177952945,-0.0915850043742044,0.0387580012320696,0.0735331286453992,-0.040640754875695,-0.107408766702729,-0.0148352178687747,0.0566585861012592,-0.0526245579886737,-0.0070569593190299,0.0617594791808568,0.186297617933103,-0.0169079609742567
1148.in,1148,1.00000000092307,-0.230947936642956,0.010520330248813,0.170134801678931,0.203231203739097,-0.105629708637569,-0.139361332042183,-0.396897157818447,0.0502197419730553,0.0339706971600318,0.400322426251552,0.335726341315312,0.297229353971025,-0.047854279480147,-0.119333419876891,-0.2155521238351,0.082526534587271,0.0132932471904048,0.138339925884347,-0.164078508311636,-0.113533150784727,0.0627029837353595,0.0679458027958982,0.174286964422811,-0.0188180452826216,-0.0907084798964593,0.031961204932032,0.0739188859670008,-0.0652034551811421,-0.144306219257444,-0.0150237589874397,0.0654390648941499,-0.0405798173089165,-0.0244033121744359,0.0645313232834048,0.190450591554102,-0.0186899665956863
1150.in,1150,1.0000000012851,-0.0740750988442936,0.0739060213815634,0.184350120165461,0.126246771285088,0.223591827715329,-0.0443510268766884,-0.332357115701055,0.0131376766113918,0.120483687845141,0.314546523148098,0.257157524307545,0.273488977895733,-0.0946791987429218,-0.0754086363210815,-0.121817698014492,-0.0649218959644706,0.0567039433789912,0.156705340575562,-0.148667312630925,-0.0664011584073592,0.004469424848453,0.031351056784423,0.129470790750481,0.010754493962653,-0.0752587117890017,-0.0072639129089531,0.07547685804584,-0.0332185373116667,-0.104496996012538,-0.0168259121231386,0.0877054295953628,-0.0549240603735982,-0.0023737807742677,0.0261998139820462,0.125850730794074,0.0212666553477281
1151.in,1151,1.00000000108242,-0.0096811977295192,0.110232741769373,0.161519967054555,0.158189711693303,0.188034015032664,-0.0163264291140511,-0.31307168689508,0.0004890775972907,0.14136865150243,0.330791516078473,0.265936754706622,0.3063478619712,-0.109005773163657,-0.10066344254875,-0.0936175693820936,-0.0637264834731019,0.0759173582446466,0.177962723447106,-0.150213950613559,-0.0502545484077719,-0.0150940988852098,0.0342052442415801,0.142890328287434,0.0204652727676535,-0.0750324641431441,-0.0113186051269736,0.0670535565090386,-0.0273322566176203,-0.0865069644517259,-0.0132623281000583,0.0948621601142685,-0.0590679467012798,0.0040760563911698,0.0313331082137605,0.139160604579212,0.0157008507732629
1152.in,1152,1.0000000014169,-0.141322127274445,0.138489265959211,0.159556271712685,0.166709642465877,0.177254190792364,-0.10043284665762,-0.365257870617035,0.0310654847030048,0.0745462227979454,0.333010882184409,0.285091893029433,0.336100507041617,-0.0746996291794159,-0.102912340751514,-0.170334112303965,-0.0697792782664157,0.0363732352936415,0.187711848272328,-0.15103241345459,-0.0803644167799216,0.0355866902310764,0.030515709499021,0.150123911438398,0.0016372504187874,-0.0779725899840948,-0.0131171079913337,0.0685013415941459,-0.0524285354902416,-0.121719836841438,-0.0174369731521715,0.100341339761983,-0.0491007608164968,-0.0124728299787584,0.0320057123469564,0.147621047404086,0.0146283268211447
1154.in,1154,1.00000000104392,-0.223051993869502,0.170039211241916,0.11210121651658,0.232762153385087,0.118077795102528,-0.128167457354557,-0.387981113173938,0.0486437218151891,0.0405534401180631,0.358079602407775,0.301517211563254,0.363039082348611,-0.053002067845509,-0.146628488804151,-0.209604085138507,-0.0526501857803714,0.0163193789779212,0.213330715413449,-0.145047233155334,-0.110633968848052,0.0583585441486073,0.0320381202334446,0.164540239079902,-0.0142913760414049,-0.0736203544368009,-0.019352532101554,0.0521734440612366,-0.0625958901741174,-0.14311569126311,-0.0146534527122701,0.108984418013838,-0.0422240106115819,-0.0245382784021518,0.0417503922004333,0.170674907357314,0.0041151238154542
1156.in,1156,1.00000000116654,-0.0592750070166553,0.0245098650400283,0.240282093716389,0.0995586065518886,0.142889643615521,-0.0349281373923145,-0.329555833471064,0.0119637647101699,0.122771946525763,0.35125814736971,0.29240542158655,0.248776841258883,-0.0989019860855657,-0.0423979912301695,-0.113278195260198,-0.0234060001495466,0.05888372154865,0.129277242892688,-0.16629837141153,-0.0643252493195808,0.0018320988394974,0.0688748145039879,0.13795451532167,0.0128200729176169,-0.0904417829954755,0.0162602880509258,0.0943213741118695,-0.0341348280604212,-0.0989036603106537,-0.0154906953610984,0.0739710688979796,-0.0546902989025893,-0.0066514301843035,0.0352147841259336,0.144739796066488,0.0144591724759983
1157.in,1157,1.00000000110719,-0.0129898102358943,0.0580461578690882,0.221845611603482,0.126941854984602,0.119028697666171,-0.0141398830439936,-0.309351488067121,0.0022522596733203,0.145537757191719,0.375294672074119,0.301140011782993,0.277135140885439,-0.106749398219355,-0.0645807273784933,-0.0929126956329306,-0.0208667813055749,0.073086975018891,0.151028739907597,-0.16677128009435,-0.0516273813695604,-0.0156895539969398,0.0667926839830339,0.148523429795388,0.0228287199569879,-0.0913463644846451,0.0051778437715205,0.0888186203083114,-0.0249614333415908,-0.0897481369797939,-0.0124326746852434,0.0828018489765069,-0.0576532272904363,0.0058516869378426,0.038673676605025,0.156717105024586,0.0074296579896387
1159.in,1159,1.0000000008229,-0.0978600080127393,0.089876497502963,0.181756389692608,0.185133348457247,0.0740796655950524,-0.0714518392990579,-0.344538700143425,0.0207877187171816,0.104314752250691,0.39205284047946,0.327393863663452,0.32357284442401,-0.0830083257089834,-0.112134633388942,-0.145215670446251,-0.0107551822035672,0.0479724695924489,0.177266979308717,-0.162455741697666,-0.0747883336826871,0.0212139861018643,0.0603304059867578,0.164507840412195,0.0064460624773705,-0.093810499691613,-0.0003701470901998,0.0764439942005009,-0.0402191737874474,-0.112803298834871,-0.0162412017424249,0.0871964868495492,-0.0533208131868295,-0.0079474816540258,0.0453658024052482,0.181100928829434,0.0001378788816626
1161.in,1161,1.00000000117855,-0.175734674788823,0.137526384785812,0.167898370081159,0.238534775192698,0.0089008550888532,-0.108208654109592,-0.37487382537421,0.0412594858475204,0.0572053698344105,0.418201794638601,0.356403426149172,0.365726108426245,-0.0679858545665909,-0.141509283652722,-0.180528819606067,-0.0097176497438015,0.0256559774823091,0.208952934862067,-0.167129907407489,-0.100178088985845,0.048107740706676,0.0665179163253826,0.184351743865385,-0.0077350472277998,-0.0937230577302462,-0.0067022180784028,0.0675990108107783,-0.0564576726122527,-0.13523307241158,-0.0156468205345392,0.0990256649146041,-0.0458882893547221,-0.0217773939046206,0.0512852828145761,0.203744097141686,-0.0053639904677017
1162.in,1162,1.00000000101153,-0.0658594094422667,-0.03003237830568,0.299414808247259,0.0692498272545796,0.0839326359355678,-0.0455316769857873,-0.3290979793687,0.0147525891438867,0.117342270858933,0.407856376062381,0.325885878720226,0.228888806999072,-0.0955540747695801,-0.0083355377628057,-0.125267526598471,0.0223938184212537,0.0593856358267515,0.104732709018749,-0.189400214291767,-0.0619330543216528,0.0046336116735503,0.101061982989112,0.139746582089856,0.0108235807617117,-0.114053208224953,0.0267889022811947,0.114902010626424,-0.0352289985469254,-0.101524216405368,-0.0148148019897257,0.0612636113014981,-0.0551968625409109,-0.0048855002510988,0.041068148394288,0.163069344497308,0.0061898324345393
1163.in,1163,1.00000000086592,-0.0133058316436923,0.0047136170971183,0.276245965842697,0.108345694349964,0.0548938473506119,-0.0283647275483884,-0.316934179052702,0.002266294196759,0.136252138685818,0.413716398802948,0.343232990204386,0.259190977645358,-0.106518883490578,-0.0442961647869498,-0.0999273709841089,0.023874400056208,0.0728353535028667,0.125243793419848,-0.185448759782261,-0.0510401109155643,-0.0070074267315621,0.0964486617379583,0.15347627050973,0.018829244022691,-0.110489369720552,0.0243721817732836,0.106851482429402,-0.0296356395877307,-0.0915831071438009,-0.0154042715535587,0.0645991829125052,-0.0592672058482674,-0.0001235579134732,0.0442543726062526,0.178645543052958,-0.000828780701935
1164.in,1164,1.00000000080663,-0.151661398765366,0.006798371307419,0.255681236413202,0.123991648523463,0.019252685560883,-0.0867478077857965,-0.363543621656539,0.0320059952044709,0.0728447697304733,0.425305830987103,0.343975949863305,0.269180257871461,-0.0688052459774491,-0.050326639971102,-0.175253991172462,0.0385046223112169,0.0357126738014832,0.13304276375813,-0.186033658231434,-0.0936806384114691,0.0344534404732482,0.102609421484641,0.156859099498026,-0.0044679752551921,-0.111862138682679,0.0211704382133212,0.102787676564355,-0.0518621050280279,-0.124057159489737,-0.0123111527968275,0.0703808085340853,-0.0470079371026593,-0.0141224599720933,0.0510908124600806,0.187174679475406,-0.0054705859949807
1165.in,1165,1.00000000112127,-0.0895151558473825,0.0389891794938641,0.246710737680893,0.159145629180222,-0.0164982951178742,-0.067743891653869,-0.345083537614506,0.0194336841114757,0.104545017965729,0.437475290463298,0.367775739632361,0.299953072478416,-0.0876519101643199,-0.0805242323341176,-0.138968885040139,0.0374582759995946,0.0504536476864502,0.149118150096744,-0.185236697629806,-0.0713936310329375,0.0182567130648344,0.0936483722761682,0.1728977142912,0.0076539702491714,-0.11009360147397,0.0207647044419336,0.096611967238164,-0.0407526806571202,-0.111903922064986,-0.0159819748066814,0.0751034849054012,-0.052048946243295,-0.008912710536166,0.0544762357907864,0.203585385246837,-0.0103269398131283
1167.in,1167,1.00000000113892,-0.184922322005742,0.0891817996566372,0.204036887068394,0.216855965084929,-0.0691950841800422,-0.108406676934395,-0.370720724303085,0.0400723124682456,0.061063763130425,0.465043690325602,0.390945438055946,0.342453280023391,-0.0598955730997583,-0.117994618559225,-0.191592733326748,0.0443869578911156,0.0256610964035479,0.183751604792627,-0.180954776142307,-0.0995651496611467,0.0455028024065922,0.0968454682855324,0.189271959776652,-0.0089556370531366,-0.110377516743789,0.0076012979333926,0.0815717001086139,-0.0562863345919617,-0.135892185087772,-0.016221590569698,0.0874737523458083,-0.0442658777655839,-0.0189407824111445,0.0656736417678969,0.228462592028443,-0.0200850435934445
1170.in,1170,1.00000000121022,-0.142501490873751,0.185459194670839,0.212674064074279,0.152330733226612,0.245116020837434,-0.0890210444885453,-0.358377907987204,0.0321238544565649,0.0777447167833849,0.382339973301455,0.312323113257251,0.350584939914261,-0.0720145454858568,-0.0832602899421681,-0.166790562326819,-0.113655088340217,0.0366267075798114,0.219229119174754,-0.166508127969904,-0.0865731648082312,0.0350160528378853,0.064865412154989,0.154038083534159,-0.002707626129506,-0.0933340164185885,-0.0326574466202607,0.0865035400944018,-0.0496817248305648,-0.12317758029836,-0.0159717237305006,0.113601670684011,-0.0474217325945039,-0.0146466523433316,0.027938921027502,0.168148425256381,0.0200929272180175
1172.in,1172,1.0000000009185,-0.2366110087492,0.220808302877782,0.170763939836795,0.194967291492757,0.198317921528433,-0.134521509887551,-0.386170564937053,0.0506817279248748,0.0354400967942713,0.407006384355902,0.33224829115366,0.382398728998888,-0.0491760463163799,-0.112232802193872,-0.217169165217915,-0.0974227293654872,0.0165626492018624,0.239937939022416,-0.163345429964837,-0.111839510034865,0.0587878321285746,0.0686404580989208,0.166985426397555,-0.0177319039478069,-0.0940919912105645,-0.0392705691940678,0.0737335738725444,-0.0627914011297148,-0.144285971161271,-0.0139333788616056,0.121399845135734,-0.0412353738972664,-0.0232272874416557,0.0356625013696802,0.187594865597264,0.0123955494001153
1176.in,1176,1.00000000097455,-0.141209758873959,0.118386806795543,0.259071809292761,0.128356696834992,0.163809751399822,-0.0963228068567402,-0.358684897883237,0.0319317229671063,0.0776217392716346,0.423329467167392,0.35172014813625,0.322553805192805,-0.0751808844010079,-0.0570436678649625,-0.167551275205841,-0.0603585585828276,0.0387267128885617,0.187462309049818,-0.185655866813944,-0.0832147001889001,0.0338194836508201,0.0958264443966054,0.162037334205484,-0.001014116081907,-0.111726545776949,-0.0129048676706077,0.101636929787633,-0.0518112666350526,-0.120843025516491,-0.0145622976423491,0.0965663690713595,-0.0479427804701997,-0.0128106242309327,0.0323067152762861,0.186495242132701,0.011902636122934
1177.in,1177,1.00000000132393,-0.0892915469993026,0.14454015930481,0.242301340235234,0.151647770753065,0.130221089595658,-0.0643810802798901,-0.335118004088624,0.0200338357686501,0.10257261754776,0.439060357933838,0.364501847156464,0.344435259418802,-0.0882530152189333,-0.0736321753723288,-0.140312712930228,-0.0482316306936716,0.0537968456013426,0.202936921282521,-0.187909699763723,-0.075154350907831,0.0155668682984349,0.0992641054100364,0.167847263920772,0.0071695588365962,-0.112997570152771,-0.0181639407816881,0.0950078993121848,-0.0400883301704766,-0.10960998402927,-0.015203468679599,0.0995194721242394,-0.0537749647599045,-0.005760770961418,0.0390797942590358,0.196015503312246,0.0064489081847631
1182.in,1182,1.00000000109726,-0.149406913415056,0.0654237257183101,0.30438497335052,0.0989160209816127,0.085599327882808,-0.0874743882581057,-0.35880225990424,0.0315412496576856,0.0781132244647499,0.462329287576628,0.391428020695632,0.291180109925008,-0.0712330628888218,-0.0200461554360688,-0.171720773231384,-0.0039332303292495,0.0367744383735537,0.155838346843801,-0.202509146624303,-0.0895807280051768,0.0322671127742206,0.134879009508505,0.162046192759576,-0.0046174108135403,-0.130187233168489,0.0057521613720246,0.118374465853155,-0.0489012496067961,-0.123564277469826,-0.015244388966995,0.0826121438400789,-0.0482735809089494,-0.0144644105741348,0.0437924453026151,0.207357305044629,0.0029150617183016
1184.in,1184,1.00000000122692,-0.233319268321265,0.111112325634784,0.274536959417764,0.153727961582151,0.0291504346110888,-0.131430155233482,-0.396508303368586,0.0538680836735071,0.0341370703075768,0.473583736096125,0.408981494233556,0.341890681527402,-0.0550553995603819,-0.0553516349071523,-0.211888576030306,-0.0047098678922487,0.0150348420688518,0.193130845584759,-0.202632661407677,-0.111099232600194,0.0641904395511385,0.129154529793264,0.179261381568978,-0.0174950295296428,-0.12713631113699,-0.0010266385104135,0.10748812048671,-0.0666256109465551,-0.145732296379008,-0.0140444994246781,0.0930178437447087,-0.0421640177242452,-0.026980702168571,0.0538455995490132,0.222742559107009,-0.0020063470956096
1185.in,1185,1.00000000094251,-0.177354048208194,0.133125345085991,0.258063066186809,0.181896273395826,0.0124245115375534,-0.118874190193268,-0.375967399880792,0.0404629186179594,0.0544146434456695,0.496621133962995,0.423939934854497,0.367905711472338,-0.0593243800876984,-0.0880221454494546,-0.191207272563324,-0.0025593344961981,0.0268259500876493,0.205652650792561,-0.202394837662308,-0.0937099088236106,0.0494452202863423,0.123396272064009,0.191307914980292,-0.0091972495154176,-0.129572210601559,-0.0080145934507946,0.100877330187662,-0.057774470436721,-0.133963339422869,-0.0167496936968902,0.0917585517206297,-0.0455117999009594,-0.0169894619752811,0.0541970000082577,0.242050704362239,-0.0104398012424315
1186.in,1186,1.00000000119092,-0.0649516218668522,-0.0005316165632461,0.0881931673949318,0.158232817352347,0.181477939041519,-0.0280801379045262,-0.380705637156143,0.0149304764351168,0.124699663262563,0.257656718351229,0.215039860830989,0.253865083850476,-0.104192983521108,-0.117558413213704,-0.127417228422027,-0.0010275094008752,0.083496250102738,0.151476605416286,-0.146453017123781,-0.084529941910207,0.0150154397115968,0.0215459593278568,0.11951974510878,-0.0066910594971525,-0.0590558035077613,0.0133164059171651,0.0567486490642576,-0.0332546168439612,-0.0987780768502158,-0.0093110013207772,0.0762695932166569,-0.0656916906654618,-0.0097188347631755,0.0256118165360467,0.096447562491216,0.0193930957407928
1188.in,1188,1.0000000012293,-0.1313646605283,0.0324980613094735,0.0597208549308641,0.197749594609495,0.119510492272843,-0.0770322198539302,-0.407688873443696,0.0285177648571655,0.0886184603184909,0.284549177029386,0.246487259280939,0.2955250031061,-0.0856886965510337,-0.158910840305221,-0.163799118925883,0.0138283483637447,0.0697249741153377,0.180601387687908,-0.148265265973624,-0.100928933121719,0.0423237098438844,0.0200327835550657,0.136472636422767,-0.0207511198547256,-0.0607253660977705,0.0112641135892988,0.0480538188146282,-0.0440367234406517,-0.116701084247688,-0.0121558481669042,0.0838770330813057,-0.0597088265900643,-0.015544246138287,0.0329321300330007,0.12411500701455,0.0075711499893812
1191.in,1191,1.00000000087592,-0.160842221534429,0.100786348583221,0.0085551006959205,0.303077656263828,0.0345199166329325,-0.0751127733765871,-0.419685217355328,0.0367011139581914,0.0816128999740479,0.318142078031471,0.277801804365096,0.360557853996357,-0.0799557792510023,-0.223316503480045,-0.176084949917591,0.0146741161450272,0.0569001979296799,0.231450521750988,-0.13896573657514,-0.117264278882836,0.0515208461076457,0.0219104997055263,0.166280140991946,-0.0249913640834475,-0.0556731315367344,-0.0028278876088114,0.0274727975416763,-0.0473214801736527,-0.124756928823219,-0.0119566323960583,0.0997023699755183,-0.0604278027683205,-0.027530028060146,0.0436132676940674,0.157063834905671,-0.004702285526001
1197.in,1197,1.00000000088368,-0.183298226701726,0.0466377362296765,0.0647150316490987,0.275158665345223,-0.0393062498464055,-0.0848183553587623,-0.425607999294402,0.0404664927048026,0.0632787549344791,0.36037566845868,0.317510081674883,0.33651703577719,-0.0760009895041675,-0.199654312232599,-0.1871058808542,0.0584667460397958,0.0497436231801206,0.202931884446064,-0.157171995626968,-0.119418432333701,0.0557856312436069,0.0537621046710414,0.17044894611704,-0.0282305383356811,-0.0730457144227885,0.0120043680056296,0.0472659731138089,-0.0512281138996388,-0.129442747895266,-0.0095653785363807,0.0847313933460264,-0.0556326644504688,-0.0270565413290151,0.0520474289033306,0.177548699026657,-0.0104306749976229
1199.in,1199,1.00000000089499,-0.0042105920471026,-0.109577217358003,0.18117474065162,0.131521382740142,-0.0128452343430886,-0.0035303347734476,-0.362250418757373,-0.0008931234766649,0.152658225373191,0.350374399652757,0.307942278169263,0.224086614758644,-0.121275279217547,-0.0877073501465526,-0.0934610171830752,0.101020001306794,0.100196142238118,0.112373224380374,-0.185413131779405,-0.0678270505518878,0.001390210708091,0.086815528952235,0.139807121092839,0.0004778971188768,-0.0950965283024642,0.0509467570189024,0.0871755039750475,-0.0212073888628132,-0.0828644313111166,-0.012083468529127,0.0451925561603328,-0.0712836398711277,-0.0035833998551359,0.0420774841343342,0.1497211231092,-0.0014419310720916
1200.in,1200,1.00000000074105,-0.140899024384969,-0.0992384701911167,0.168086967386884,0.157080566775197,-0.0335515563139069,-0.0762347463729575,-0.410467672131853,0.0293625129696076,0.0918853726468209,0.367801820468871,0.320322441293415,0.237312098701743,-0.0857930006251006,-0.102730336766383,-0.1717099220793,0.111326439723875,0.0645383855023315,0.116017098917406,-0.178984348596012,-0.102613062269087,0.04474311146544,0.0816571124437601,0.145462218723828,-0.0205866655126512,-0.0968296884859591,0.0487094222253277,0.0838470999464257,-0.0441622884747924,-0.121757311352448,-0.0146666858358159,0.0479286381616655,-0.0628121864409843,-0.022623648889997,0.049661131307191,0.159023529192047,-0.010179830111272
1201.in,1201,1.00000000112366,-0.0894914477123002,-0.0621757300636229,0.145744947436194,0.190396541181446,-0.0678813405097527,-0.0437999884200291,-0.393175432887927,0.0208797069630157,0.11720519990537,0.369631691910076,0.337416886594192,0.262680995437616,-0.102860015250813,-0.124506360030963,-0.136234099793711,0.109601372537018,0.0774881208567232,0.135644858321589,-0.17775634051203,-0.0913615187405975,0.0273121264239683,0.0823507498435366,0.153416355507906,-0.0116757246447745,-0.0945973595460839,0.0449596768575416,0.0759342792446031,-0.0336083294658872,-0.109326241993793,-0.012473379241341,0.0580599967353488,-0.0653232945816827,-0.0177903995676444,0.0534798284202923,0.171486490682315,-0.0101045973251864
1202.in,1202,1.00000000089593,-0.227510249097373,-0.041947870455056,0.128488074720534,0.21618360550776,-0.089072626133714,-0.114104755262319,-0.445304047315928,0.0496026478930029,0.0476770804495378,0.377737488365895,0.336787254722853,0.283561208575698,-0.0649825378621827,-0.141493365310508,-0.215688843011302,0.110524203310955,0.0405838694041608,0.149009008526142,-0.177212057444974,-0.128723499157359,0.0725602137925104,0.0815674647994172,0.162915814714179,-0.0346709047054179,-0.092513074391374,0.0401034484145359,0.0722611973496397,-0.0591650000814166,-0.143331262841902,-0.0130463349088864,0.0622647067630168,-0.0539943071167435,-0.0343354783536444,0.0582556491422475,0.179080794975823,-0.0152729123970593
1203.in,1203,1.00000000118027,-0.176503169811245,-0.0031382581591996,0.113902819290272,0.238122804324432,-0.114350332929089,-0.086309707903048,-0.426641693076998,0.0362919909886529,0.0715180049525488,0.389390072045266,0.350833916911169,0.312578490154553,-0.0739424474877302,-0.15707067046512,-0.18335528708502,0.110777198219916,0.0561732724299507,0.175579829913715,-0.17686606819542,-0.115666126216991,0.0558254013084105,0.085813894428016,0.172820297746904,-0.0274384880002031,-0.0909902552856179,0.0342754154777381,0.0676891771709259,-0.0473054703505338,-0.125310894431292,-0.0123677535755988,0.0699212765049049,-0.0568843807941744,-0.0258996547462289,0.0613925760712437,0.194327166658392,-0.0198180718344381
1207.in,1207,1.00000000089657,-0.0818158944409025,0.117955077953115,0.0892394116467578,0.221122243737856,0.168155886901255,-0.0399464932719805,-0.390883232379603,0.0144581543878737,0.116825615132302,0.33167239875952,0.291275033639686,0.348532694564871,-0.103760616941973,-0.158471236010233,-0.138157378686386,-0.0368675587367575,0.0788193862764775,0.228153872722361,-0.160101755891199,-0.0907133259690849,0.0211946931901915,0.0515227142441997,0.152216524411711,-0.0114193820108334,-0.0755045434567354,-0.0132804600268057,0.057855472298256,-0.0342323155246559,-0.104947819066362,-0.0106871633931666,0.105919723896791,-0.0662182123976983,-0.0136259571345661,0.0275230650586481,0.152474228686934,0.0148397857756011
1209.in,1209,1.00000000122322,-0.179126071126646,0.16068668387607,0.0484974404830383,0.279564967840295,0.118287144370736,-0.0819498674176169,-0.419321678086273,0.0426301668414113,0.0716183079766833,0.353317189874335,0.312513102496503,0.38562802756951,-0.0738063215063955,-0.190239874849619,-0.187716261302658,-0.0325180818691337,0.0567423864654206,0.25909439006665,-0.156998547668568,-0.117619187252136,0.0557759587849295,0.0498690123804585,0.169650390984308,-0.0276880161964452,-0.073722091968569,-0.0229711938633357,0.0423330068733723,-0.049054913970349,-0.129753595824988,-0.0105220594957918,0.115262371417021,-0.0572231799302848,-0.0263296873538126,0.0359786677893215,0.176294097369921,0.0046494117606223
1210.in,1210,1.00000000161542,-0.0584154323900801,-0.00806987491599,0.198692031447625,0.10369681572433,0.177709563552183,-0.0219638181444169,-0.374152869787922,0.0104625280837724,0.13095935061544,0.343907816053275,0.297643413383009,0.244891956562521,-0.103505884163907,-0.0639198984939574,-0.122309911232979,-0.0016676212911433,0.0856945219442992,0.147407927450086,-0.179514015496177,-0.0878891704657251,0.0127760903182585,0.0898798315267515,0.128568671620592,-0.0067240354966493,-0.0950082620544566,0.0156284457741402,0.0958742985302535,-0.0280718290882734,-0.1005623548298,-0.0110348172887644,0.0747936309995505,-0.065512393520685,-0.0098969142883979,0.0224588564989068,0.139945937470056,0.0170505725007423
1211.in,1211,1.00000000094212,-0.0046204139519101,0.0129320356770098,0.183178099077731,0.137651422907443,0.145402199927955,0.0082663974822549,-0.357905077087231,0.0004940081436781,0.158705758291383,0.357633699006552,0.30675805519158,0.26994788483088,-0.116112642196575,-0.0845996912209667,-0.0900700859283298,-0.0027293714037024,0.101672332230214,0.171292320304639,-0.18161101921666,-0.0698373640479668,-0.0059769101428816,0.0895174712496376,0.141045340823403,0.0015051096394667,-0.0926071967890472,0.0128911109161283,0.0887910810506018,-0.0183365741257432,-0.0808518791152433,-0.0119689955153648,0.0796700721357158,-0.0700708782800397,-0.0055537763691795,0.029466913428915,0.150460029005482,0.011672070330188
1212.in,1212,1.00000000095093,-0.151607356108575,0.0212617515458346,0.167905386708326,0.164742727502194,0.122088174942906,-0.0744405061073937,-0.41031217186064,0.0339831376014173,0.0820863193916414,0.364974261491014,0.318757729836985,0.286924520281363,-0.082271094361797,-0.109431114489511,-0.170478547158921,0.0029719201365778,0.0607831905020925,0.179310243339041,-0.179820410420465,-0.109980941196765,0.0469248701401599,0.0851284486446927,0.147667121299573,-0.0226727652631506,-0.093691966001837,0.0103424390220276,0.0836887693607488,-0.0450177419676838,-0.123749411875892,-0.0106730125580333,0.0797205018777647,-0.0589013808157253,-0.0243256122560212,0.0321271648537761,0.162001395679802,0.0105229749547056
1213.in,1213,1.0000000011793,-0.0971976217310095,0.066058884110501,0.145446692956592,0.190254769739467,0.0836201804919977,-0.0509923796442306,-0.398294999040141,0.0255357249057126,0.107643839297482,0.368088283813513,0.336822082999216,0.329426242865038,-0.101287393280337,-0.118212471996144,-0.143083574516762,0.0046376114298509,0.0724473333256763,0.199544317922819,-0.178829011954916,-0.0900097289712526,0.0297030594300116,0.0830582477211242,0.158284876297686,-0.0091877417606732,-0.0949303576226781,0.0034749427000016,0.0753757076071208,-0.0383800226366203,-0.108500149146043,-0.0103842251482701,0.091322467878029,-0.0631777761511175,-0.0171047692355556,0.0374560068996669,0.170049673934095,0.0072980135060484
1214.in,1214,1.00000000102644,-0.222138036170309,0.0744830196521305,0.136471363967078,0.209674581408253,0.0660509761016636,-0.117045756057089,-0.445754784412661,0.0498948152196595,0.0466188418023898,0.382032554023123,0.343582739792721,0.336949161756448,-0.0609730197789818,-0.141484400274286,-0.212761315212302,0.0112772932279485,0.0413102654106689,0.210840694329059,-0.178314621361995,-0.131638309807851,0.0738001808837371,0.0853536488173092,0.165810517529171,-0.0356684973198178,-0.0923278228342587,0.0032245908128588,0.0751533901412763,-0.0578746470500419,-0.142295543800233,-0.012396029895666,0.0946047091244678,-0.0527970912910441,-0.0313447631258224,0.0392125305041005,0.185244208920207,0.0005354670603307
1215.in,1215,1.00000000098269,-0.174492244699498,0.115862045601232,0.110734349180895,0.247257306364935,0.0454366656643845,-0.0858113117705792,-0.422202485782675,0.037863416212485,0.0773063875019711,0.394993334822049,0.35502380407902,0.367867488631331,-0.0772911252120971,-0.158809209226472,-0.183911648650044,0.006364127843781,0.054327704101629,0.233560164946636,-0.175896082093775,-0.114287468555061,0.0532720091021733,0.0845869612764394,0.177145013404763,-0.0248056220165639,-0.0932238235074108,-0.0049156167185286,0.0637767221055663,-0.0487034535680963,-0.127077803317108,-0.0134133772642344,0.102953338953154,-0.0584206647460673,-0.0260159491489326,0.0431269134869775,0.195220165328336,-0.0037077393005059
1219.in,1219,1.00000000120911,-0.0780136487873552,-0.0026091560730743,0.19726398858999,0.169746778319933,-0.0043708665794363,-0.0412799253618311,-0.392583996569328,0.0208146988239036,0.116866900502239,0.412487436197322,0.377058907340551,0.297649791124129,-0.102846819712989,-0.0983981436687306,-0.131757060724171,0.0590326170057298,0.0785630746327332,0.171637018269144,-0.198562644280983,-0.0855495400853369,0.0258138550126864,0.116897629982597,0.164586702700038,-0.00959464932727,-0.112549579051536,0.0251174884393911,0.0936136152176009,-0.0348006646363577,-0.103555678069617,-0.0117300533041562,0.071804030200524,-0.0638712802116187,-0.015887634230212,0.0476025375218085,0.197484444204609,-0.004413231665658
1220.in,1220,1.00000000098467,-0.220604197098346,0.006949233369313,0.185737716886983,0.185059122541144,-0.0126171174745342,-0.105849087746696,-0.437197235910737,0.0469211134690023,0.0527279334015211,0.425563571799656,0.372232551657418,0.302757630135097,-0.0648193923854227,-0.106589727825365,-0.209478795794829,0.0616192729469045,0.0399628757533446,0.178611493550516,-0.197748934613731,-0.129151790871349,0.0692446275074358,0.118861952919739,0.170691184473559,-0.0327056448958375,-0.109586036397014,0.0211774371427604,0.0924194515771961,-0.0572998424532207,-0.141665804331445,-0.0120157415117212,0.074197582473134,-0.0517653560002442,-0.0304585916500252,0.0513211582178218,0.201664900813219,-0.0081851703178962
1222.in,1222,1.00000000139654,-0.0601784848635119,0.107980653312537,0.190590567584344,0.104290581891455,0.331354946261725,-0.0322867913479542,-0.381479721148051,0.013937237536296,0.128862062203987,0.34086333650574,0.298748438329415,0.307182996435615,-0.10327394867956,-0.0686388166700433,-0.129129263039794,-0.0961508163342591,0.0869876792828604,0.206381337684717,-0.180655805634794,-0.0822723200343014,0.0154765470994792,0.0838670621540314,0.128704320591061,-0.0059359496004108,-0.0960315512624705,-0.021301732695301,0.0921523463509758,-0.0299523328399268,-0.100130339551942,-0.0117306923635428,0.10506444710234,-0.0675786662711713,-0.0097825530552214,0.0092796478872168,0.140670677362279,0.0323297972775631
1223.in,1223,1.000000000727,-0.0025180026721103,0.119538200693821,0.181995142820609,0.137879114738963,0.306286399786888,-9.47854710092079e-05,-0.363341294165166,-0.0004129928753813,0.156331475628581,0.355822038043553,0.310519886961769,0.324039984365596,-0.121516786558724,-0.090725233299189,-0.0922583613973827,-0.0994006842074744,0.102540349402582,0.226473956083761,-0.184325813633431,-0.0664911864498409,0.000190172770602,0.0848220751494443,0.139261114675202,0.0024376485471403,-0.0968359899528675,-0.0247993057769602,0.0929434164623013,-0.0207743587851667,-0.0835921894196038,-0.0129394197173227,0.107660655816782,-0.0714854317427227,-0.0037782995712882,0.0124917866312592,0.15304774246377,0.031056955900911
1224.in,1224,1.00000000093621,-0.143480683408501,0.142940786561101,0.17361357090377,0.158543070392039,0.27895344354227,-0.0708759680594144,-0.414267721329542,0.030558248433749,0.0905671846499991,0.359750469884606,0.312046520724985,0.346875141900086,-0.0872552266317063,-0.0986390046457893,-0.164090667233773,-0.0972692342165388,0.0616764023215796,0.239905523590782,-0.180229958393884,-0.104244587712808,0.0439937537235964,0.0816078949422188,0.147858178570818,-0.0197744350912485,-0.094147643515643,-0.0251697708379915,0.0875479683403962,-0.0440067688877785,-0.120819050390836,-0.0127834272241984,0.111807229267749,-0.0595773204363499,-0.0238305043663047,0.0193137703122181,0.156500379759081,0.0271746218860209
1226.in,1226,1.00000000095133,-0.220613596723785,0.190670919263289,0.134965884106133,0.21246086168587,0.221180006552337,-0.115064473270881,-0.444032477196892,0.051757356659285,0.0491765559788894,0.378780681480244,0.328816195154201,0.39045199509012,-0.0653552627607317,-0.144273487487652,-0.210197571114258,-0.0893984436504616,0.0422801082991662,0.271185414549556,-0.1780226095615,-0.128988617788292,0.0729091699645532,0.0785603541174862,0.166225919441029,-0.0349875898326791,-0.089457773502275,-0.0320921579619467,0.0757944053051825,-0.0580504293802488,-0.140683361611895,-0.0147104766984526,0.119434798019758,-0.0551196423769596,-0.032900641390005,0.0264061093103572,0.177943527401852,0.016924530859339
1227.in,1227,1.0000000010767,-0.175426943933957,0.219426631494691,0.103124212109407,0.253262749521683,0.185867507090853,-0.0795357973438251,-0.419637635157774,0.0388720385382992,0.0701236950609002,0.394805789696757,0.35399042423385,0.410284532133844,-0.0773470048944096,-0.168970607329828,-0.181808087321862,-0.0773553946003762,0.0552445772202712,0.285960426800004,-0.175439642034859,-0.118627962234104,0.0526546886703822,0.0841972112753263,0.175642251027413,-0.0267645941775278,-0.0908895156519424,-0.0410005656016362,0.0614612492018104,-0.0488923615888954,-0.129876797096194,-0.0092376606663842,0.130458069643442,-0.056497182429166,-0.0262753622687445,0.0314472800577608,0.197036506318387,0.0148794911631567
1229.in,1229,1.00000000131634,-0.0164915925341203,0.0554898782738872,0.240531388179849,0.103786661544149,0.216448716646505,-0.0128183267754656,-0.368658931907222,0.0013327331489619,0.151352237218,0.396511252733465,0.343013877114387,0.296243313541815,-0.116966805322509,-0.0600813977197775,-0.100230136518643,-0.0423527873292214,0.099573546448209,0.193679981683259,-0.201818510633711,-0.0686425081948213,0.0037179889571178,0.114831843093087,0.143327772137913,-0.0003693321079698,-0.11400607151007,-0.0020381282906494,0.109616293106797,-0.0212493981064031,-0.0878325056437122,-0.015218610403901,0.0888026971240212,-0.0713451404711585,-0.0082252323924623,0.0221050401147569,0.170074639706044,0.0184820301869349
1230.in,1230,1.00000000127882,-0.148924180025534,0.0841250957961132,0.20643337192091,0.138392122747471,0.195816171117829,-0.0668733982385628,-0.413232440548618,0.0320549519465299,0.0853672971377104,0.397157684819526,0.348390638539756,0.317718995716689,-0.0847867315320334,-0.0817344460177053,-0.168310555306001,-0.0450450029807574,0.0601169902441482,0.214931594372648,-0.196899457884491,-0.113056093682278,0.0451266717518407,0.113812244570407,0.15124629181679,-0.0217877989660888,-0.107549780429292,-0.0109791521638282,0.0990613278735833,-0.0445655212683372,-0.12330436197862,-0.0095611583965302,0.0999323463845453,-0.0598413456508709,-0.0251224813755859,0.0262263230071119,0.176109118895516,0.0179207959758437
1231.in,1231,1.00000000124518,-0.0811013753492828,0.115297925948839,0.194288829174116,0.172842790371128,0.158330703904546,-0.0353999302076253,-0.390437254705261,0.0210230327296043,0.117857174493946,0.408837583599557,0.371252261872083,0.346670293006215,-0.104976294084735,-0.0986807283726302,-0.128336296201686,-0.0408515734878054,0.0804316392077602,0.231593135326563,-0.197927189178898,-0.0894238989547658,0.0251499273962629,0.118712997397423,0.163454908335371,-0.0109408346495602,-0.111322862518658,-0.0127668834133281,0.091633077659475,-0.0327226516430456,-0.102283966448128,-0.0107349431089259,0.104209233547802,-0.0644920859030388,-0.0169952267110591,0.0284150178130575,0.191766789797739,0.0151608510990515
1232.in,1232,1.00000000117652,-0.219397962381169,0.122959148261263,0.178772903252362,0.187892969967587,0.152245689315068,-0.12126345203063,-0.442956965804605,0.0474582710973817,0.0444260571532142,0.424781486173772,0.382246340670591,0.359946027622209,-0.0624920092920346,-0.118791683628848,-0.215759312631835,-0.0348197941773523,0.0406969757885954,0.233524437753563,-0.198938613794262,-0.132071750967863,0.0719282376708165,0.112004191662402,0.16894569297566,-0.0365145902477579,-0.114230438623795,-0.016158988374579,0.0902026299307838,-0.059545328267709,-0.147544215731258,-0.0140798897849627,0.103638378315119,-0.0548302595845555,-0.0323753079100046,0.0293878977235614,0.202334205470811,0.008130439359543
1234.in,1234,1.00000000130214,-0.0514676094127812,-0.0243090737326905,0.308277440953336,0.0482683885561321,0.180949109527356,-0.0250055030120704,-0.378465177919961,0.0164859171614541,0.128733238654461,0.424925231473922,0.372619073351706,0.239243397354354,-0.109899580099278,-0.0011921916365892,-0.119820917380704,-0.0005755444136801,0.0893297965512547,0.148395075324287,-0.220627527162247,-0.0784676259608789,0.0185897449570733,0.154796988315466,0.136598765465418,-0.0064010063280067,-0.132707555131829,0.0174426656502896,0.134301960585057,-0.0262372277917622,-0.0989464468776652,-0.0123660142837316,0.0698129474861562,-0.0681786651751449,-0.0121948396354611,0.0256734617913657,0.178131699387246,0.0186953980002326
1235.in,1235,1.00000000139018,-0.0158178024771119,0.0132680408758722,0.28982292963792,0.0809500404801637,0.14722775492703,0.0026808641645904,-0.364317871859569,0.0049183441233244,0.154155846365953,0.441940976360997,0.379358656810585,0.276226615567617,-0.121891610033032,-0.0209368939307308,-0.0969381369168802,-0.0016036723189074,0.0987486150710276,0.173408771360274,-0.220245804247701,-0.0703617302150022,-0.0028625702224116,0.153619318821402,0.149233953717607,0.0023133500729675,-0.131661720044197,0.0092210901110801,0.127388362541289,-0.0204629759267826,-0.0865719750601819,-0.0100636587351238,0.0811628533886615,-0.0702444032583692,-0.004969907406997,0.0308995621990742,0.186423061962958,0.0136894960851529
1236.in,1236,1.00000000130962,-0.13933994735724,0.0152835411990773,0.274459987491806,0.100917351354352,0.111537043134322,-0.0721277005531356,-0.409360427064641,0.0290818455897812,0.0884106147316748,0.442588068820431,0.387131321926373,0.285752746571569,-0.0923479663147526,-0.0483841358617943,-0.161797051421304,0.0147352705307476,0.068818846040205,0.174866495166813,-0.216942583929465,-0.104135712075283,0.0423748907968364,0.147240488363213,0.153805593022892,-0.0199957846096438,-0.129886254979596,0.0107759780897474,0.121666976313647,-0.0410588580247652,-0.120932950591122,-0.0114996441794861,0.0763790063745706,-0.0599673094573997,-0.0212997514749943,0.0362502722708525,0.196339156078282,0.0112512194491001
1237.in,1237,1.00000000096033,-0.0940366178270398,0.0674810160627469,0.2429524692468,0.154711358907649,0.0928802032702954,-0.0426224363797663,-0.393161597337532,0.023408976394395,0.112915502443371,0.451864272895914,0.407392767163739,0.325007981427434,-0.100568595578373,-0.0733466956863514,-0.137992110687341,0.0002858692910375,0.0748218406710455,0.206820077317315,-0.211111415848763,-0.0943272651967779,0.0287959604816892,0.14704622670778,0.170047101318234,-0.0120667150178997,-0.12614162716883,0.0021312739587957,0.10883883667357,-0.0338081709985326,-0.108274826948759,-0.0114940903538046,0.0914245752174053,-0.0636627241988028,-0.0187716178993684,0.0369741278592834,0.212683160236442,0.0062564100356546
1240.in,1240,1.00000000117095,-0.0509030573477682,-0.0526110354007099,0.0596601923499603,0.167078563669094,0.211806335324655,-0.0117087477974607,-0.434034338909359,0.01285555052303,0.142674148882732,0.244484780838229,0.226001617921523,0.249474747040503,-0.121500345374263,-0.15436904982955,-0.115924727979029,0.009048155455974,0.109995578394272,0.175214923683428,-0.157919571743265,-0.0986630960384788,0.0264364893305494,0.0360561065880672,0.112750899087673,-0.0241566931713841,-0.0612985070171066,0.0202458282037041,0.0577045326553544,-0.0226142597740219,-0.0975334831657476,-0.0098110438473121,0.0718884053507525,-0.0800927890001822,-0.0199871945059031,0.0140424780760531,0.0927176374451298,0.0230346832799015
1242.in,1242,1.00000000099017,-0.145519777456878,-0.010929825431356,0.0234545159917696,0.217104542251394,0.157488192022635,-0.0490744432051403,-0.464657464940633,0.0337361119291506,0.102940231490134,0.263597272130127,0.237421389847874,0.287501674327355,-0.09553793080265,-0.184125929000275,-0.16593419277164,0.0181464526513261,0.0876465732040478,0.204279144524865,-0.153086017358665,-0.12954624159293,0.0520031054722215,0.0377600769839811,0.132595104650944,-0.0405810064740542,-0.0553381814023098,0.0144284261922026,0.0471122234933417,-0.0373740455053349,-0.118137404618761,-0.0080371079094005,0.0846602287579263,-0.0696293179252584,-0.0296270562857426,0.024272960713627,0.112119134599339,0.0152181230596509
1246.in,1246,1.00000000079298,-0.0672893435494132,-0.110858607522176,0.0951845577103696,0.137410378434235,0.132755142262002,-0.0180329042389588,-0.43517775194308,0.0148944802123223,0.138987151143926,0.276371258438174,0.259403292242869,0.220384746747485,-0.114021853490408,-0.120980651467021,-0.128760117254441,0.0522044391253546,0.108115248237255,0.146020819215285,-0.174799973007978,-0.106128748967296,0.0314592755756189,0.0699224618232983,0.118672082030678,-0.0273999691593912,-0.076040937210969,0.0392078752010526,0.0779640930236411,-0.0237878975462156,-0.100425097425399,-0.0082876283560972,0.0551904942378273,-0.0773742661740395,-0.0224815813836183,0.0200986588352252,0.112906219438988,0.0147649134297561
1248.in,1248,1.00000000086195,-0.1356805931419,-0.0627941680669366,0.0700643005334541,0.196169288169626,0.0719990699278095,-0.0434267321817438,-0.459211867823402,0.0304825439944958,0.098958831915213,0.300450009519496,0.282172619739927,0.261094961726851,-0.10221342997236,-0.158840436245559,-0.159190990965016,0.068562259516811,0.0897353551986483,0.17468314717537,-0.173695256911855,-0.127597417532034,0.0515842144008479,0.0714240320927308,0.1357233214936,-0.0397063402297045,-0.0735853771095187,0.0316279552986725,0.0639704220535907,-0.0368882082155636,-0.116594672038508,-0.007178060618351,0.0675920121793171,-0.0714716741496411,-0.0303768392864227,0.031222941177738,0.131949170997879,0.0093988785120923
1250.in,1250,1.00000000101221,-0.220911513950183,-0.0195757190439619,0.0364198577480045,0.245214665365181,0.0187800651246392,-0.0992690689586244,-0.495130957545209,0.0504016027616072,0.060315724043025,0.319155932573083,0.304459212406741,0.310966001939557,-0.0775266396160475,-0.185850682320377,-0.212746150789465,0.0771274550176438,0.0675816139201585,0.201450912680551,-0.172684344772443,-0.145664719401918,0.0831704279330572,0.0660652415670698,0.152121275294246,-0.051587990356793,-0.0763660687845458,0.0272502667461557,0.0543518839017771,-0.0531045775271604,-0.140961965271792,-0.0093641617151391,0.0775236215402429,-0.0656670619142959,-0.0393014738271235,0.0409477650781346,0.152399532180762,-0.0020739584532799
1251.in,1251,1.00000000090435,-0.180849705451327,0.0128295749970608,0.0133940913276325,0.27592909112569,-0.0120547559448684,-0.0687355095471569,-0.471347569725992,0.0378446533066377,0.0834101465545526,0.348116309247035,0.316584439715825,0.337056158403532,-0.0841479252762452,-0.213307575928271,-0.194268976358274,0.0864777028955377,0.0838689453628765,0.223834400398856,-0.170679035171221,-0.136148224962557,0.0620015305714545,0.0690162939273223,0.161923889739082,-0.0464824214491193,-0.0758495513112086,0.0157013511875491,0.0456043417084694,-0.0447413736261561,-0.126815619924798,-0.0089025599301882,0.0840197826661559,-0.0689181353322844,-0.0301515199210411,0.0474556657429645,0.16807386387626,-0.0100732996586578
1253.in,1253,1.00000000104124,-0.0076999161269968,-0.123301972501108,0.139099549649914,0.147712671091394,0.0284103106413635,0.0206416726818283,-0.410065273806594,0.002198700236251,0.173179046647674,0.334863058355561,0.309267659616883,0.219499754985426,-0.1358458916805,-0.0993193945889376,-0.097972689520172,0.107361589962819,0.120983527058864,0.137110489157616,-0.192711744931071,-0.0885742148459817,0.0036104139039031,0.100713926628246,0.133993425748756,-0.0131574941166196,-0.094941795873009,0.052846389786967,0.0868235643296059,-0.013664917332013,-0.084969643964913,-0.0092481884641468,0.0558362558457154,-0.0822037436627624,-0.0112102001900041,0.037473164383209,0.142952599920919,0.0012005284137197
1255.in,1255,1.00000000107487,-0.0789062550015565,-0.103027189974595,0.109957916456694,0.195963530106477,-0.0313551744351131,-0.0277578690721244,-0.442190774237105,0.0228495106892295,0.125051784522109,0.354904114084473,0.333826903390345,0.2619208058412,-0.116227100575466,-0.151230691066691,-0.136485732212413,0.122985663571865,0.103511843246225,0.161639205571905,-0.191926060934305,-0.107508273112895,0.0379141582509866,0.10208158156795,0.146490622188743,-0.0309390784044426,-0.0971989553076598,0.0484691867706347,0.076876585272888,-0.0289338980514106,-0.104570966984807,-0.0097900578403353,0.0535628379346088,-0.0774789271950894,-0.0261181199503462,0.0418727496287177,0.159911438874857,-0.0064630333236694
1258.in,1258,1.00000000112733,-0.0521100640088889,0.0103381951233158,0.109324740486977,0.128274318184385,0.286924925155107,-0.0092012299250838,-0.43121369038085,0.0100594508066005,0.143088373699797,0.281721810555119,0.260599740541015,0.277023309003555,-0.120583668481695,-0.113668732573233,-0.119882791371201,-0.0366316086580952,0.11302048208305,0.20150798021754,-0.179455258694782,-0.102379602249332,0.0242545195677571,0.0709394191767365,0.115814778572361,-0.0238645800977149,-0.0794453474862144,0.0021478583546634,0.0788877887980399,-0.0231114164293029,-0.0964573138768301,-0.0089406157436418,0.0907343547905631,-0.0787569126300391,-0.0178131232202031,0.0074224051211348,0.109790599580551,0.0312463874329994
1259.in,1259,1.00000000093327,-0.0120152341232274,0.0317229358101386,0.0887570948091928,0.165830573593457,0.25491781456444,0.0135166341421933,-0.415145042454853,0.0031271566930827,0.166090473134366,0.297263132971495,0.270028222409645,0.293825079804889,-0.126707914124294,-0.141417673730365,-0.0986362930440238,-0.0297630959391439,0.123703386927478,0.213475604959535,-0.171990086388004,-0.0942335083409437,0.0106113595413094,0.0718713188822596,0.127067496695083,-0.0187570275628456,-0.0748909933874497,-0.0008789109699865,0.0710701470470644,-0.0160162281114456,-0.0848908027756052,-0.0091831296923708,0.0925459523069387,-0.0802839551388564,-0.0118962285087535,0.0100926451314145,0.12224811294494,0.0238748261639357
1260.in,1260,1.00000000109247,-0.140392901026878,0.0505222116291088,0.0773527560758174,0.184071493502612,0.23226616702624,-0.0500142280805774,-0.460146282395342,0.0309842784630064,0.10152111747026,0.305398904553927,0.281087334568711,0.314052864749614,-0.0983086382523452,-0.145013033495958,-0.168823514384525,-0.0267895534681316,0.0893922939310937,0.227891305268438,-0.176804643558952,-0.124418435834482,0.0534385121905504,0.0737712487478949,0.132041805730386,-0.0398006700987612,-0.0790949413362448,-0.005406367249355,0.0681225027181106,-0.0382329195493118,-0.11606483512037,-0.0086176276985695,0.0985077924090466,-0.0727877232994228,-0.0300866213243656,0.0144954449845646,0.128060526231067,0.0229688275469685
1265.in,1265,1.00000000095069,-0.006221297026788,-0.0216981687901115,0.132842684341769,0.15117757299263,0.174599551082994,0.0168856416681277,-0.411883678295545,0.0033636349933655,0.16280839122105,0.329771340982731,0.310824245316097,0.275157621061281,-0.137992371369389,-0.115297658905379,-0.0915569959276542,0.0129714603293113,0.12281078703908,0.192131312288738,-0.191867846370137,-0.0865875818306,0.0062625153615275,0.100945468510053,0.133043132075258,-0.0149796344320123,-0.0951723550179391,0.0160857395992693,0.084940313356331,-0.0144041566892689,-0.0843525775983962,-0.0070655528852442,0.0776914205817098,-0.0817550433072853,-0.0126682758684096,0.0209619609472327,0.143893182670982,0.0225793122868291
1266.in,1266,1.00000000091215,-0.144306212640483,-0.0089602645981998,0.125733938010038,0.169198304241224,0.150599384291652,-0.0508781593903652,-0.460602823921215,0.0303050771165332,0.101835163497419,0.3457528892022,0.322055681825819,0.288426730062206,-0.0966765923520526,-0.123289499048886,-0.169450381606926,0.020286437660823,0.0873361522587809,0.200595119656259,-0.191608820561056,-0.127370051437411,0.055014820792803,0.106044664756932,0.13965768782876,-0.0394540357352344,-0.0961231254667677,0.0134148395347582,0.0849930334829224,-0.0378090331508654,-0.118710362156617,-0.0098174183446845,0.083566406189718,-0.0717437525690283,-0.0312874161405734,0.0232283019453883,0.154112119740059,0.0137959904729955
1269.in,1269,1.00000000095578,-0.173328601971777,0.0629975967052514,0.0736456390746024,0.260397259882374,0.0769989958693047,-0.0682636985023647,-0.468135129905302,0.0395973283428945,0.0863030636906794,0.385128263481322,0.357599813460694,0.351838476342548,-0.0910503639177103,-0.184693366978302,-0.181973659658148,0.0261031674990911,0.0790073752625362,0.247487090872262,-0.19017552410168,-0.134021714657293,0.0662300559675455,0.0984036973550697,0.167706447918774,-0.0442783939820428,-0.0936653737289796,-0.0007705264107511,0.0653929131667985,-0.043836007304843,-0.126603423044298,-0.0102320862138163,0.0959591087476732,-0.069818229792398,-0.0375054821555214,0.0368654424635645,0.185401112174766,8.03860647340456e-06
1271.in,1271,1.00000000143958,-0.0052501461256209,-0.0905327099466076,0.189260009968779,0.121900022827615,0.104413078628315,0.0158732427209818,-0.421682891117534,0.0024405692765778,0.163829832481386,0.36768772761656,0.347777898937581,0.245373911460986,-0.133872144399929,-0.0792098121829787,-0.0893551647942828,0.0600324757468147,0.1265393937773,0.163072929213429,-0.211623203000244,-0.0861288801451846,0.0108204881260425,0.136574067823684,0.137576368307581,-0.0149708489457709,-0.112446994891728,0.0340968382396233,0.10608198231203,-0.0146627277530214,-0.0840596481696668,-0.0075328372815724,0.0614424065538204,-0.0815222520280755,-0.0137682532516907,0.0269748712678894,0.161495099985648,0.0098530953305563
1272.in,1272,1.00000000110846,-0.144035114200421,-0.0689103665736872,0.177626306815092,0.13404220701581,0.0791491884897636,-0.0508073775174775,-0.456763503534828,0.0249342357777327,0.105899364450363,0.392215093008276,0.354716965900488,0.259980837405781,-0.0949407712955907,-0.0891986845886237,-0.170506910227012,0.0754000814679498,0.091304273588208,0.171721825303573,-0.209902680582486,-0.126270249212343,0.0513967193233105,0.138249249435162,0.143227941037121,-0.0400342416193286,-0.115816617350745,0.0298850218541788,0.103627250071777,-0.0363443559601826,-0.117715297290459,-0.010387331077203,0.0671845076437173,-0.0720459585747925,-0.0289556071533305,0.0317908874381082,0.171620228311743,0.0024961379819972
1275.in,1275,1.00000000131625,-0.169177204151435,0.0133721357115155,0.10848375832136,0.235547951718812,-0.0126283306008239,-0.0610343858158123,-0.464593867471028,0.0337976759316955,0.09033960393337,0.419290643313639,0.392757922501467,0.332260818214648,-0.0900840124766683,-0.159837830944755,-0.179028326594897,0.0838039270765885,0.0820682087056997,0.223956261799353,-0.203930554832506,-0.134494047872849,0.0598472074389121,0.133999377592595,0.170745860914372,-0.0455842814147838,-0.1111630912979,0.0156047596665712,0.0794300932594267,-0.0404786958278256,-0.123228576085009,-0.0099509022360482,0.104618510200642,-0.070359822392848,-0.0332356538694741,0.041616136204166,0.208270250429854,-0.0081029044817387
1279.in,1279,1.00000000099994,-0.0774558059199178,0.129116947659125,0.109740372804639,0.201712167871331,0.264732414901102,-0.0281100671615945,-0.437738647855042,0.016314471384773,0.13161596085468,0.362241672655565,0.333173498888733,0.363903412284145,-0.111087957950874,-0.146978194365656,-0.140339612514405,-0.0653319946796103,0.103773599598392,0.272740866229802,-0.191041171555269,-0.110125258759115,0.0353939567100631,0.101766175966302,0.152000994921557,-0.0281738819249407,-0.0953933165759047,-0.0242446537543471,0.0814630358454787,-0.0283405437521574,-0.102891798170694,-0.0129801456161777,0.114611417429987,-0.0776147609411771,-0.0234102413458977,0.0120124168973523,0.165648634396852,0.022904068686046
1280.in,1280,1.00000000121241,-0.222780608765094,0.15561664170382,0.0956117266482282,0.219452000596169,0.252165783956355,-0.0942440978786414,-0.493439162569365,0.0483916221561473,0.0605663338350909,0.363943689034336,0.337234297749464,0.386264938016367,-0.0741100112023245,-0.162950215036656,-0.210108487680854,-0.0737209125034334,0.0659244168715233,0.292709224224865,-0.191802970470346,-0.149669961158785,0.0829468681786838,0.103137441504051,0.160819600781045,-0.052859925355187,-0.0917745694259426,-0.0286465318649693,0.0732551286580454,-0.0520551809767291,-0.138259598686124,-0.0092111563843274,0.124094550633514,-0.0637429381394697,-0.0385068540331458,0.0174202462905252,0.176595547334002,0.0203939575290568
1281.in,1281,1.00000000113664,-0.166321632345202,0.181724881430174,0.0772098321035958,0.25564501973462,0.237336799137494,-0.0706074671015772,-0.468604633480909,0.0388920680377154,0.083737658175462,0.382542546087245,0.358826223106481,0.410474259943482,-0.0884794029156416,-0.180149767836802,-0.184354215470134,-0.0762672897738381,0.0778400930514689,0.305856529822848,-0.191345350828882,-0.134591136001682,0.0616742032191416,0.103083224122571,0.167767653577582,-0.0430243042116799,-0.0960874407444559,-0.0376873202358687,0.064881517783153,-0.0444743905873888,-0.125707759820352,-0.0093096016351794,0.128980404744369,-0.0688182614235032,-0.034170764771899,0.0172612259806927,0.189481152583139,0.017200693088436
1282.in,1282,1.00000000082999,-0.0627564529862086,0.0058512300943952,0.204913012992277,0.0917331911210102,0.285975112799725,-8.31756271511602e-05,-0.426282393317075,0.0153874428770948,0.141541306225082,0.367986591832912,0.325972798351456,0.26506657496065,-0.116678727068605,-0.0636422703204227,-0.123752780204215,-0.0310942702110129,0.111449511955022,0.2014557810434,-0.209108841216476,-0.105377451524173,0.0214519986057249,0.135906625507208,0.123948418867795,-0.0254291775731462,-0.110367707468873,-0.0022331133892564,0.110569572870067,-0.0199928217559783,-0.0964731377878775,-0.0044220470320396,0.0912951139973828,-0.0778222308312892,-0.0194649628421871,0.0076285880476459,0.146358769899017,0.0303271059460175
1283.in,1283,1.00000000099698,-0.0115563714009772,0.0264301180465482,0.18542386247578,0.121605710958074,0.256252631753141,0.0129981992413259,-0.413334536878234,0.0083528587069449,0.16696883715521,0.37896429034544,0.347001818994801,0.291916691505214,-0.130652398068084,-0.0814611666773245,-0.0954757308946157,-0.0324694633287184,0.125721306223069,0.215246576116488,-0.210578361739241,-0.0864122955617706,0.0089925518461201,0.130767947961234,0.136208713001461,-0.0150870366575276,-0.112583061454198,-0.0007331496016431,0.105630146609685,-0.0164060804419088,-0.0837019026352369,-0.0079442651860304,0.0939203426841508,-0.0826822487053122,-0.0166393944303035,0.0130535155164681,0.163260271106864,0.0242316262717239
1284.in,1284,1.00000000113604,-0.144936233765838,0.0481555028181356,0.172606267575378,0.142276010571056,0.229933299951861,-0.0471642508283387,-0.459343472003001,0.031405912021745,0.10264842144331,0.384182875426775,0.352522967237024,0.308751409948075,-0.0931904221038886,-0.0972651684949805,-0.168607403791376,-0.0287112396630838,0.0891565360934413,0.229930047439153,-0.210230613439071,-0.126915524992321,0.0571428105763579,0.136550507259005,0.145174411487615,-0.0406525290497113,-0.111032471469775,-0.0042867180029741,0.104278230577137,-0.036610374864026,-0.117580473898939,-0.0095454831426612,0.0983800055715155,-0.0714316204070613,-0.0304905087880027,0.0137861019079169,0.17298892696568,0.0212786033466028
1285.in,1285,1.00000000105573,-0.0836714563752436,0.0718454375750841,0.145786818003222,0.176505851901666,0.190601862441533,-0.0162390292548361,-0.438526615512873,0.0151238727522873,0.13323998198035,0.401101679891339,0.362466222787739,0.339553021661912,-0.116340359344415,-0.106030123238648,-0.142882095638604,-0.0153026229825819,0.104537304077425,0.248503052795665,-0.209495739163529,-0.109694332217003,0.0298744785183142,0.139366620497709,0.150540653864549,-0.0291213298637243,-0.114581197311523,-0.012877983998292,0.0923761873631088,-0.0272550134048161,-0.104200651707009,-0.0051674139161951,0.106084626188802,-0.0768219300119269,-0.0254312057353946,0.0226468405997356,0.179161067405458,0.0183293040716024
1288.in,1288,1.00000000127751,-0.0605529674385901,-0.0480790051439705,0.269896485261337,0.0522712799771901,0.210912838690287,-0.0087575235671786,-0.435753125264362,0.0150014995359105,0.142090565655584,0.402604841444555,0.365865436328694,0.254056185482862,-0.11445655746495,-0.0186952488527594,-0.12973474243175,0.0067609263891663,0.110269218215882,0.179248999847488,-0.230464317584037,-0.101762728456712,0.0278217940354311,0.172031161066618,0.133976161599522,-0.0248419071876633,-0.131323473709937,0.0208237041506927,0.137589162298974,-0.0256392651725456,-0.0945939924571166,-0.0095428254127404,0.0751909661321235,-0.0762261585668012,-0.0178665435315261,0.0173765540161359,0.1690694433999,0.0204611732821135
1291.in,1291,1.00000000107979,-0.0894740809802866,0.0163969198570124,0.216651484134505,0.142535834299042,0.122618262224116,-0.023648580159642,-0.443658870605162,0.0214498390653232,0.125692899121535,0.440027508990758,0.406690646871771,0.316440071616697,-0.114077693085453,-0.084616477808515,-0.137284848047,0.0232718049915577,0.102134756381382,0.223074424201964,-0.230895141867148,-0.109693271294574,0.0377727597301949,0.168316341175397,0.159846004945092,-0.0301328331130067,-0.13149263238841,0.0079398765723638,0.115525252676007,-0.0293531928296605,-0.103177347531855,-0.008727616003783,0.0862649179343937,-0.0766449479300942,-0.0237820468365648,0.027603832785512,0.19996201461405,0.0109646427350876
1293.in,1293,1.0000000011782,-0.174317303858199,0.0559245483229916,0.176175501742559,0.200233033392913,0.0639259515790713,-0.065547075983707,-0.474586829683294,0.0370115510015727,0.0932678107785461,0.460358401481334,0.424037206381684,0.354794184321021,-0.0897128450983931,-0.120522081943816,-0.185389606903322,0.0311461409072411,0.0808041452387783,0.248087890446756,-0.22686464424148,-0.135444537824433,0.0639488205449458,0.168628878142588,0.177625915783263,-0.0434987580230338,-0.129310503281503,0.00341922083032,0.103508396721276,-0.0433935272034659,-0.124137769724177,-0.0113193961855353,0.0977081898594969,-0.0705655358050438,-0.0343186514063215,0.0387461725799264,0.223760486491358,-0.0042355188226038
1294.in,1294,1.00000000137577,-0.029628017811893,0.0153356807280779,0.124828564061628,0.125380572656322,0.134236167900203,-0.124086085633722,-0.362557311355372,0.0052142399845108,0.127939438965664,0.253237447320018,0.237173736177647,0.321989964642169,-0.103688166869412,-0.0811591917984438,-0.146478704203143,-0.0274302502694086,0.0552501070419958,0.106379265306565,-0.139574394124396,-0.0226431468302282,0.0026542285928091,-0.0585726204327403,0.142048723148258,0.0449852348344537,-0.0701091151694782,0.030551391094646,0.0607777625171311,-0.0522713519300543,-0.12222910040162,-0.0287581159525248,0.0716746496988184,-0.055018388531477,0.0177091866183589,0.0572867854276777,0.117155289367327,0.0050862040520059
1295.in,1295,1.00000000119254,0.0269163471688002,0.0352377037030326,0.11551461494342,0.153661317148125,0.116319617297152,-0.0838166725033548,-0.334922731462569,-0.0024508660277726,0.156028223279224,0.262970874720173,0.248983835104406,0.345351721179992,-0.114203389830206,-0.0990068533075317,-0.109968096430121,-0.0289971385762372,0.0705994631391421,0.122388405265588,-0.139833571989865,-0.0044154875812064,-0.0187271621283749,-0.0587040145891677,0.151904441791388,0.0562870575975106,-0.0709652802373215,0.0277481451053665,0.0546178177759839,-0.0414079854961621,-0.105694431546178,-0.0266697530680481,0.0768776055297843,-0.0601640624369428,0.023617809397338,0.0609328744887568,0.130690569439132,0.0044067538491001
1296.in,1296,1.00000000128787,-0.108899572112036,0.0606559998888991,0.0966039133736895,0.179067584859269,0.0861576329141094,-0.157672697238151,-0.391355008188986,0.0235413592950052,0.0922434784634074,0.275417398165658,0.25579191498854,0.361196412375448,-0.0831149487806426,-0.107849596575686,-0.186904035753975,-0.0242527483095231,0.0342500117213023,0.14067729658338,-0.138889976298729,-0.0424024099826196,0.0266932177492398,-0.0520017098185634,0.161993411502185,0.0326081587389109,-0.0694304569021561,0.0233600954263627,0.0505271154826913,-0.0663300846355463,-0.139891717021111,-0.0281473418482877,0.0862611666301521,-0.0466830007828417,0.0082527030951057,0.0669078246074405,0.140311114452408,-0.0022373268870048
1297.in,1297,1.00000000130612,-0.0610805459211446,0.0914811158542607,0.0706904177121512,0.208021421446611,0.0476593980496661,-0.138783337702759,-0.374043182087277,0.0120992458127072,0.109833728068581,0.285208653846587,0.273999229382363,0.39037142523401,-0.0964536976897619,-0.138153553982381,-0.161377644389786,-0.0160664085481756,0.0493583652333311,0.156049611365723,-0.136322126859744,-0.0323964489995685,0.0112011255620753,-0.0573706935679373,0.169122394044738,0.0396387545607351,-0.0685505833365233,0.0177010545109725,0.0435103696901017,-0.0559085518081198,-0.130843797975471,-0.0270211240636835,0.0893193534693225,-0.051645435852385,0.0146586285834342,0.0729244258067431,0.154543590740228,-0.0059363095926698
1299.in,1299,1.00000000125656,-0.142115207785941,0.137043387763149,0.0501162136919004,0.263462326180147,0.0085466169209749,-0.17276617655969,-0.403360827235444,0.0314112581212483,0.0735611297650775,0.317348565868374,0.2902304126842,0.431599166984093,-0.0755145655879258,-0.171259603597428,-0.205018443711101,-0.017069219796595,0.0247558746881482,0.187904107506243,-0.136223432380408,-0.0573894394830999,0.0368557188252916,-0.0548956285715812,0.191098862449134,0.0281502133575166,-0.0677540294466332,0.0075261704999871,0.0328551584893037,-0.0723655031878816,-0.15083542992559,-0.0258652523293636,0.0996572635996341,-0.0452941611431733,0.0028231095518604,0.0788646346185062,0.176150763522234,-0.0135003362085281
1301.in,1301,1.00000000078005,0.0225755424866257,-0.0208581872680482,0.16745468897947,0.134698928452192,0.0230668027776411,-0.0892655985851145,-0.343254157052888,-0.0035747596476514,0.154751694236606,0.312169700103403,0.285840832234996,0.315894713273502,-0.122018338882218,-0.0725944395761482,-0.111789645917559,0.0245642140108527,0.0685136191135037,0.0954762821044721,-0.158986400584512,-0.0086265728803379,-0.0182595422858422,-0.0257260808982942,0.15990927968056,0.0558920926823009,-0.0867558805334834,0.0457623030275862,0.0740566791673363,-0.0427935217361543,-0.109517995543732,-0.0263965842987103,0.0610262108342386,-0.0582271112538355,0.0234605733879884,0.0709165049899136,0.148669478996787,-0.0042574159860391
1305.in,1305,1.00000000067092,-0.13930133224787,0.0723979132357066,0.0886394856232653,0.228723761966966,-0.0721470164536151,-0.174082164912909,-0.400169095334812,0.0280062819839108,0.0759944561494369,0.354578089158509,0.330243039526596,0.408427952520991,-0.0787501701895739,-0.140730099229831,-0.202312081880832,0.0370246112502384,0.0257195535880787,0.157845119318888,-0.151825883285721,-0.0521783703497707,0.0350840314287706,-0.024330453008327,0.192079425966883,0.0246239159401799,-0.0874766185522503,0.024927222648319,0.0492472895157657,-0.0716295823302855,-0.146541879697219,-0.025745942075438,0.0815122420957918,-0.0437916446284771,0.0061381290318087,0.0865430626521638,0.193331257679768,-0.0226322896588308
1306.in,1306,1.00000000116994,-0.0225715834475833,-0.107957837598052,0.240834545756225,0.0749437910515887,-0.0071060360379647,-0.115000690198163,-0.354169911687589,0.0089647134929884,0.130579581130851,0.347166254389067,0.309635928871043,0.262662080192098,-0.111624562756076,-0.016745820582369,-0.141135670002856,0.0608615543884695,0.0555132504663489,0.0482539928667656,-0.175109356814777,-0.0184877569683647,-0.0003801805339546,0.0078285691128762,0.153388564966793,0.0490817838466152,-0.107345194617142,0.0650860750155235,0.097212369589043,-0.0545877890575235,-0.120082882193983,-0.0293837619994426,0.0399137532935463,-0.0531628857865217,0.0148484391304588,0.0714415564149752,0.156060546918205,-0.0080841331493888
1308.in,1308,1.00000000141914,-0.104850771417933,-0.0433078634117727,0.197454723907729,0.12556968484435,-0.0665347330546055,-0.156053531382911,-0.384191553242939,0.0178691021207461,0.0948801061017101,0.360464651530584,0.333312610938118,0.312614255230776,-0.0843863960245488,-0.0511086092518622,-0.184901762882832,0.07561607480395,0.0386404387683324,0.0840850079611884,-0.173673391401887,-0.0434797844929361,0.0223419217264662,0.0116742391304013,0.168688378167032,0.0334557862715517,-0.106232098223297,0.054031154105971,0.0877676895148326,-0.0617986633579989,-0.136642870248959,-0.0280257401555766,0.0528620728814742,-0.0505231672997796,0.0084516345307895,0.0815438205148625,0.17796842974476,-0.019297589644813
1309.in,1309,1.00000000094131,-0.0708317269176971,-0.0287238133274889,0.180790690637586,0.162135554454899,-0.0977895216992282,-0.131852086871237,-0.372928141144986,0.0135476111863476,0.114917022660807,0.377453273535411,0.338616344770745,0.328607474726781,-0.0946212982566551,-0.082381416506636,-0.159407575993625,0.0766498207478335,0.0474855561256479,0.101205774041929,-0.173931803985715,-0.0397524247110449,0.0064822046821064,0.0101497889382191,0.180030130112719,0.0411841754823784,-0.103467982477049,0.0513801739692603,0.0796698486630225,-0.0570699684193568,-0.128485025444411,-0.0240674302683592,0.059213823054592,-0.0514226318024339,0.0149811396328417,0.0852088455052528,0.189091525602419,-0.0217671267427307
1310.in,1310,1.00000000092699,-0.200725630477169,-0.0131428643499165,0.173955792637367,0.1879247308284,-0.12697184370951,-0.196290409451031,-0.420581881813877,0.0452178869238453,0.0474874031770911,0.383534341344699,0.352437571559047,0.349875690244654,-0.0652514618792081,-0.0891257667584498,-0.229657395337363,0.0773298011156338,0.0077129780888066,0.115382510726921,-0.171481184391665,-0.072713964445929,0.0545585688939759,0.0134786495164361,0.188510297358784,0.0165235635373396,-0.103976211715803,0.0493219832595599,0.0755350074902106,-0.081209917745938,-0.164398831374684,-0.0252197035553963,0.0616210564162521,-0.0403368562681864,-0.0049912006518706,0.0899954989856321,0.196799724450119,-0.0246232028568095
1311.in,1311,1.00000000123646,-0.150539619365336,0.018368869754288,0.144865548920752,0.220924299609865,-0.157787943593896,-0.177217496134588,-0.405905063357584,0.0358269386294713,0.0685159554669804,0.386430343675343,0.372448688835461,0.378815846165345,-0.0785848800845223,-0.11661979142389,-0.204112917203839,0.0839348006377243,0.0200520098795921,0.129837373178869,-0.171786517367473,-0.0603092682528043,0.0414538158642363,0.0094682498985462,0.200437983003056,0.0248520207606007,-0.10358096928307,0.0475851657381492,0.0643856360560478,-0.0743179430596471,-0.156996911868279,-0.0264055390845229,0.0683216565888916,-0.0445499592691401,-0.0011092147463817,0.0944477933848018,0.213683212236454,-0.0268879105686591
1312.in,1312,1.00000000128372,-0.0222078135705804,0.0806160373371456,0.18207220563194,0.0982194388703428,0.216586563953122,-0.1100383265826,-0.360721507254797,0.0080474773847439,0.130551154266886,0.290761146994983,0.270444403505948,0.346676413193921,-0.107317560832634,-0.0392077301607752,-0.137768381133573,-0.082199202961634,0.0571934660951164,0.139807435533668,-0.159048969900723,-0.0233163184286852,-0.0026749779859942,-0.0216189411349781,0.147905649420523,0.0465234283429594,-0.0883201476628635,0.0102570892740355,0.0823287959232393,-0.0520596911060424,-0.117668198248445,-0.0251702987689887,0.0898903714078416,-0.0529113994368085,0.0199962702142563,0.0493897812258194,0.134872484458691,0.0162159788442168
1314.in,1314,1.00000000126697,-0.108247680748839,0.128067047309343,0.156339117860854,0.156505049130399,0.166118765178188,-0.152031161224031,-0.380736343904068,0.0170966653265611,0.0971243977410243,0.321570497719446,0.295193019682577,0.386333457972753,-0.0873377393466229,-0.0890451652183897,-0.179837096095885,-0.0774662953603609,0.0362298895352999,0.165890297721697,-0.156836223072321,-0.0454218706738537,0.0250033983894438,-0.0178774655872287,0.165707161695298,0.0360145783551416,-0.0878812954552204,0.0017290994666219,0.0706889976309017,-0.0611018379145092,-0.13857205729274,-0.0253007609484955,0.0987433931142785,-0.0460753999616746,0.0111128987932898,0.0577846405841406,0.163963049867672,0.004636673212607
1315.in,1315,1.00000000110966,-0.0551311527491776,0.134098795049034,0.13144230501625,0.18376227533138,0.129158670773689,-0.134633436827041,-0.365693218050878,0.0115135869319677,0.118692683228819,0.334151215828406,0.308085616390424,0.407869254608811,-0.0957754939442406,-0.102657186651979,-0.156091206344958,-0.0684297947854612,0.0471178683933399,0.181856944047142,-0.153571682436734,-0.0317706370190979,0.0075608466591979,-0.0197405157022878,0.174130590844254,0.0419223025791837,-0.087590833377928,-0.0017563705802603,0.0612533193734817,-0.0563657920518701,-0.12846118665648,-0.0275593753739217,0.102107087444908,-0.0508633920078223,0.013781793030673,0.061034830946003,0.170356068897473,0.0013231031091212
1317.in,1317,1.00000000091763,-0.146141197206457,0.172553238740071,0.0910220541050716,0.237946375090448,0.0754292832208066,-0.179732505856014,-0.403274929210224,0.0315442604182353,0.0672279518089397,0.345497592030806,0.327346690822469,0.456423101410466,-0.0765212565063267,-0.14686621256157,-0.206718880712648,-0.0622873766755763,0.02504918514947,0.2153637419488,-0.150630943134847,-0.0545714017070441,0.0429309015404617,-0.0249680029268976,0.192676416343687,0.0243603810922852,-0.0857485323861191,-0.0087247455884226,0.0486643332528373,-0.0733270746369746,-0.151953948081289,-0.0273346976489618,0.11332226283119,-0.0442341740379519,0.0050062590871232,0.0677703141129629,0.193802188795371,-0.0062035239985859
1318.in,1318,1.00000000115862,-0.0166016278034869,0.0154845030680912,0.234616692291003,0.073173088485643,0.12887674509825,-0.115277778071354,-0.353877833269191,0.0013229189985741,0.131643816988193,0.338625388623917,0.305461664726781,0.319968004904916,-0.105512881155794,-0.0088588446544973,-0.138675297555259,-0.0283902745053595,0.0594249247077666,0.109383447972698,-0.178411781155459,-0.0204694965750142,-0.0063065809300238,0.0148842939115459,0.152659977515498,0.048501341665895,-0.107960369682847,0.0299777300479031,0.100196180437754,-0.0519362708108801,-0.116950261101553,-0.0262085217859328,0.0739102992024428,-0.0545303211282924,0.0195375504742253,0.0586039614715172,0.152481487801594,0.0049658324829408
1319.in,1319,1.00000000115097,0.020703734070665,0.0460760069847857,0.223744927678951,0.103238864955331,0.102981152516524,-0.0933430792204804,-0.345390441555684,-0.0037714422977064,0.151366270448746,0.351686298125353,0.321145461207463,0.348071869579991,-0.117983662463479,-0.0397574751754177,-0.11730324271535,-0.029703423021783,0.0683141842979431,0.130981122902342,-0.175946106835913,-0.0087808086287518,-0.0153748697370778,0.0081229859926573,0.163527860934406,0.0547186053848299,-0.105264832849209,0.0241556927529785,0.0936815672103663,-0.0461626268863767,-0.108732682900494,-0.0271467830214421,0.0782106442033606,-0.0573974431445207,0.0239911616425591,0.0644144853235245,0.169153156316049,0.0011215987520314
1320.in,1320,1.00000000133095,-0.117566828365821,0.060341007822922,0.195243273412598,0.129418204522887,0.0797895603742931,-0.15765538454523,-0.394902879209152,0.0248151210043075,0.0893627449160563,0.351709975856342,0.330986523503715,0.363494234637963,-0.0852407753376665,-0.0494676493544195,-0.18869752670317,-0.0254017596597257,0.0299854411081138,0.140328164125287,-0.171825622847618,-0.0449242534805531,0.0268967489074232,0.0082616672972366,0.170294405195694,0.0315421540491324,-0.104135972117781,0.0227873691444418,0.0840600936140953,-0.0673481540337562,-0.142083228764034,-0.0279391315019721,0.0838481700494797,-0.0465969278581108,0.0070488462911548,0.0681125323692001,0.174832622980671,-0.0009941220389315
1328.in,1328,1.00000000113861,-0.191382904961697,0.0386905829173338,0.231342041773683,0.154424843718332,-0.0527075614053793,-0.204508571933522,-0.419934707562283,0.0445122575933017,0.0433640093300156,0.422234861292919,0.392111344932267,0.379633711694005,-0.0653321990318517,-0.0633504482413755,-0.234232249661118,0.03174821484611,0.0085442225246214,0.13802983641554,-0.192662644118577,-0.0698630039221319,0.0570593775010589,0.0404932083288914,0.194224385792934,0.0186593678812472,-0.123470079227213,0.0313689095097052,0.094158158275764,-0.0844746164376699,-0.167380240789784,-0.0248290395737699,0.0738254110639666,-0.0397551735803223,-0.0036188316601726,0.0809590784001702,0.218940728720763,-0.0144328266520638
1329.in,1329,1.00000000097399,-0.142342590284619,0.071448840029647,0.199303972200551,0.187119663062979,-0.0837702515854162,-0.170398559493771,-0.404681042619336,0.0342886077899765,0.0695428923439576,0.42992639190783,0.408663021412898,0.403508696413089,-0.0799202478776138,-0.0795382841870429,-0.199983625724665,0.0350391245875483,0.0231920466579313,0.158443278521063,-0.191558751288426,-0.0563235831113631,0.0381188327119665,0.0464933748058147,0.202635514315961,0.0259745321102227,-0.12328368630634,0.026905482592323,0.0858403803594395,-0.0721863807451971,-0.149879706914101,-0.0245848692859287,0.0807067266605297,-0.0440175659959053,0.0033610648965322,0.0866627353905006,0.230148744866502,-0.0195244170144895
1333.in,1333,1.00000000091023,-0.0592990148134536,0.191168873772545,0.185407340199119,0.16300877061966,0.202873361220619,-0.139708119718956,-0.375571247043644,0.0150905538863288,0.115174941191281,0.367805722516754,0.34297479583577,0.435620290846783,-0.0914438375611001,-0.0850057925807993,-0.15635199794516,-0.115597799302041,0.0450885210084717,0.210943213124857,-0.171117785887344,-0.0326656989243961,0.0135452620878069,0.0079148221958613,0.182571278073921,0.0426148688258914,-0.102908832644029,-0.0157917697032079,0.0764466049761155,-0.0581762372285864,-0.13019710255103,-0.0264906073567315,0.116790244270377,-0.0525798845778759,0.0147451619206085,0.0544989306489925,0.193431178763761,0.0085837945230838
1335.in,1335,1.0000000012205,-0.134808909594864,0.245504013152434,0.152189302458225,0.204259283135118,0.153996106352739,-0.180254599594027,-0.403759267945676,0.0281329037830448,0.0737347266867609,0.395474391024798,0.367864475747223,0.486927159634967,-0.0729478284885039,-0.115261954708613,-0.205460013979786,-0.108523428604092,0.0276611987484544,0.244258068702872,-0.174860861377635,-0.0529282162128624,0.0386921831356639,0.007565049926448,0.199784618834804,0.0263441795286641,-0.104548114160171,-0.0269262142036164,0.0721851025732197,-0.071416372275857,-0.148777086584639,-0.0274465975113879,0.128674143395999,-0.0450320017551187,0.0070665053821952,0.0632493987145112,0.21666810630567,4.710697422258e-05
1337.in,1337,1.00000000084056,0.0345067485742128,0.093788765026566,0.276139568436963,0.076650023534074,0.177108200051078,-0.0920402875379085,-0.344582277009176,-0.0048249522670391,0.152151999532043,0.385095546791505,0.356852999578105,0.371394121115503,-0.125144866780163,-0.0070908814848416,-0.110509566698999,-0.0791172577664839,0.071033354778891,0.15760475840986,-0.198417318931143,-0.0075770305877999,-0.0171442617511567,0.045512725959709,0.168639409683984,0.0543287692078205,-0.124018036694914,0.0103258364285888,0.109319764904919,-0.0431552854728273,-0.105895645259152,-0.0253703425781669,0.0887973258175237,-0.0567450123338994,0.024087238102233,0.0552795719658324,0.186364183074938,0.0108989451815646
1338.in,1338,1.00000000091555,-0.115843382888813,0.10072761787295,0.271663449499367,0.0976404038953815,0.148881906795016,-0.159187489142609,-0.393120823398355,0.0298592526151313,0.0845668091662269,0.397704919941068,0.362357199977799,0.383274201189527,-0.0885609253911943,-0.0180996991917613,-0.185716832383041,-0.0722180095868888,0.0310199516399014,0.166245661970452,-0.195508176317909,-0.046012441683,0.029346937438551,0.0443146856995731,0.173787286563394,0.0323738543624576,-0.122340119809658,0.006561380776375,0.107817861489396,-0.0679689914225597,-0.140436190499301,-0.0253749389138908,0.0921924921164155,-0.0465879342292244,0.0056954033334534,0.0602202197213177,0.191285916749084,0.0088952265279591
1340.in,1340,1.0000000010265,-0.199053667917306,0.16142109505892,0.21312883453696,0.15803727702919,0.106736373621441,-0.205826084746816,-0.422211785371524,0.0431491370355389,0.0400124081786318,0.415691479581741,0.39441619821645,0.427940157684331,-0.0578530237312258,-0.0642668900996651,-0.232246217256683,-0.0640187192759349,0.0107744016701337,0.194373022051705,-0.190850230508158,-0.0714583778644731,0.0576942765099252,0.0453723938135383,0.189430247783162,0.01546980140277,-0.124192389061889,-0.0073443142473557,0.0913245413071242,-0.0835988086562605,-0.163632888666945,-0.0249217310542347,0.105866790163384,-0.0407860505685142,-0.0006758696869658,0.0618627502613795,0.21888646518352,-0.0016945099679394
1341.in,1341,1.00000000125336,-0.152974441742436,0.181660581940679,0.201113396934412,0.190732122808986,0.068897823391263,-0.180658823744783,-0.407820917238018,0.0354416793439185,0.0684018063929136,0.432677441474934,0.398911232785219,0.457336622058088,-0.0778689297987779,-0.0852660129569524,-0.205326110011269,-0.062994946509459,0.0216503636873737,0.216370111427694,-0.191846915742253,-0.0573602048689247,0.04033518649774,0.0374654769224325,0.20366085334521,0.0261891172697163,-0.121598057779658,-0.0089347958452874,0.0866458503694149,-0.0755174183030154,-0.152681333565551,-0.026093185157139,0.110672175826426,-0.0446737770973338,0.0012854668627344,0.0730547653682546,0.227779043017932,-0.0049765575420759
1343.in,1343,1.00000000139737,0.0307836601835835,0.0282170487304488,0.33594484263665,0.0435213219735917,0.0893610919967569,-0.0844486589831816,-0.340141637996931,-0.0063722726035126,0.154610944442957,0.435830829731187,0.394895265637071,0.34192534810107,-0.120337626471135,0.0287808055432426,-0.105903000985791,-0.0203403635009925,0.0714008166325385,0.12424441875077,-0.218800652550583,-0.0060191712406819,-0.0210217805979098,0.0778510543750924,0.174845539742903,0.0555954149191092,-0.140990623538795,0.0286316169264909,0.132329113723325,-0.0430248857185967,-0.103917947424668,-0.0254984145896059,0.0766691464211614,-0.0575441096332992,0.0262266257332445,0.0644795725993568,0.205742743614508,0.0023631324236354
1344.in,1344,1.00000000110652,-0.11057074918439,0.0480471072826972,0.304374832708683,0.0785087432472986,0.0729950139881293,-0.152034959076228,-0.390428983374874,0.0230963187960687,0.0908896213741337,0.435186707544239,0.401118499857392,0.354321120436247,-0.0887216968900281,0.0024565074447373,-0.186200665556882,-0.0211081381372395,0.0345891648330145,0.139430935255459,-0.210344908147863,-0.0455361794277974,0.031464671378237,0.0736255073758981,0.178005912481656,0.030672785059526,-0.139281139787829,0.0253171350049377,0.121824145592724,-0.0657427437656089,-0.141602918866147,-0.0275563120249196,0.079920177349037,-0.0492420421969022,0.0033314840868792,0.0655451529789753,0.213413728407213,0.0001068988567214
1346.in,1346,1.00000000091569,-0.197670741596059,0.0916783494178916,0.269178854813805,0.12265001668878,0.0227770483263659,-0.205741659657635,-0.43221790519257,0.0409317221192505,0.0421248984210552,0.458243954799862,0.419823539533584,0.401836141177482,-0.0591253374784832,-0.0282458519477154,-0.238985127613418,-0.0118119622632423,0.0113021518899335,0.165216692368504,-0.210285446713502,-0.0729693069682919,0.0553278879493126,0.0754474638561473,0.193971052764307,0.0161490785750815,-0.139524859556036,0.0177365813648168,0.110501369673551,-0.0833571339473665,-0.164626946575884,-0.0290392062684887,0.0919866327455887,-0.0395205308998421,-0.0026419509259087,0.0769505675714838,0.238156947194339,-0.0129121758022876
1347.in,1347,1.00000000085393,-0.140577355848627,0.126098818959288,0.247119501954139,0.157797581110826,-0.0031832170575569,-0.175375858339063,-0.398339855605128,0.0274311556955853,0.0798718314223779,0.47784049441304,0.441655848975678,0.428447725810894,-0.0738110212492525,-0.0512673229276427,-0.206926611174145,-0.0085868019422419,0.0266040116183711,0.181802917080241,-0.206894770960952,-0.0553489148898068,0.0345558272927352,0.0750178834585215,0.205198540805301,0.0279971206392494,-0.142516802582249,0.0093219505321294,0.104798304968832,-0.0710032694934235,-0.148853693381704,-0.0275511550259387,0.0992602880317667,-0.0454630727610267,0.0071182275626858,0.0794152856705128,0.254197302941847,-0.0193545825551412
1348.in,1348,1.00000000123772,-0.0229807826620106,-0.0217433916169506,0.0898505306142724,0.129476573230613,0.167562811889241,-0.101121621905353,-0.411710240113761,0.0015651303547146,0.143795745503052,0.234334568589769,0.237616577848801,0.314931678721024,-0.119082732156717,-0.0955087786598459,-0.137349616825174,-0.0150116671251901,0.0852264016080206,0.126342806034573,-0.152298768469506,-0.0398834462029007,0.0065177445786241,-0.038112686507892,0.134601208772774,0.029950413968208,-0.0715298517062016,0.0357645913236918,0.0627580600333467,-0.0456607441305908,-0.116313418393625,-0.0229685362307917,0.0725208113804639,-0.0664518954431822,0.0111687852655422,0.0488242899634724,0.109800871304527,0.0131682433334721
1350.in,1350,1.00000000121167,-0.110468091733362,0.0172920094475003,0.0601806430675736,0.181079933369289,0.117273054570243,-0.137181154753927,-0.436577112297534,0.0224197154055099,0.0992167175654596,0.263436450321651,0.251361925482233,0.348574824538727,-0.0946027120712418,-0.135102536280341,-0.190132169461539,-0.0026014473182727,0.0600594807983066,0.15728795000137,-0.150448405856379,-0.0687072664313553,0.0330677233752712,-0.036677542731876,0.152685692322654,0.0129267467095259,-0.0706164757754924,0.0269469736873247,0.051939623329166,-0.0600987118396739,-0.141168287756994,-0.021742360219943,0.0810522365082938,-0.0596917096789435,0.0016789645941908,0.05574656739835,0.131958750591947,0.0026881123872706
1353.in,1353,1.00000000088807,-0.135368091347403,0.0907114346212277,0.002524464009775,0.279116517587905,0.025511747025854,-0.155479605740094,-0.44965235470894,0.0302100945508415,0.0917825184515816,0.290476050700191,0.290201021015458,0.425090365136213,-0.0915173866985408,-0.195183579459962,-0.200413029487143,0.0039028844110815,0.0523505714470876,0.205063379188732,-0.144762907432044,-0.0744256390617685,0.0461753211702985,-0.0412245308482118,0.182918825173289,0.010140300551978,-0.0680228252073534,0.0153397842396615,0.0306220158293849,-0.0645419182081891,-0.144873251759672,-0.0248131297362869,0.0970467133867461,-0.0579369493596995,-0.0042880624612183,0.0700532840500348,0.161539886231684,-0.0105561300507649
1354.in,1354,1.00000000104511,-0.0231103741396659,-0.0831466172389603,0.151429983705805,0.102437599162645,0.0884839161761632,-0.0929321666335809,-0.408891035077238,0.0052108183009775,0.145443909243346,0.279579748130661,0.272854503900651,0.282666520131962,-0.115234447874902,-0.0676575679044999,-0.140639559749461,0.0386498350347611,0.0843551333165204,0.0982895524943145,-0.174236173690277,-0.0456451071901425,0.0089050231107378,-0.0015578369433241,0.139013646591865,0.0297569821130497,-0.089917832015461,0.0542194187099236,0.0835842347801068,-0.0447190418657202,-0.115542537433522,-0.0219036179888059,0.0561046602554362,-0.0673570140078713,0.0090787147195287,0.0536892381572098,0.128327793674063,0.0060299105682105
1360.in,1360,1.00000000116546,-0.0227540934217886,-0.128823065050402,0.1987766951776,0.0810635009437021,0.010092137203832,-0.0999619435879242,-0.411478781990256,0.0068414622419182,0.142816374922848,0.322045896366749,0.316367930228867,0.272111849072571,-0.12225242722056,-0.0350375565221949,-0.138991327529615,0.0806919666553607,0.0804958086113277,0.0754642566392288,-0.191584467279407,-0.037646122450726,0.0078397724038635,0.0267024436918731,0.148024549713679,0.0310250339502443,-0.10793855588411,0.0697151557997704,0.0995985500084841,-0.0462071622047878,-0.118636804377049,-0.0238038921986387,0.0441996250897824,-0.0660436927417239,0.0103773657813883,0.0652805124327863,0.147982597635116,-0.0024423539092249
1366.in,1366,1.0000000011984,-0.0152912846942258,0.0339481576219551,0.154698429935495,0.0994671734541856,0.245225940971233,-0.0942895823511518,-0.40824389171339,0.0029951095937126,0.146496715395858,0.286433024719895,0.273890987755843,0.339124701241729,-0.117040957212755,-0.0665593290844854,-0.136033730279347,-0.0599765867979357,0.0834186085568791,0.155375795967957,-0.172839272545358,-0.0400426702463748,0.0062814139629371,-0.0034015860468273,0.141593355090166,0.0315074631421513,-0.0880787765301421,0.0162154289974992,0.0842747043472625,-0.0454829416041982,-0.114589564522761,-0.0237181687090824,0.0867267206864591,-0.066162607520908,0.0146317538421414,0.0393459570475873,0.129275478318849,0.0209485600768054
1367.in,1367,1.00000000104174,0.0205565702899925,0.0572004047220807,0.12463695344258,0.131399169451258,0.213922853417754,-0.0804068433363354,-0.396220968870484,-0.0050364559221257,0.15897078314509,0.29276195132344,0.285798343785263,0.367572465751687,-0.127722351902973,-0.090662709042556,-0.121228653712799,-0.0581467499345101,0.0940737517362527,0.175253919198509,-0.17102966768278,-0.0286221778219329,-0.0033109414642641,-0.006928712313853,0.149982479853352,0.0350388469959594,-0.0884806533746757,0.011384990369555,0.0757754625605619,-0.0389704610031341,-0.106860013312071,-0.0228782387688083,0.0901044608866231,-0.0687598180058924,0.0166216622016808,0.0450362751370162,0.141975812986717,0.0138790426286575
1377.in,1377,1.00000000108328,-0.140358580104475,0.0946723324049673,0.103286353956578,0.216205430761067,0.037026580810441,-0.15932671044292,-0.4489946950521,0.0300918319875986,0.0836402452802593,0.376711696487513,0.360634697745418,0.423615442634648,-0.0797293823170498,-0.138931269763565,-0.208776657953032,0.0025563757974915,0.053095101892246,0.209713406238669,-0.183893113657097,-0.0772854301596031,0.0467281779878615,0.0263215926065968,0.190779135980479,0.007268069400605,-0.103320290583999,0.0092373610291774,0.0701661754062684,-0.0653794794327174,-0.149555325513752,-0.0241456539323935,0.098220107546741,-0.0548490554076406,-0.0020648786423459,0.0671968568161083,0.204581565736329,-0.01119720113844
1380.in,1380,1.00000000089384,-0.117472205186994,-0.0275446115868751,0.212516520097361,0.104842504328862,0.0400124919767697,-0.140537463367392,-0.441642964818554,0.0238148555327579,0.101614722550074,0.384533523319332,0.367273931624453,0.334966402085024,-0.0927011550750834,-0.0359657105567699,-0.191745254971297,0.0433937606513394,0.0578689137452342,0.134315451807219,-0.207178473150035,-0.0651356299523828,0.0364148797809526,0.0649166921801041,0.164878345640746,0.0136601230399186,-0.12584049533201,0.0408230646799748,0.106010249390546,-0.0614111801506202,-0.139365935655742,-0.0230146494221898,0.0697088956860175,-0.0596505393177171,-0.0011161176428177,0.0658424405835877,0.187086436975387,-0.0055739772768561
1381.in,1381,1.00000000126177,-0.0527196737156446,-0.0106520736421265,0.191536592952601,0.144349296034211,-0.002406444745025,-0.112035872178228,-0.421926652365572,0.0134978997022175,0.130165096902722,0.391004734770615,0.386752777260083,0.359265193255999,-0.113556663546722,-0.0680089881355174,-0.155137971016317,0.0480992762353584,0.0744288046610733,0.147614465057288,-0.204606248001904,-0.048262616577977,0.0189976096601616,0.0583858175787509,0.179550648420934,0.0254455971715988,-0.123451762314916,0.0421197961660816,0.0977289940849666,-0.0507829425916139,-0.124715619391345,-0.023474330815944,0.0734404833804887,-0.0645811213778836,0.0061223850265624,0.0704692096469645,0.20272622874147,-0.009064826963424
1382.in,1382,1.00000000124787,-0.197007393356279,0.0045616052511932,0.185317317607041,0.163457872513331,-0.0179299230157693,-0.180585688530345,-0.468028041376606,0.043318011753981,0.0581799399677421,0.404493325678269,0.385918523711974,0.365298409610948,-0.0729043364034136,-0.0798508504914315,-0.231900543179602,0.0488823484974418,0.0343130166725083,0.159555596042059,-0.205988682294473,-0.0925578110315379,0.066555678668653,0.0621690919211384,0.185709548820065,-0.0016186404923439,-0.121281750598932,0.0370745914492311,0.0950361954028066,-0.07466410509534,-0.1643118002541,-0.0237912017167876,0.0748302213721618,-0.0506118526712627,-0.01252354732452,0.0735568677700973,0.209725830878729,-0.0136928569871671
1383.in,1383,1.00000000121705,-0.145798327943682,0.0376202592285961,0.16422528525112,0.195062659973814,-0.0495970687887731,-0.153937890578243,-0.455169636396318,0.0287381732240195,0.087502536226114,0.42263233963923,0.404861098001276,0.399785485583661,-0.0911200014963847,-0.101315370715145,-0.200141628129559,0.0506525576480121,0.0515098449611135,0.181045235116503,-0.206169400055044,-0.0776243678990942,0.0429759870335761,0.0659499036734366,0.197106507630501,0.009549267016276,-0.124297629472191,0.0302481031669437,0.0885101715548291,-0.0648129861668131,-0.145781363075485,-0.0225497234697288,0.0855586215517727,-0.0567231281993051,-0.0040707723318618,0.0785552063298097,0.222691337568656,-0.0182500109157948
1384.in,1384,1.00000000128212,-0.0198305549705939,0.0923291177560038,0.188115756649918,0.0720037996954881,0.323163406065774,-0.0987495951745992,-0.406428148671352,0.0007029566686714,0.142745863484554,0.318533128921071,0.309446908385975,0.366970668313396,-0.114660147036671,-0.0373555482650154,-0.143823836060349,-0.105590081489406,0.0851093611293029,0.181706526110156,-0.187619384538158,-0.0404270877858444,0.0066118793018352,0.0277194959092194,0.144746998218858,0.0292415949806503,-0.106565533499231,-0.0032825113709429,0.0996227512220377,-0.0446861546515307,-0.115624636687279,-0.0237132010915992,0.101211519144189,-0.0660510813905046,0.0160758485103739,0.0335286532971927,0.148710969409741,0.0261178455495028
1385.in,1385,1.00000000106919,0.0369422101526547,0.113770918369411,0.175960693181123,0.113524974066507,0.287389426085722,-0.0701901159441899,-0.396472940794854,-0.0069250602099703,0.170189531458863,0.332497200610285,0.324283398247232,0.390661973458196,-0.136015193868385,-0.0624210033283225,-0.112180512212413,-0.112751330522163,0.0941986570211716,0.203429119412227,-0.18823555441228,-0.025656840836908,-0.0085898958582155,0.0264064511890756,0.156063252914931,0.0378918930645019,-0.105915438885393,-0.005514100974504,0.0922178751885655,-0.0349737957474879,-0.103121427898416,-0.0260767190079821,0.105617374276857,-0.0689096960042939,0.0152739046021483,0.0375316687519885,0.160215085944042,0.0228575077612355
1387.in,1387,1.00000000104209,-0.058188769752607,0.1588250034106,0.138505816120149,0.170748856116698,0.243538516345623,-0.109460859644318,-0.421182702790632,0.0107433074039325,0.132253891139013,0.352384962802148,0.339846202600271,0.428249851507028,-0.11044907433452,-0.0916093482098848,-0.150785947899176,-0.105423769533208,0.0706359751329975,0.233736283639218,-0.182481321135218,-0.0501307277245024,0.0161556718346075,0.0305624041598935,0.176352949536105,0.0254206337742898,-0.105644818592305,-0.0128586330097011,0.0814672675485692,-0.0499265511710583,-0.124695425383558,-0.0242862283128209,0.11751669952021,-0.0619923303699814,0.0052567959602633,0.045303625632971,0.183997705610157,0.0144325853755616
1390.in,1390,1.00000000108875,-0.0342949783408965,0.0221905077038483,0.256634162005535,0.0527700308490613,0.241127609847383,-0.0951235266908063,-0.414936089077643,0.0068357286650849,0.143541466630195,0.364312234416025,0.342666048845273,0.332753833963883,-0.119468929735816,0.0015105775925157,-0.144133083753937,-0.0584586186666508,0.0807201674959731,0.155819830595891,-0.208920056919776,-0.0456621816102802,0.0085893954247093,0.0658965161758668,0.149949052275436,0.027307321506741,-0.124859168419253,0.0185894827567676,0.120325140424056,-0.0457252550766177,-0.118953962892441,-0.0233544312720932,0.0859079109477464,-0.0662473629179437,0.007761799594023,0.0411660598688587,0.162818047613077,0.0198684757723183
1394.in,1394,1.0000000010654,-0.189693034760839,0.118498696658806,0.177772153298725,0.158375706807529,0.143213151855218,-0.18447985768732,-0.472302279726252,0.0382029302653474,0.0630990707307351,0.405905396368611,0.391381823767945,0.424521675230641,-0.0723896752601764,-0.0844699349974826,-0.234374188937242,-0.0483057521769525,0.0370091780541435,0.218755062880174,-0.205264728536176,-0.0891142925372716,0.0659176205943368,0.0565461523044166,0.183804428173175,-0.0025035523540003,-0.124215614674202,-0.0002675836906482,0.0947015321107492,-0.0736233744959814,-0.161140528385649,-0.0262438653957384,0.105978572306195,-0.0550432855813346,-0.0108725726250883,0.0560344611796017,0.210887517208955,-0.0003575331525629
1396.in,1396,1.00000000091872,-0.0337300013773414,-0.0309175248572894,0.300796579439462,0.0225530820501957,0.169050759680478,-0.0922283611182133,-0.410558130331427,0.0094305682461921,0.141714898023487,0.402669116267462,0.376046349351819,0.312870535663472,-0.120104073198521,0.0285223492903152,-0.141884796475173,-0.0158242473857008,0.0812200815843584,0.130331387223853,-0.23039436521781,-0.0435542380443099,0.0088785029153415,0.096324885668305,0.153490781442378,0.0269003116191418,-0.144444904259639,0.0341265881765419,0.136267456604209,-0.0483793716053624,-0.116743275933769,-0.0219183358535663,0.0734263833525149,-0.0653187335454252,0.0100066598201894,0.0484350681241523,0.181497492492603,0.0130072298847085
1397.in,1397,1.00000000120117,0.0266844627258558,0.0001294039643141,0.27662054696326,0.0623822914193024,0.131800456434757,-0.0772640425038436,-0.394362087483841,-0.0051260597979316,0.167765825485074,0.410311091311524,0.404349565768973,0.341958223006384,-0.131866572062908,-0.0015781861668993,-0.113702443546282,-0.0120183027744537,0.0941137702458255,0.145000995597637,-0.225547175751773,-0.025559087217537,-0.006267151985116,0.092566996442369,0.167071315751759,0.0383175499683326,-0.143312473624855,0.0311642136384748,0.127756977733455,-0.0377050649999403,-0.106641840437193,-0.025506047470785,0.0759350832459594,-0.0699251066042714,0.0157825289461401,0.0548315312913149,0.20329634822179,0.0051362711140846
1399.in,1399,1.00000000130046,-0.0548262853802701,0.0407360953366874,0.244431757416549,0.113664834736932,0.0701143415485626,-0.114083834683203,-0.429818624963686,0.0150531336960286,0.130271612706794,0.428668639153765,0.416991421069356,0.388349441348711,-0.113640798184217,-0.0315228079069169,-0.15838416549447,-0.0001600830339301,0.0731248443680204,0.179753694987095,-0.225285968699441,-0.0507207952796967,0.0194405590104555,0.0913652164057003,0.185162822373995,0.0245286824678804,-0.141770014383163,0.0242353293844555,0.116214670488617,-0.0519261526119877,-0.125559963993988,-0.023988496186415,0.0893671394790112,-0.0644110251789376,0.0067940898637487,0.0641626338251314,0.217752182608247,-0.0016041956423918
1401.in,1401,1.00000000094686,-0.138051606692625,0.0819928427375219,0.211445777853799,0.172122388451716,0.0223798591744801,-0.156900137174985,-0.450730445100962,0.0303235715676416,0.0867474165454415,0.460131743108961,0.440760163396859,0.420865770607191,-0.0864629949893323,-0.0749902429368479,-0.203184486564173,0.0065121185152971,0.0499100269209944,0.20393996893195,-0.221829828745517,-0.0744835752571597,0.0482874762087806,0.0916202699167613,0.201143286858933,0.0086661054540855,-0.140537734559398,0.0158344078666321,0.1067089876186,-0.064995013560417,-0.147812416546993,-0.0236037196653018,0.0963333418859899,-0.0564380516245517,-0.0051000246530236,0.0718560511539376,0.24579536461191,-0.0126144671609006
1403.in,1403,1.00000000125564,0.0401010955690161,-0.0314595298496995,0.0203619644772401,0.167317931980266,0.169301638648792,-0.0580935756465887,-0.438838736904115,-0.0114385992728413,0.184089283621365,0.23139049354736,0.254886841518728,0.340358418588354,-0.141350865843063,-0.14367791048424,-0.112703382221066,0.0107876307172615,0.125376894262703,0.163053629001908,-0.162902645329301,-0.0427930645135056,-0.0002007564560957,-0.0213545768637034,0.136521865382788,0.0197807845932214,-0.0726571225207522,0.0320532770197099,0.0542582091419668,-0.0281641442657001,-0.098817129843296,-0.0223551302194833,0.0760076407991077,-0.0832958160959209,0.0129570107296265,0.0414158275048777,0.115090970962502,0.0100374890414863
1405.in,1405,1.00000000083025,-0.0644008188902842,0.0032551237298251,-0.0073366645790019,0.234417578052753,0.101215721324701,-0.0926283076818104,-0.473124232995536,0.0117466162096932,0.13973384725075,0.255994893391743,0.27130174850011,0.371141147707598,-0.117893371376194,-0.182608542244127,-0.160688325364466,0.0238369266514958,0.098452490309355,0.196544104051563,-0.158387012490097,-0.0763042738571254,0.0311052890652554,-0.0171444743631161,0.156215770686136,0.0009518719361977,-0.0682570431705695,0.0282278787690799,0.0448088980050929,-0.0432673160005151,-0.125368883870656,-0.0212919529460491,0.0892680088674277,-0.0746852014732411,-0.0038884448761561,0.0533937799876628,0.138421247461603,0.0010970030290614
1409.in,1409,1.00000000090121,0.0234663709150026,-0.083872103110665,0.0769034137601291,0.153097899811926,0.0863408284547723,-0.042026305475409,-0.440738472807209,-0.0039558139754032,0.178542328369146,0.278526125949507,0.285338333213794,0.310847296103732,-0.142934970081859,-0.108785349953541,-0.114614416980603,0.0596473445411469,0.123161590205867,0.145440456244648,-0.18147883618881,-0.0486126078354464,-0.0010141954410817,0.0208214155430168,0.144140209134393,0.0169609542355879,-0.0882550228155071,0.0477002902009016,0.0722684740418185,-0.0302041159803122,-0.0989886493420944,-0.016412605847992,0.0657343341558665,-0.080841399539524,0.0093036808407413,0.0514939757538365,0.132281464531275,0.005800320770643
1411.in,1411,1.00000000099227,-0.0579500111151243,-0.041115027050112,0.0499604444416912,0.199889872879235,0.0295474848063488,-0.10158109489144,-0.476486799276295,0.0175103731483422,0.13637960274144,0.291912220945995,0.310410143648237,0.358321856968517,-0.122375542329992,-0.145018993730453,-0.161765092154179,0.0598561933861644,0.0967602267331018,0.172514803295672,-0.180690015938154,-0.0756501546780997,0.0362951210986324,0.0151707721242036,0.162512026012829,0.0020577639064079,-0.087688602125374,0.0454195243814573,0.0620209822758426,-0.0471856705660503,-0.125240379221212,-0.0193348201477177,0.0728315514462827,-0.0736590544839297,-0.00459484878299,0.0584381281917497,0.154113483776658,-0.0042690583308945
1412.in,1412,1.00000000122743,-0.192578124560205,-0.0372694788469869,0.0361543248539425,0.215854290073,0.0186922045804686,-0.1703274523825,-0.518419133708249,0.039342308571814,0.0758738680349446,0.311115330288581,0.322840217648572,0.365178287219683,-0.0829430220027134,-0.162024184581095,-0.236173627321528,0.0718306353191555,0.0627759111201754,0.174404631480797,-0.18002168038264,-0.11040447626283,0.077914619531429,0.0143676899756862,0.166151056674752,-0.0210088691996145,-0.0907619283416586,0.0431251989623105,0.0616785734810425,-0.0663254319884759,-0.160033645496443,-0.0244724244616607,0.0746539279707671,-0.0671016556978779,-0.0193422757934096,0.0603304507152304,0.165372742315573,-0.0123786681508788
1413.in,1413,1.00000000110753,-0.141337166597307,-0.0030071919872791,0.0171495427116065,0.254822950942391,-0.0159257576675267,-0.139259946692089,-0.499229137629016,0.0288682226473592,0.0984122383069253,0.321791539509208,0.33166891806943,0.393448717343585,-0.0988033151476575,-0.184866400257378,-0.206156333521431,0.0702359493649471,0.0729160212197579,0.197477993524355,-0.178292736646721,-0.0910681244808483,0.0573349273785765,0.010497757786911,0.178500122186251,-0.0081008237044421,-0.0875473194453304,0.0352341945170073,0.053672868998214,-0.0604027129720106,-0.143995661489821,-0.0230258254131932,0.0822653131257211,-0.0688337125210392,-0.0113822451903744,0.0679105731578904,0.176599935085234,-0.013671854454053
1414.in,1414,1.00000000139986,-0.0276213293014781,-0.180001578297757,0.160990171985792,0.0799755801935591,0.0392994580396616,-0.0767014232876686,-0.461671777487166,0.0075037658954851,0.155798852660553,0.305930661268561,0.306376112377769,0.254485943343009,-0.12535220323106,-0.0555229641124705,-0.144393030507553,0.101820224870612,0.107330628197664,0.0912448034683649,-0.205128637748416,-0.0629249560104947,0.0183750605865622,0.0477387428601391,0.138157949070138,0.0108830696535569,-0.107064289076057,0.0779756212890141,0.10078343319451,-0.0407029338558129,-0.116001727536929,-0.0207536255333572,0.0412331295616099,-0.0781758648828957,0.0025409730338532,0.0554567422735282,0.139769815680025,-0.0018501620871192
1415.in,1415,1.00000000084885,0.0285917316394132,-0.140354754525873,0.139916755735361,0.112441349807902,0.0197953130000975,-0.0574159419646594,-0.446762187234641,-0.0076699912392626,0.177840744035155,0.314029487322048,0.326874727128459,0.286970036423233,-0.140205300039663,-0.0742430155287249,-0.116300447403782,0.0959285055583982,0.121930400360147,0.112456806316768,-0.203454241518435,-0.0463066203386705,0.0043000673930043,0.0500856886263466,0.150448923296193,0.0185015321573569,-0.108854757929818,0.0702580256615225,0.0970897113427559,-0.0329753808484847,-0.102271822087165,-0.0211517647092666,0.0528039424735187,-0.0794228726838711,0.0107457666846718,0.0589444634885575,0.15503839206617,-0.0049449161173556
1419.in,1419,1.00000000086597,-0.136945370918253,-0.0621895521574804,0.0723109413440973,0.221460747221805,-0.0901197612764899,-0.132116259274396,-0.495232216047781,0.0294612839992878,0.0982685324135025,0.363873502362218,0.371746561339381,0.366476823423839,-0.100080215543428,-0.149656490332835,-0.202139309540975,0.121689089838062,0.0772874088687734,0.170910546280821,-0.198864478743039,-0.0931409290905935,0.055081004859347,0.0537317791000546,0.18206299641718,-0.0110761201163225,-0.109944656874137,0.0511792489707634,0.0702923624627024,-0.0575110110275374,-0.141610077147971,-0.0178607435059,0.067179793105855,-0.0680202160806827,-0.0086049076709655,0.0749355395154429,0.200693977520822,-0.020886210697879
1423.in,1423,1.00000000072302,-0.0576514722092024,0.0692701212739288,0.0510824489469607,0.206013856572421,0.18856361919218,-0.0932845877000523,-0.467847769899935,0.0141196718999748,0.135524686685009,0.294460899808437,0.310082361456411,0.397492389791362,-0.121381642473427,-0.150605000706788,-0.157682457423031,-0.0335170516968322,0.0964365529554215,0.2236415098068,-0.178669329724012,-0.0763425060633071,0.0312988048148271,0.0198452220194217,0.162085639929941,0.0014597440032374,-0.0875491365764698,0.0067111662638239,0.0608713489668765,-0.0456159233536864,-0.125164696986881,-0.0190210680860512,0.103227316445431,-0.0734278942548222,-0.0029905015061056,0.0413123205880528,0.157668700113995,0.0138563717281463
1425.in,1425,1.00000000097691,-0.136960749526844,0.113282016072434,0.0102068802403485,0.251560561866352,0.140051763913844,-0.140842972264366,-0.502943863658906,0.028088350701542,0.0987586494836065,0.319807219442465,0.328905744402637,0.451124746516306,-0.10274097972349,-0.183060579635587,-0.209777861197468,-0.0281511654649859,0.0779623644442519,0.256610905172907,-0.181176623399121,-0.0920197610044103,0.0565548187216223,0.0102649252780784,0.177409316735937,-0.0090333227735308,-0.0895268426901896,-0.0004703451619274,0.0519430131387191,-0.059261264172362,-0.145497522439231,-0.0219197250085465,0.11222459247546,-0.0702223583662243,-0.0099728636260393,0.0535882347919078,0.17430593542519,0.0021823936527131
1427.in,1427,1.00000000117697,0.0328259736333539,-0.0341738630579437,0.132889587112876,0.123849194979302,0.176012458504881,-0.0552093697012939,-0.442732656761526,-0.0083001530662655,0.183331478216895,0.316732094134187,0.331622887569471,0.339295210495189,-0.145663673824976,-0.0828205341593831,-0.110173883427989,0.0026449317879703,0.123945358559364,0.167055090602568,-0.203130771817432,-0.0408656985643176,2.84714912601054e-05,0.0436496203631307,0.149162442791719,0.0207743862810296,-0.108723120388407,0.0353067331839444,0.0925052791165155,-0.0301841494588786,-0.10288170546512,-0.02270291141623,0.0765991287642082,-0.0828364055990743,0.0091947378999613,0.0441991870198899,0.156646718723927,0.0121994220823535
1430.in,1430,1.00000000108953,-0.19253088027847,0.0288046463975381,0.0878447516666955,0.194143354178643,0.0925522571185511,-0.169570605745331,-0.517392522126157,0.0397878373868258,0.078120004007613,0.352820148598971,0.355231594297719,0.399961145520235,-0.0845520201147506,-0.130231888916155,-0.236457638721343,0.0163449533723151,0.0610512033682916,0.21019458102092,-0.197431747047398,-0.107730308066031,0.0749669183530701,0.0443907520106596,0.172414772974512,-0.0180113962278249,-0.108600173250187,0.019963507441756,0.0786837216193234,-0.0680376253023615,-0.159441066924911,-0.023725347189878,0.0935086326083131,-0.0661663962992134,-0.0185786105154334,0.0561324898862034,0.183108608018521,-0.0041774334915928
1432.in,1432,1.00000000105596,-0.0288479408204195,-0.114859095112953,0.210028711166501,0.0655410589914994,0.121905481177487,-0.0760014533527551,-0.458771097662381,0.007157561578204,0.151768145027089,0.345728911188325,0.346902624540403,0.28268390391835,-0.130647953642274,-0.0235010942424097,-0.14003978352687,0.0456548953232404,0.104771962614109,0.122525513608931,-0.220285800786926,-0.0642395009483541,0.0166896126885371,0.0829455809740336,0.143058274515999,0.0108288065274164,-0.124264555450779,0.0546158012870001,0.116551346501089,-0.0411858895821749,-0.115291206915448,-0.0181499664735928,0.0594949977654364,-0.0761756113963831,0.001246762946113,0.0458703882396545,0.156867426859553,0.0103617323179929
1435.in,1435,1.00000000117582,-0.0566626568469852,-0.0440382270537642,0.161996766738296,0.141256220920252,0.0389929037791192,-0.100610877193199,-0.478710544717393,0.016487077312739,0.130058713826042,0.377212441599489,0.385137792066083,0.358369703274861,-0.123751893025812,-0.0761827285413952,-0.163185784645408,0.0556118380931885,0.095047698097914,0.172755446732265,-0.217099699394879,-0.0727800748920099,0.0361820332031403,0.08283010240758,0.170937633687156,0.0050512782872212,-0.127902825411959,0.0451006164783142,0.0992360849506112,-0.0471173562814861,-0.123869602587452,-0.020788281107366,0.0708799316169456,-0.0736930713504571,-0.003159430721462,0.0576768216996614,0.191019076034846,-0.0030879792651052
1437.in,1437,1.00000000129503,-0.136132702325538,-0.0105053958733935,0.122948427306565,0.199330744452843,-0.0187194452116326,-0.131633437046362,-0.499187267625305,0.0317341868743716,0.0990951970928403,0.401131334674792,0.410168096634968,0.393294497109262,-0.102837692479197,-0.120112292883553,-0.197885607373324,0.0722235656931612,0.0768768087513732,0.19787531328012,-0.217189123380309,-0.0934245379476998,0.0563465303464532,0.0830891371961246,0.187783445780803,-0.0081916641187157,-0.125931477387763,0.0365683661210325,0.0894452530474815,-0.0576016772252346,-0.143366792784196,-0.0192445191541507,0.0818605341142175,-0.0688780318160926,-0.0130440532489466,0.0680284224897757,0.216661273017791,-0.012271696839985
1438.in,1438,1.00000000116265,-0.0302091807005037,0.0492576808241759,0.159784886145904,0.091427154158025,0.35353313859912,-0.0700556026830129,-0.459708089997884,0.0103616101029985,0.153594376728068,0.303666832350777,0.311857219972593,0.353551098836676,-0.134297336194972,-0.0538027428874672,-0.139093214785835,-0.0990211047029113,0.104583492641708,0.206801083457414,-0.203663629433252,-0.0645348205937223,0.0185953921198752,0.0511738973771061,0.139614671463517,0.0099116913629716,-0.106735876715982,0.0020562767558992,0.0994072819542935,-0.0407046835562592,-0.117102208349019,-0.0186256781182947,0.102494458538704,-0.0769461449643861,-0.000971330964346,0.0233010786623186,0.138072818868954,0.0370562894985811
1440.in,1440,1.00000000105395,-0.106986768895136,0.0905504196362713,0.118730749206697,0.137574329149285,0.297491917357338,-0.124193284407513,-0.488503384680175,0.0219906351537387,0.111762162476715,0.327026476529757,0.335861172640936,0.400127628029574,-0.105882559761959,-0.0947774644132504,-0.190410676216599,-0.0788328274154735,0.0863755750105088,0.23110557249914,-0.201077089231705,-0.0850736724403258,0.0456007182225806,0.0472069506156791,0.154165903440656,-0.0051744469168124,-0.108422672243228,-0.0059629001466723,0.087951540335158,-0.053769033216647,-0.138920853773518,-0.0202250246660505,0.110567995465805,-0.0710917388131823,-0.0067028069292513,0.031996604694263,0.163731723800211,0.0250210946007999
1441.in,1441,1.00000000086427,-0.0527830415478897,0.114798170290388,0.0915325522223648,0.178692034450623,0.267677199682136,-0.10461645508522,-0.470284562109868,0.0086101710010526,0.142241238844725,0.336352931370378,0.345008869494495,0.434108941128581,-0.121748547755173,-0.12353028597397,-0.159501501657129,-0.0797843613977901,0.0995266617255446,0.253744071871672,-0.198946711935338,-0.0683924063380114,0.0293880172476184,0.0428006390331643,0.166825630960157,0.0053733204640099,-0.1068628272142,-0.0107025157243782,0.0816526786665887,-0.0436425326302624,-0.123284638635774,-0.0224888510506013,0.115855382017394,-0.0775557055702109,-0.0007603627876301,0.0364461576486432,0.173374231156614,0.0179538504303222
1446.in,1446,1.00000000098115,-0.107764714918023,0.0332757362567248,0.177854860495223,0.104145297927981,0.22468443955686,-0.122148104925954,-0.489213753187657,0.0237794033170427,0.115558032494126,0.368354674789921,0.365604656002819,0.371266866705618,-0.106203215728865,-0.061094816164665,-0.187663596284883,-0.0381852661110416,0.0842502779121251,0.206418447886919,-0.221086949968713,-0.0901295386681536,0.0478549301413149,0.0822464192678762,0.160294402700089,-0.0058005788839305,-0.124093453048813,0.0130097183004618,0.110605876169884,-0.0530306234874892,-0.138337780749768,-0.0194625746913366,0.0938073004557218,-0.0698678813859283,-0.006681023374285,0.0390836539311686,0.180369556996358,0.01640014846145
1449.in,1449,1.00000000105066,-0.151796957213678,0.108330122856298,0.114415376183574,0.203964709697987,0.135680878241387,-0.143247710881672,-0.504781506978246,0.0253849299196311,0.103542107506469,0.400698168937174,0.401849755410713,0.445987890844064,-0.0949025498515525,-0.11924570050027,-0.21208054213938,-0.02400097732357,0.0742154221485661,0.256711605443732,-0.211693479468277,-0.0980060696055899,0.0566914509363944,0.078884045681159,0.18920801900055,-0.0099911412343555,-0.123585026931471,-0.0006849927769488,0.086587157749441,-0.0593611087349008,-0.145698984373358,-0.0237985859908723,0.115766806312428,-0.0683153936373266,-0.0132480331741065,0.0544106709973234,0.216790169265994,-0.0024622298420775
1450.in,1450,1.00000000103909,-0.0242614207110358,-0.0695937232606316,0.257822116518997,0.0336311806112318,0.198736514350633,-0.0810006633458164,-0.459682295838214,0.0056142171646538,0.151225969789451,0.389840781321027,0.38806201105871,0.311904638573511,-0.130716824021307,0.0067215806172103,-0.146489791066441,0.0017256869400034,0.106581117178526,0.148797832364786,-0.24314382005686,-0.0631338309246263,0.0165939980001107,0.116290395835057,0.146534581635244,0.0112566510086295,-0.145831377645849,0.0343893301012351,0.136151747462097,-0.0415634484339631,-0.117897362045656,-0.0185457202653161,0.0696614360315751,-0.0779571102517397,0.0021533476195282,0.0403116732011658,0.177362923004964,0.0179575965697602
1451.in,1451,1.00000000118049,0.0328665005539337,-0.0610534350276817,0.25211089534933,0.0632890493810641,0.158487723901052,-0.0606497684198955,-0.445595031528309,-0.0092843059292822,0.181261560481431,0.398865001307139,0.40188342668104,0.329997525097326,-0.147515233624921,-0.0180217595710188,-0.112892715183873,0.0111729226523565,0.125063235882225,0.162567881364824,-0.240286851492803,-0.0462724316484004,0.0029168624100568,0.110056684109701,0.15860953393187,0.0201210002537084,-0.144535386574524,0.0384576744684481,0.132734498389117,-0.0324368032633126,-0.103182352014481,-0.0227230594571663,0.0713547147743682,-0.0827471302630128,0.0093035622034586,0.0436420140110119,0.191576723267807,0.008961234157439
1452.in,1452,1.00000000104934,-0.109366153456322,-0.0304417777927245,0.233045335106547,0.0896715769661663,0.13652813330049,-0.117903886376967,-0.490305410015662,0.0243104623312137,0.117318184298061,0.408454174218723,0.400475291618562,0.345479947878632,-0.109193242461711,-0.0279509911240873,-0.1868206882772,0.0152842467895701,0.0822929669134485,0.176582090645997,-0.238512065883849,-0.0847553569272144,0.0441070829725529,0.113940899043043,0.167016252282641,-0.0029864959009458,-0.142728631664177,0.0344545240721004,0.127315857126212,-0.0532269187759536,-0.136321072423195,-0.0219522854304608,0.0778724068021038,-0.0717869274671436,-0.0098566664162881,0.0479503173450908,0.196139625821246,0.0068138060856119
1453.in,1453,1.00000000163669,-0.0546989417973255,0.0046865975714787,0.195319494090096,0.119140957150838,0.106379157182205,-0.0976576710453469,-0.473145592319609,0.0108701194252604,0.137233655767354,0.411467569841708,0.421685067674583,0.376123952808216,-0.117183665252417,-0.0584840673065994,-0.160540116312733,0.0194958759377048,0.10098475550708,0.194222395530872,-0.235289586164946,-0.0731866604302621,0.0306196088782697,0.112122745231245,0.17510367547428,0.0034845982316745,-0.141334209779816,0.0279596526374063,0.116006199222015,-0.0436575451047217,-0.124359125783811,-0.0202155481825883,0.104864315541407,-0.0743084310377201,0.0003698217068326,0.0507516955093982,0.216303656514476,0.0013740490923388
1454.in,1454,1.00000000075358,-0.192342629028899,0.0187330674944655,0.184055351987036,0.149667819305172,0.0960597470052907,-0.161984601424688,-0.516642374346998,0.0430083848046535,0.0694057292895694,0.426206012520681,0.429177380480636,0.389583696940943,-0.088770498107507,-0.0829796501936579,-0.228415697736992,0.0146212547313232,0.0631166389056498,0.210360441613275,-0.233880373324626,-0.113325893634911,0.0752864876014976,0.110718310316201,0.180013440030035,-0.020265427854118,-0.141114707389732,0.0193934200671929,0.109779464812927,-0.0675606921395409,-0.159771919570605,-0.0188540776942416,0.0917914042178488,-0.0654898157936343,-0.0202919217425248,0.0509871293038838,0.220834275102482,0.0021342753563347
1455.in,1455,1.00000000102614,-0.130231559367885,0.0303533657486254,0.163194102490379,0.179408899317202,0.0492965144576102,-0.130280793944568,-0.498032110301816,0.0278078663939181,0.105562042394794,0.445240651973792,0.439928854819138,0.409596633027816,-0.100904172549741,-0.0962261012668924,-0.202320530803314,0.0357759534168772,0.0797939586104892,0.221133233941234,-0.233104671973242,-0.0966223930814347,0.0537586987208915,0.113417929522841,0.19183587411017,-0.0106175943516496,-0.142790732091993,0.0198618648354647,0.103763785517562,-0.0560823835564096,-0.145763884093913,-0.0198714494812947,0.0925254005680837,-0.0689654705841589,-0.0126776270653359,0.0613552890995703,0.236410346802802,-0.0093822632828598
1457.in,1457,1.00000000121619,0.022647719622346,-0.0734170187596346,-0.0136716290097875,0.184646073268766,0.194293177682801,-0.0341362753324528,-0.493949263332848,-0.0025839673514372,0.190065460162504,0.212312453302723,0.253692183662201,0.327310803289283,-0.153546202305694,-0.161278797420385,-0.115251584098527,0.024451724416403,0.143820178074567,0.185061077137486,-0.174920718758823,-0.0706123897811753,0.014481828407796,-0.0024622368054218,0.131534601401618,0.0001238448983213,-0.0697304626924543,0.0392791403388847,0.0551538024900176,-0.0250753444391638,-0.105204902850671,-0.0167493058665647,0.0780617440028653,-0.09168103665752,-0.0010652541270779,0.0356191035861651,0.106256616320926,0.0176345524361055
1458.in,1458,1.00000000133196,-0.101588834210716,-0.0498040574057472,-0.0412053320978983,0.20442140979511,0.174497481191752,-0.0987754108931238,-0.537866881527886,0.0203515825510118,0.132789851268489,0.220090618369579,0.262108695325626,0.349647588091026,-0.122868809586075,-0.176457129300162,-0.186036111129725,0.0336250320074234,0.115216786701411,0.197332959124546,-0.173568722821843,-0.105482532832737,0.0531716879024182,-0.0015033517299,0.136196133334452,-0.0219094775143674,-0.071034862326952,0.0346071620775216,0.0475239581117983,-0.045345011476013,-0.133678336464825,-0.0175987922417495,0.0826512977131179,-0.0858087508993766,-0.0152120120685819,0.0365199832322595,0.112044465779252,0.0132585492773725
1459.in,1459,1.00000000081865,-0.059583228566693,-0.03207148360532,-0.0466172180444536,0.231858926197942,0.139812764170712,-0.0783772632258996,-0.522051135727808,0.0132532589005609,0.151772833845392,0.235808015790796,0.274048780781026,0.374639685196289,-0.132759215828125,-0.190495267174491,-0.161781346824686,0.0342787127639755,0.121647551347119,0.213377376209393,-0.174215179521763,-0.0940774510334758,0.0409633399817238,0.001374755175668,0.147869092284872,-0.0132661563968527,-0.072149292102438,0.0309029121968718,0.0455296220805144,-0.0397625241665231,-0.123184739368479,-0.0177485147633457,0.0886005278074475,-0.0866732401767037,-0.0094909319166958,0.040608765658799,0.124883362539088,0.00771410047976
1460.in,1460,1.00000000100959,-0.193125155749475,0.0007685378247312,-0.0677200475522018,0.254344156130673,0.128269177059891,-0.146277529162006,-0.563147368208909,0.039137771205993,0.0844519880762528,0.251181191009298,0.286759516767049,0.389986862424057,-0.0925459046701548,-0.217612669813744,-0.238037294443828,0.0369809709633202,0.0898961137944361,0.227636233415169,-0.173510724294128,-0.132260138064152,0.0855796470859654,0.0012037824275569,0.152631193294835,-0.0398716924201131,-0.0713687897354581,0.0241985406229664,0.0387802158458696,-0.0605531910849833,-0.156218270445521,-0.0179592019029477,0.0928434184653095,-0.0772370172236586,-0.0257366535479184,0.0432952408887458,0.139793347842025,0.0028021739051831
1461.in,1461,1.00000000081185,-0.153590499263099,0.0214228270757738,-0.0828050439456261,0.290540193866411,0.0983432022806663,-0.123759546620466,-0.547433582795614,0.029421048390052,0.112535526874926,0.26983914712254,0.29485144789753,0.413195170163743,-0.10402537533633,-0.235518728586104,-0.215338233760955,0.0426255808117479,0.100130863054689,0.245308783203068,-0.168317228740008,-0.119020161699972,0.0698732043718263,-0.0016470396950886,0.162978921141528,-0.031765700012101,-0.0701629559478499,0.0193355572331375,0.0334199169571307,-0.0511891917395391,-0.147125946248656,-0.0198773814479803,0.0986762412235214,-0.0811199407841397,-0.0222340607204315,0.0509637393610363,0.150953215783753,-0.0044240093083287
1464.in,1464,1.00000000102616,-0.108795210282863,-0.10280812722784,0.0206685235056213,0.177666973479714,0.104065746130699,-0.109729903028287,-0.545666968595366,0.0230536850594384,0.127254716261806,0.258521923742159,0.300162081169396,0.330160759291694,-0.119316991312441,-0.146559843523837,-0.191357887481451,0.0717773233114404,0.108742416080512,0.173541725815791,-0.193148122771928,-0.106494126761647,0.06123871526344,0.0307447685836871,0.143998162768272,-0.0240877114627834,-0.0887990251165617,0.0526261603093111,0.0681952411597315,-0.0482287830381367,-0.135132273780303,-0.0205514271786494,0.0673948199981731,-0.0844056471804143,-0.0187876644123309,0.0425850135809793,0.132533651584807,0.0046430932330277
1465.in,1465,1.00000000080045,-0.0600843971214111,-0.0762016172746084,0.0072418698332151,0.21350227832614,0.0667593295466619,-0.0716349517253297,-0.518374985409029,0.0104637325812957,0.15672538148911,0.28500416614289,0.303336656152632,0.350217785379735,-0.13262267946086,-0.166060230325115,-0.163782681052581,0.0778261800306294,0.124204970129373,0.197231982691944,-0.191413926047243,-0.0933983464133006,0.0364203066868067,0.0353744337822304,0.155459597920803,-0.0157958574859729,-0.0881508411535358,0.0462320826151747,0.0621621567964365,-0.037977302156254,-0.120018595234054,-0.0189846129927176,0.0776335738845578,-0.087683132135619,-0.0120871576776965,0.052026986633939,0.146524423756771,-0.0041542079780306
1466.in,1466,1.00000000107066,-0.188473510031671,-0.0554761459164002,-0.0033835129186828,0.225772863790551,0.040235243770105,-0.139371620032965,-0.565780285036574,0.0415344015735524,0.0844376998881382,0.291093573978908,0.321453128478836,0.367406008162316,-0.0963658823887469,-0.174705549815809,-0.231691039395301,0.080373940817974,0.0868344804627403,0.204427786627319,-0.193256860336607,-0.126827919966632,0.083284056586633,0.03770533159922,0.162530506889052,-0.0370485105959734,-0.0878649507806048,0.0429996275260068,0.0599992336835328,-0.0605722451566374,-0.15329241210169,-0.0159800864572835,0.0797432019937181,-0.073734781492398,-0.025137672434238,0.0556427278966691,0.159262379455462,-0.0042464427664305
1467.in,1467,1.00000000165352,-0.132446249914675,-0.0399476463622393,-0.0255067761829815,0.264319164012538,0.0222109595683375,-0.125990080123463,-0.552849844178899,0.0295588369226542,0.113567530959731,0.298466883812018,0.33897230548265,0.395226068884786,-0.111627575438783,-0.210448124844683,-0.201724261810663,0.0793428160813993,0.100706074963487,0.221369469443709,-0.188435207666214,-0.113381957644467,0.0696698385707929,0.0287762912688278,0.172296281751875,-0.0281897419114125,-0.0882966812918281,0.0393124818451396,0.0518387131483541,-0.0522732426264732,-0.143913484984824,-0.0206079053929146,0.0824994340078855,-0.0811015407656852,-0.0202827740792793,0.056903301860786,0.173136729211202,-0.0085701522242293
1468.in,1468,1.0000000008746,-0.0286872323440984,-0.198915073654479,0.108004845937456,0.0946744570320307,0.0824960348553617,-0.0569724809279329,-0.508798608463418,0.0056511407706795,0.168296368097403,0.288969415714096,0.314977462618395,0.256143121386306,-0.140763148346886,-0.0726525086325834,-0.144300672230316,0.112146778701849,0.134103480319958,0.117904732382087,-0.216025163704896,-0.0831775221509937,0.0268988607495365,0.0693412891881848,0.129294902135151,-0.0086349005042204,-0.108037267132545,0.0759980144673035,0.0978924404645106,-0.0333248118677534,-0.113236857050215,-0.0171216348462292,0.0446945083201492,-0.089574665330328,-0.0060193532492696,0.0444513678105668,0.13245923754042,0.0062210873253008
1472.in,1472,1.00000000124499,-0.181889902632372,-0.132331061938635,0.0511524625320905,0.199751705917273,-0.0374335337434668,-0.138853049785752,-0.562151912106823,0.0376895582488616,0.0916771951676772,0.334402482660243,0.361100048695471,0.334539075044828,-0.100473568146626,-0.150516420426613,-0.229303469806361,0.137429535313564,0.0887194918156081,0.168719668444426,-0.209836644155309,-0.124511702016406,0.081485436591974,0.0657952455693539,0.165995265044145,-0.0353611348146156,-0.107670665470882,0.0635443526930749,0.0763396421851648,-0.0610454236705245,-0.154406862436914,-0.0182156794564056,0.0568371669136254,-0.0765847538809137,-0.025574485587945,0.0635386839380493,0.177349045371657,-0.0133770283146586
1474.in,1474,1.00000000139515,-0.0123658840599286,-0.04688136303088,0.0700178086185181,0.116892621043223,0.304118626496623,-0.0528552834695889,-0.506391726983358,0.0059765594748944,0.171284747318782,0.248415648932075,0.27772564048997,0.330349227956665,-0.148810888411662,-0.104204852121119,-0.135337064338174,-0.0283331340601202,0.133949534017046,0.19636854985463,-0.200988096306024,-0.0779458291320854,0.0261898253111095,0.0348212971081172,0.125146878463813,-0.0051172118483758,-0.0923841578135219,0.0241878723690997,0.0830725697728386,-0.032227486324901,-0.110019805886567,-0.0165173517908773,0.0860333246575328,-0.0916839619073346,-0.0067956091649653,0.0197653268048406,0.107050251688335,0.0319300586984545
1475.in,1475,1.00000000083933,0.0269109451359994,-0.0144985797520888,0.0467160230886303,0.144648966809387,0.276388231030935,-0.0428970845955641,-0.494547597849366,-0.0051552775400617,0.183917544646184,0.252386042654512,0.294595947742288,0.360862218413384,-0.15233937850197,-0.125229597586396,-0.115509279840529,-0.0273719889089308,0.14488598992639,0.214610150464677,-0.198235317852799,-0.0673294089267786,0.0165218904509857,0.0366080801191597,0.137515811957758,0.0001115838396176,-0.0912836352945371,0.0197740908645538,0.0769029467782678,-0.0275506064872417,-0.100760685735583,-0.0156678159488752,0.0922801014007826,-0.0903592399142377,0.0032526537713105,0.0240772441329348,0.127099225347183,0.0272820809771743
1476.in,1476,1.00000000117084,-0.0994463297646779,0.0069710363826571,0.0282334441915052,0.175746706670387,0.249537426663748,-0.100942976863881,-0.543161754471981,0.0233948887819762,0.127505008756829,0.257749928088953,0.301783158480081,0.376605540619598,-0.121050935120276,-0.1447231957616,-0.181080992687068,-0.0266326932134593,0.110591118175976,0.230632747395277,-0.195580274076728,-0.102505157077862,0.0586421795493572,0.0338447550110103,0.14526245099423,-0.0220334690096625,-0.0872722153614472,0.0192107390214132,0.0704384926770321,-0.0466314850638119,-0.130870313821903,-0.0184010705366935,0.0969024745207873,-0.0821827091825674,-0.0159234120685539,0.029250362768635,0.135975573747434,0.0221778964075683
1477.in,1477,1.00000000089536,-0.0548771187304472,0.0238736936397547,0.0050026488877057,0.212337111151511,0.211168872886171,-0.0701505126068815,-0.52289461087856,0.0140436741345516,0.154699607334364,0.283456023218498,0.309114276284939,0.40191506422798,-0.1373868819041,-0.16500367618449,-0.158766524187384,-0.0142661641127524,0.125543926532094,0.248927217966481,-0.195105175195244,-0.0902260689106153,0.0384465136604243,0.0345421748357935,0.155522082804243,-0.013443000037307,-0.0894362376863976,0.0107382815575767,0.0617746562071338,-0.0383380200757181,-0.118002745797243,-0.0148436000578722,0.10157138874047,-0.0877196550411464,-0.0092223650276615,0.0342875286376608,0.144580820759757,0.0160293531041622
1478.in,1478,1.00000000110918,-0.18664395674335,0.044582539033416,-0.0074107935516418,0.229614984357204,0.200243080079235,-0.138060934947889,-0.567796448978149,0.0412019368814147,0.0918000250688956,0.281009743961696,0.318039810759325,0.414893244833374,-0.102898588140565,-0.17879148004327,-0.228466434100324,-0.016745425780771,0.0877533885751578,0.256295391518905,-0.193367215927591,-0.127722782017916,0.084428453035992,0.0307609303765391,0.160306176314026,-0.0362860929004347,-0.0885531186958517,0.0096712585320578,0.0581080930538637,-0.0613587287145913,-0.154096164391068,-0.0177103585268032,0.107326647427102,-0.0782291965863189,-0.0275286910513029,0.0368609800266158,0.151269651745515,0.0143946941887693
1479.in,1479,1.00000000119832,-0.148343972865771,0.0642899691173277,-0.0296455171544411,0.271417166493511,0.159827922212089,-0.118519556446956,-0.560470578096386,0.0356379970060569,0.105424511420041,0.294265761287438,0.331993959642809,0.439188489126408,-0.112469957249024,-0.20836023064381,-0.206473390431708,-0.0112262360488738,0.0969690401071785,0.280154164359748,-0.190255368775432,-0.119922674976572,0.0745580539380183,0.0353594143771333,0.172524446439006,-0.0328135897105943,-0.0873344743714567,0.005240156606239,0.0497928569883478,-0.0538545935868942,-0.144537060959256,-0.0163753211662376,0.112854503579288,-0.0791772998929205,-0.0251138301597173,0.0398794758451084,0.16627639516264,0.0094693994181885
1480.in,1480,1.0000000013911,-0.0224356049884442,-0.108944089524064,0.12415306426501,0.0919021422092803,0.224866407204825,-0.0502620929648296,-0.506765074030718,0.0049500252621707,0.1667513891253,0.291755260434594,0.313082859047911,0.295455203633649,-0.145571933385853,-0.0770366573886051,-0.134730432492575,0.0205370271968803,0.133295578225647,0.168032762978272,-0.21973856097873,-0.0845303998240501,0.0255471428280788,0.07248134398247,0.131627501446881,-0.0080308796964292,-0.109244674372455,0.0439841815156219,0.103424847620604,-0.0327619553579971,-0.111134623832056,-0.0155200317809933,0.0685327924998399,-0.089354081162211,-0.0057422539372908,0.0288313176315147,0.131842240041532,0.0237228262303993
1483.in,1483,1.00000000123237,-0.0472390304628891,-0.0409927768017241,0.0575064447240181,0.17975991542432,0.139993138716751,-0.0699598225055783,-0.51241102649073,0.0093028402553547,0.155102118851541,0.328453297163317,0.347652421391855,0.367556229735465,-0.132340945543346,-0.142838797827764,-0.156813970582318,0.0408660630934051,0.127161482335804,0.212021986329831,-0.209969598422208,-0.0922043914308315,0.0360788366721822,0.0645307439689803,0.156960634686151,-0.013003228594681,-0.108438551444869,0.0285629956218833,0.0804559092413291,-0.0370997179310261,-0.120376069704468,-0.0167275062700058,0.0832289942095038,-0.0878881959298703,-0.0065495268274029,0.0431786088876072,0.16859041902772,0.0056391854855095
1484.in,1484,1.00000000107818,-0.174225713660854,-0.0194502397745327,0.0472719232426161,0.197166164449842,0.11718961601104,-0.137499480136362,-0.566705182557688,0.0365505102261367,0.0907701935325856,0.330584163387493,0.354823247027971,0.383221668563339,-0.0986542326248887,-0.151528765560914,-0.22516772898569,0.0382138689469258,0.0922547413744714,0.227055054269949,-0.213530614319175,-0.12646345865948,0.0817338877042432,0.0665364882086013,0.163921694137226,-0.0374110061974648,-0.105196796347091,0.0295247703736972,0.0786806074908552,-0.0582094053927733,-0.153398985794656,-0.0178623035854048,0.0891766964763027,-0.0760062851512644,-0.0255328181473747,0.0468024714274805,0.176340909328484,0.0032339066228689
1486.in,1486,1.0000000008177,-0.0277791442651944,-0.16554695485109,0.161409648656398,0.0769028933688048,0.153238472376671,-0.0605511312772938,-0.512709252557899,0.0048857001927532,0.169507712524524,0.322759076047345,0.348286119726006,0.273591113566152,-0.143975284534392,-0.0461610249559632,-0.142228230312479,0.067550476220333,0.130718032189501,0.139215665413712,-0.232214495836763,-0.0834062133648617,0.0315198650369195,0.0991038577982691,0.133893760255058,-0.008977054922211,-0.125783693491752,0.0621623554529004,0.116057868901313,-0.0324830475925012,-0.113257569220761,-0.0183969123498747,0.0530448975145987,-0.0900106339714494,-0.010791498834169,0.0350799098234224,0.147422862884293,0.0136768678940134
1489.in,1489,1.00000000084124,-0.0518664079172595,-0.094150084702776,0.112995858458571,0.146272345677971,0.0642188471250282,-0.0783493092245369,-0.5210658728069,0.0088396512262496,0.152928625060813,0.359317286697743,0.386543125948237,0.34457773921714,-0.132178839497605,-0.101949046193466,-0.15926532689874,0.0842656784012466,0.126215926463532,0.186991741429611,-0.228916017170653,-0.0882759271398451,0.042075238899875,0.100483405675387,0.16210904504182,-0.0155146303084673,-0.126241178616657,0.0495003225478516,0.101874177606678,-0.0368318058888178,-0.119460120894447,-0.0191692045076951,0.0713514064349532,-0.088102788283574,-0.0089677930280892,0.0496866365287793,0.185244953181884,-0.002809056790871
1492.in,1492,1.00000000109797,-0.0166351924001456,0.0139663515001227,0.113359456509733,0.08704635013864,0.380353914317329,-0.0568689873788826,-0.506859284267707,-0.0005280191886423,0.173686163133216,0.290812207527428,0.311328429828641,0.358844068086236,-0.143382844211187,-0.0752979239068504,-0.141501378910595,-0.0733742040250897,0.13752528869718,0.226441477260152,-0.216944730550387,-0.080722111814398,0.0221330694701187,0.0655565490802853,0.129133768503309,-0.0065691817951146,-0.109797453633479,0.0051370029553878,0.102690154060534,-0.0313188062461467,-0.11299256763517,-0.0175417455720944,0.104824538193189,-0.0909672303176992,-0.0022578927046191,0.0181399730013711,0.131552184835511,0.0352556358256246
1493.in,1493,1.00000000104432,0.0266934262777076,0.0304821427286482,0.0928978350945989,0.134574120196411,0.35049530680696,-0.0271788190255466,-0.49005019628728,-0.0064760085706087,0.196841451041959,0.300307463758073,0.32185566019278,0.375460625862829,-0.160766164930599,-0.104046875567183,-0.110694495417355,-0.0728132498005932,0.147208431647919,0.243470163082202,-0.210667480633001,-0.0701787682492377,0.009975096815569,0.0654067276090879,0.142211635397691,-0.0007004886602844,-0.10611296182311,0.0010462983629901,0.0922950566943892,-0.0240691788890758,-0.100692474415142,-0.0157346990318639,0.104430631133429,-0.0925205650706541,-0.0013239950321637,0.0188827705826377,0.142175713304952,0.0357451763640923
1495.in,1495,1.00000000110678,-0.0571319509137504,0.073078128103781,0.060779111497065,0.188053453263639,0.293788910218352,-0.0757396317494921,-0.525526261233543,0.0164942073262423,0.155218714615479,0.315554633258794,0.342154946686326,0.422942736527451,-0.135473673765239,-0.137860996959839,-0.159856650339655,-0.0689869416414289,0.12203446982415,0.274872246866238,-0.209123513019238,-0.0915228217453147,0.0426068712050713,0.060293051482684,0.159478295954158,-0.0139190179515898,-0.104836368789148,-0.0039276217807547,0.0822754047208503,-0.0382354956918499,-0.123118533403328,-0.0193330271117064,0.116421103635394,-0.0876191298040328,-0.013527038040448,0.029642566675909,0.163643992254437,0.0236122508293887
1509.in,1509,1.00000000089554,0.0589279064509239,-0.0075796446042616,0.0687094967867243,0.138542332810852,0.121013632676005,-0.144358897205521,-0.42015197146231,-0.0103870703896289,0.179935646849245,0.236031166993909,0.268362918108656,0.403448009360473,-0.139720746018848,-0.0925857789579665,-0.133364928867489,-0.0194926655679096,0.088793898135128,0.124312258563521,-0.164151076695656,0.0114826820549505,-0.0166452936309008,-0.0906821571100718,0.165482573571461,0.0721373770111235,-0.0816864751539981,0.0469603022752269,0.0588920971250036,-0.0524317944837642,-0.122198489229413,-0.0340493245203596,0.0775434904190094,-0.0703317458584564,0.0379408506893297,0.0757705075848019,0.136454510223082,0.0029749654849936
1511.in,1511,1.00000000113892,-0.0202969188300174,0.0422269791943077,0.0363252262283384,0.192778994835405,0.0702239199726947,-0.183511927708214,-0.45083026125911,0.0065467415077133,0.135627555891856,0.245183916265009,0.292240306030754,0.448868374209265,-0.123476922563914,-0.125835158999982,-0.174933016351437,-0.01571154800976,0.0677629788642094,0.1536268951109,-0.159022360329869,-0.0101365852918528,0.012814623411432,-0.0925376554002937,0.181445312319458,0.0589325249312711,-0.0814524539862521,0.0397484135533236,0.0461006131348725,-0.0707677915385144,-0.144811226188616,-0.032553478973261,0.0876144068598744,-0.0611947187541446,0.0291853138297178,0.083408512783181,0.154119780887525,-0.0031966156138864
1512.in,1512,1.00000000106082,-0.145973810959955,0.0545528582371861,0.0221936886827107,0.210229120190234,0.052812157107277,-0.25088641059404,-0.494917678365945,0.0340592504694386,0.0720739330737778,0.25585258982754,0.293312104625895,0.473366041049646,-0.0885345548906963,-0.138123532616065,-0.248662034240294,-0.0113273893548291,0.0339787345852792,0.168451479428316,-0.156515530647917,-0.0472474286390563,0.0581829844791166,-0.0986273264358759,0.189061589657662,0.0370554569182565,-0.0819804959665849,0.0368262479963339,0.0414498312372079,-0.0927847022335781,-0.174487885413386,-0.0356955278240024,0.0913072393360341,-0.0521637239306522,0.0118631825081266,0.0903067318931593,0.161774251302669,-0.0120002910644396
1514.in,1514,1.00000000122848,0.006187412563203,-0.091777098268406,0.14318873637149,0.0860226054473158,0.0845533614695978,-0.162688719087954,-0.43727453090355,-0.0030703225109154,0.158629983863441,0.256224212918116,0.292655224491047,0.353173856347713,-0.13198943939773,-0.0364770958711015,-0.157755148865874,0.0197551399311818,0.075606338267294,0.076949120116936,-0.179131640518083,-0.0039930000264266,0.0018523750062291,-0.0577066185097012,0.156854792869388,0.0662020310230344,-0.0999790406596052,0.0712939518354466,0.087834190544932,-0.061746128305021,-0.137013602366929,-0.0355749798519909,0.0558263592474849,-0.0660265949962103,0.0333903970872499,0.0800932197142983,0.137362404231867,-0.0016520815136535
1515.in,1515,1.00000000134795,0.0694989627217816,-0.0558319952542723,0.114468068326712,0.117992450166223,0.0559962127542804,-0.135365891999571,-0.4198065629277,-0.0177205079855,0.184417284222644,0.269239569585355,0.309310365470141,0.380100041302975,-0.144484927911401,-0.0646261177297915,-0.126152160362768,0.0238994496050145,0.0951889212542368,0.0987963934843984,-0.177772642526053,0.0135842547264767,-0.0193165484935894,-0.0578116326771008,0.167268810265838,0.0721977719013009,-0.100460842614767,0.064180535336414,0.0757039710123644,-0.0501909117886323,-0.122073459917698,-0.0360185841589182,0.0649624044360781,-0.0697978607270661,0.0404712738461203,0.0837330006014312,0.155865352777358,-0.0053082559208935
1516.in,1516,1.00000000086964,-0.0871070094314746,-0.0524321854065818,0.111296754792423,0.13463975851963,0.0315681410921499,-0.208994192640633,-0.471390075851487,0.0165796640635067,0.109246836376767,0.2789696479986,0.311616464326544,0.390722386029062,-0.105735227084489,-0.0738170188606598,-0.210815745457547,0.0253802751000837,0.0503889606493891,0.108332865740938,-0.180396918737679,-0.0275113548751746,0.0331350200402765,-0.054457647947065,0.174608646975966,0.0463917881854832,-0.101452255854442,0.0604819208855308,0.0733821194720746,-0.0781033828089397,-0.159206128380573,-0.0352051629945508,0.0648474427896908,-0.0568329388316933,0.0222599692735776,0.0846826639943691,0.161553914607796,-0.0105033826081754
1517.in,1517,1.00000000067002,-0.0272832405525495,-0.0146207761434872,0.0842421144198412,0.177148465024581,-0.0070489699692864,-0.178051925564658,-0.44650311423432,0.0047887649098376,0.141218634864837,0.299867916056105,0.321707059722271,0.420011759554617,-0.114745219229447,-0.101308807922069,-0.180452687928645,0.0357480368146649,0.068649979452228,0.129720855108966,-0.173050973289173,-0.0141162928897173,0.0118771039385097,-0.0578481064197843,0.186380479680721,0.0558983947649363,-0.0977619774072788,0.0540214283155196,0.0664942741886477,-0.0667308820292516,-0.144488826497942,-0.0340688969699644,0.074544468589036,-0.0605101821554859,0.0289377792892285,0.093542542457258,0.177382914855105,-0.016736525505537
1518.in,1518,1.00000000126785,-0.149373071718038,0.0024382002085374,0.0813703669603692,0.185114749077026,-0.0200861691065,-0.253710429700235,-0.497349029484501,0.0349629292450031,0.078593578620886,0.306254125354483,0.337187114508643,0.438868230398794,-0.0883686786927934,-0.113775682172841,-0.246330978212436,0.0320906205666678,0.0315881335820744,0.136567187472371,-0.17784851620903,-0.0464326437217157,0.0560572767578342,-0.0625020976043577,0.194932575471843,0.0368531326652605,-0.0983587798388049,0.0549304780243413,0.0635709741089447,-0.0914593809171362,-0.179629361874426,-0.0353509800226972,0.07675145947575,-0.0527680415467733,0.0117468908996971,0.0932148929828986,0.182754433542194,-0.016541514627607
1519.in,1519,1.00000000082556,-0.115519545824477,0.0202449884954827,0.0426149425351,0.220406691359666,-0.0574041019459424,-0.23288871608314,-0.484340850802992,0.0226401459781644,0.0963931151556384,0.315997746590459,0.350523667817206,0.464442559793346,-0.0932336743864717,-0.141124678127099,-0.229119589240589,0.0486033919104687,0.0455407831861839,0.154724887543023,-0.171720205909908,-0.0416362107123536,0.0434957559878487,-0.0604178246263857,0.200774705153965,0.0388873857104587,-0.0998680794057683,0.0478506606478648,0.0522130935211125,-0.0819167336505091,-0.168893704307635,-0.035155397651475,0.0815411872925505,-0.0571005780988047,0.0189378299149173,0.0998090866608957,0.198203129915759,-0.0255207494805702
1520.in,1520,1.00000000109794,0.0142213006277577,-0.159219998142954,0.189851820569063,0.0495165491348894,-0.0063235275827762,-0.168224076914485,-0.438009733039468,-0.0054698040649371,0.158945266248929,0.299723244105117,0.327889210413304,0.322469487520921,-0.127770824482434,-0.0054788019898365,-0.160953173557457,0.0826756104758009,0.081016049047657,0.0421806703796006,-0.198531173322753,-0.0006882779300674,-0.0003332756016766,-0.026654916370238,0.160304328518087,0.0646498051796419,-0.119943078240759,0.0913201333407295,0.103996506111889,-0.0604532242888855,-0.136213515463124,-0.0356365021358146,0.0377674825391007,-0.0659154640275722,0.0341362473524519,0.0889614588067567,0.160368556398501,-0.0134916726738923
1521.in,1521,1.00000000112301,0.0675844485249091,-0.119806018152082,0.177446636376241,0.0837008062862777,-0.0392626219508829,-0.132801783838118,-0.421100163040388,-0.0155465138688482,0.190415215723906,0.318359957502301,0.334299604838454,0.356114727442742,-0.14217905137484,-0.0197274246754485,-0.129654447068242,0.0815074847715198,0.0931980611435734,0.0699417430210069,-0.196936624030929,0.0199595326711744,-0.0214383935224924,-0.0246329488675896,0.17443759134182,0.0755846966010336,-0.120546635843721,0.083552731554532,0.0986857385763496,-0.0523213258315564,-0.118641340459124,-0.0361532216487323,0.0468643027095201,-0.0690246534905159,0.0418368556982368,0.0960511412787045,0.169830016637455,-0.0185388761653266
1522.in,1522,1.00000000113111,-0.0671169196764447,-0.103129645904069,0.150121499823821,0.106834302324985,-0.0514468814671636,-0.210999468380365,-0.462230255341742,0.0069761918412766,0.120457485181177,0.326998431853614,0.349791179930783,0.370395582818582,-0.103132239987201,-0.0504080682762358,-0.206900901124352,0.0869443087948375,0.0592698961005694,0.0779647378958625,-0.193370372000419,-0.0227547274814868,0.0251930357352603,-0.0283424158411618,0.178363954620897,0.0480134381390336,-0.11908627177062,0.0784911652974331,0.0911737416356534,-0.0734117243270632,-0.155622661481699,-0.0380226769784437,0.0510652789961339,-0.0598200224079635,0.0264810629234568,0.0949208981510254,0.18549216073316,-0.0248856902501034
1523.in,1523,1.00000000085573,-0.0240933562237088,-0.0847287357104296,0.131906621564522,0.151466781079959,-0.0851422001569613,-0.177560052344621,-0.447050342753454,0.0056181713584287,0.139254646257586,0.334235833573535,0.359494007133142,0.388385109429677,-0.124125645390023,-0.0665714939871879,-0.1702027531588,0.0838677461576772,0.066983525809241,0.0916952937504782,-0.19446732919683,-0.0105290699935037,0.0099780739160803,-0.0268113345583975,0.188289599515948,0.0586816927426016,-0.117344079418329,0.078305272720568,0.0826313705241537,-0.06651521615091,-0.144910604825621,-0.0336961939439458,0.0529303267327664,-0.0622190384060722,0.0263357531056307,0.101619858543948,0.189756550094822,-0.0206958575088844
1524.in,1524,1.00000000087106,-0.165657209478889,-0.0611314290563069,0.126785537451281,0.168961944183869,-0.108097084969073,-0.250159049887819,-0.497409315105483,0.0352633127640783,0.0765405108879117,0.34775191429979,0.368503992504087,0.409276103600778,-0.0865149155970318,-0.0764302445753082,-0.254390197665973,0.0909840176047014,0.0275143714683165,0.106987367758463,-0.191780464491066,-0.0476235475700316,0.0554507798380857,-0.0267231999829235,0.198478164989925,0.0352670153049009,-0.118018552498715,0.072640140379039,0.0778561427964167,-0.0914395498702679,-0.179428011536281,-0.0365110538591238,0.0592035420045934,-0.0526492414378335,0.0089715423120637,0.105465073986703,0.199844943209353,-0.0281586346777467
1525.in,1525,1.0000000008309,-0.112265074359226,-0.0439177120369046,0.104787611060143,0.195464815716917,-0.141062170451064,-0.22527564200593,-0.477096685696624,0.0250825360014157,0.0965205654823852,0.360671917875712,0.387307004128485,0.431062326241473,-0.101160822329111,-0.103205423932235,-0.2235163831681,0.0928183663664901,0.0439116894215109,0.122073118502753,-0.192536501530732,-0.0355290447221162,0.0413539743889039,-0.028354559597266,0.207344549565053,0.0446581227331348,-0.118950507085457,0.0671743336139329,0.073134209484181,-0.0810014784611811,-0.168444005878818,-0.0357004805028834,0.0666196306184906,-0.0558678483026504,0.0159229402925349,0.109119952152082,0.217750497653993,-0.0351764461339544
1527.in,1527,1.00000000153962,0.0598736307007166,0.0584776629046013,0.108245478969682,0.114079323649975,0.196155002270302,-0.145418970478998,-0.41926750181967,-0.0158486788876254,0.182521740896195,0.270045883094882,0.305399970466208,0.435451331739676,-0.136627367489076,-0.0580990122584046,-0.136518983974837,-0.0659026511369905,0.0928689092696851,0.153040358577554,-0.1748856175672,0.0136865191566439,-0.0168202592595696,-0.0610374747465663,0.166460529455433,0.0729480441354441,-0.100030874479877,0.0275080188263837,0.0736573776346686,-0.0523853738453109,-0.122646438090428,-0.0359318702738312,0.0945277868755559,-0.0678752165447901,0.0418807326611218,0.0705718232501311,0.155681594653187,0.005474965559052
1528.in,1528,1.00000000092957,-0.0719348631348896,0.0603680071315671,0.109411476246702,0.129808654397115,0.185332183465954,-0.216226462020095,-0.471521490616622,0.0151202809746772,0.11830800218173,0.281214648213511,0.315861525819552,0.448531096936063,-0.108542110094213,-0.0715733073691598,-0.206595566391343,-0.0635735630009747,0.0556653174005898,0.166304731253689,-0.176070956178008,-0.0210380099595089,0.0290880302063221,-0.0559059824527118,0.174056447074438,0.0480250725555671,-0.103120693822444,0.0237560207391605,0.0716418161640049,-0.0770491038215802,-0.158120826589457,-0.0365781735316614,0.0988296899986666,-0.0591889478630649,0.024129622826161,0.0722036915047951,0.161182446144994,0.004579654490594
1529.in,1529,1.00000000082678,-0.025831817784899,0.0942875130206231,0.084770077264606,0.168406503823035,0.150595054286176,-0.182852137924633,-0.451372376226927,0.0039191812462766,0.140748276866805,0.291941290990959,0.320409710897457,0.472116187281387,-0.115747967858324,-0.096175274605028,-0.181724179299623,-0.0598120831208283,0.0694018953510221,0.18351579907978,-0.175353759903429,-0.0136759291117004,0.0106896319364401,-0.0585504207534858,0.185881058887341,0.0569755693522128,-0.0992499556288712,0.0205342800170576,0.0672431639463762,-0.0662764614630115,-0.144337240335584,-0.0355187669614666,0.102988266222919,-0.0621029347856482,0.0292454742817311,0.0781840118210597,0.175195285952083,-0.0011594781145463
1530.in,1530,1.00000000112932,-0.158340930914796,0.115707152307731,0.074640138734999,0.182156704780422,0.127116547679264,-0.253080182541526,-0.501127015627184,0.037749387823119,0.0718689379534636,0.302586069337663,0.332867806680393,0.493026759161405,-0.0871617010013274,-0.107136810423909,-0.247526277799236,-0.0632345892123861,0.0302441389950259,0.19745192906887,-0.175444468008935,-0.0490897487503267,0.0574435516844254,-0.060414313112053,0.193697119679155,0.0346530841201361,-0.0979004734429304,0.0181374722031282,0.0627649811663297,-0.0914263703965422,-0.180888972837936,-0.034428165584646,0.107466771976566,-0.0509036844215833,0.0099271931628666,0.0797228913807491,0.182358811275256,-0.0016462168261175
1532.in,1532,1.00000000108432,0.0092590751563537,-0.0344280742551689,0.196773905933674,0.0433330947187215,0.154590542953723,-0.167377757182999,-0.438762096675118,-0.0058899669067518,0.161860806611884,0.302554201492176,0.323387921694457,0.378683454739782,-0.12698353132444,0.0077265888995978,-0.164194384459508,-0.0200233056982982,0.0768062823181631,0.104531090352224,-0.198676953385142,0.0007387735541745,-0.0019100880258321,-0.0242158409614713,0.160101305963235,0.0637853873280211,-0.119618111165471,0.0521028525359094,0.106542930256961,-0.060043827851584,-0.134203129048869,-0.0366139442939508,0.0714042119561072,-0.0645414460096063,0.0343888318765452,0.0732560757070459,0.157179383582919,0.0030947763222865
1533.in,1533,1.00000000088719,0.0609912103414162,-0.0118535391028488,0.178060504643541,0.0866763179515217,0.116877561734483,-0.142785860584353,-0.422962067188545,-0.0084026665525118,0.181106547744642,0.31556752687396,0.33858273149826,0.404471105365206,-0.143854097467617,-0.0315570558217085,-0.12919535276077,-0.0186487285370518,0.0922579209844153,0.124641656285971,-0.196946345498658,0.0153197896280707,-0.0147678077933431,-0.0277357130829518,0.174158710791816,0.0721474683498221,-0.117452575334497,0.0487818808226969,0.0959207563572269,-0.0530769907275375,-0.122942395910583,-0.0341752951407004,0.0739437772404516,-0.0688191355255657,0.0389246116419387,0.0790999706931879,0.170630828589409,0.0017735854947006
1534.in,1534,1.00000000117007,-0.0771067144019624,0.0231383633740503,0.153100380013413,0.113241679329113,0.115718847430528,-0.206111383014812,-0.463386490904602,0.0131842147289099,0.116823863415351,0.327036861823606,0.346989887639822,0.421349292769667,-0.102539014352,-0.0462952672155904,-0.210434444902074,-0.0211388278823925,0.0545238334196008,0.138871465478622,-0.194464393669275,-0.0283319709640742,0.0274923932414154,-0.0249094364857983,0.179567147588309,0.0484353069407776,-0.11811460714978,0.0391950686383502,0.0913342674198958,-0.0760536662983197,-0.157278297005492,-0.0351799805144061,0.0847389365532168,-0.058912265431259,0.0220063383974588,0.0785591220420944,0.184570091245544,-0.0049094997963217
1535.in,1535,1.00000000074194,-0.0205053621079107,0.0472760592005396,0.141154097605162,0.144238679398113,0.0728332169397902,-0.178182481040285,-0.452996850154204,0.002340978601954,0.141656704900559,0.333114946638618,0.359116840553927,0.448427369258751,-0.120318825048831,-0.0669824576391,-0.171545780877201,-0.0165834649247542,0.0727210319644319,0.160333406074936,-0.194019989536843,-0.0097641800415821,0.0117321396263355,-0.027460898683738,0.190707213423369,0.0577740559908288,-0.11630016171531,0.0380628573675358,0.0843189567939701,-0.0682674553341233,-0.143389503611488,-0.0358825441721085,0.0897833690056669,-0.0620214440502544,0.0286909691084278,0.0836116920858196,0.194128586263568,-0.0064482811595806
1536.in,1536,1.0000000009055,-0.160980487566945,0.058518958300637,0.120399460869494,0.160297602986448,0.0560091509799816,-0.259866113330927,-0.496826532328114,0.0316159172588092,0.0745255834997304,0.341438573279475,0.370196657534159,0.470534792048023,-0.0865788297306997,-0.081487107970555,-0.254937139783533,-0.009105787805477,0.0332919658561153,0.167491483578917,-0.191911093676236,-0.0464632031639948,0.0583328825723286,-0.0307803306130703,0.194614075820207,0.0346412240492246,-0.119480084152815,0.0320032441109935,0.0782016959725815,-0.0903400609775157,-0.182422529494243,-0.0370119769623626,0.0910656413665978,-0.0531392606263275,0.0129663622079012,0.0896332354691409,0.200002836389047,-0.0123439635965397
1537.in,1537,1.00000000112531,-0.10795465472083,0.0737631410051349,0.0960436825201632,0.192827797734796,0.0225296520281002,-0.232934683662353,-0.481973284178082,0.0197665538933288,0.0989418231683456,0.358920578118139,0.384907812880836,0.494072157027109,-0.0951613070758906,-0.107359745069737,-0.233144611339031,-0.004604885442711,0.0499169429942023,0.1876157709894,-0.19160131014506,-0.0316536396136641,0.0387015038960742,-0.0271721053890448,0.204716599932369,0.0417338887795355,-0.120182943372406,0.0271737172616252,0.072948519901916,-0.0816522629500269,-0.165652685327187,-0.0361736119257977,0.0974123615039181,-0.0563984491577491,0.0211797529899677,0.0911628007312929,0.218428491733482,-0.0222545896567947
1538.in,1538,1.00000000102633,0.0016475316489504,-0.093184410743787,0.242813150103016,0.0271876902216711,0.0772067899593915,-0.169212788418391,-0.442388536724564,-0.0022265718793559,0.158622707286975,0.344657726311103,0.360129463773984,0.354244132869221,-0.126700013919242,0.0268152660310368,-0.16733455811939,0.0273526801444297,0.0760224737364067,0.0779332114711344,-0.21746539332676,0.0002729637796157,-0.0004402908629848,0.0029815907174862,0.168357250856872,0.0638336223053161,-0.137162996836296,0.06996741627986,0.122186542833228,-0.0626569140606134,-0.139351083362261,-0.036185818193341,0.0573228208029544,-0.0639193825215939,0.0348196466768458,0.0853296087650114,0.179524627876449,-0.0049514282006085
1539.in,1539,1.00000000106362,0.0572616251590818,-0.0654627696064838,0.216369455031954,0.0628132986746871,0.0466511618792843,-0.141112371504054,-0.424657478989295,-0.0083314667123055,0.180521611555532,0.357161589723308,0.373059568653552,0.381946113356042,-0.142281810096246,0.0039477594089965,-0.13444193926311,0.0278716366080481,0.0915558707861072,0.0974805591613555,-0.216314795245866,0.0128902201202855,-0.0166714277323817,0.0048126278287579,0.17686062337139,0.0719262935209103,-0.136553301878743,0.0618370831419018,0.11179454242271,-0.0539741954336302,-0.12489811805766,-0.0336679187831948,0.0616988853326551,-0.0689707906179425,0.040366146729681,0.0885208432784411,0.190010600255872,-0.0087407240985781
1540.in,1540,1.00000000102776,-0.0738988249519845,-0.0453796763021848,0.209662742442775,0.0838268237371407,0.0333504746492813,-0.20609301249513,-0.464297392922815,0.013905356843196,0.121935227056869,0.363787255323479,0.379361454436212,0.394938490274757,-0.105225474258383,-0.0117457861584436,-0.208548656865214,0.0276147842120536,0.0562423306385543,0.110034258246984,-0.211205021502666,-0.0249099073474462,0.0249867431651562,0.0046571054216925,0.183721142060659,0.0500653766731481,-0.13528569289657,0.0604434949231132,0.109771576515191,-0.0742803430637685,-0.157851677702325,-0.0364679910258884,0.0674734719313796,-0.0584311914950203,0.0240995264697894,0.089155260271205,0.199206932620676,-0.0135310045592223
1541.in,1541,1.00000000109837,-0.0212855107998514,-0.034773435444179,0.198291655930795,0.110755701440912,-0.0153455487066018,-0.179772849803343,-0.452840639156793,0.0029683869915242,0.14290948121903,0.370028697838175,0.397663254755828,0.414455010970663,-0.114337951844302,-0.0340287981821996,-0.174409031903765,0.040219886981498,0.0723509511206793,0.123820201815299,-0.213851428743668,-0.0122084402286181,0.013817618790374,0.0127322689090603,0.195984065211732,0.0583421282372305,-0.135208694800048,0.0601033531592072,0.101282277098506,-0.0646917594819945,-0.140987810728099,-0.0360317265316112,0.0681371568113577,-0.0633799224736571,0.0304247404397137,0.0912554767610256,0.214741986204531,-0.017287553322002
1543.in,1543,1.00000000114419,-0.0990844636024766,0.0184209583782305,0.164365219009496,0.169597183547572,-0.0515231028169941,-0.224409443324354,-0.474674862906104,0.0213176360809985,0.101725124987825,0.401261110426428,0.424892504991095,0.456399154061219,-0.098563692548016,-0.0735433961737865,-0.222979393148015,0.0468752159732573,0.0486306371833321,0.151084507128256,-0.209421586161951,-0.0324012283024714,0.0369261786548044,0.0081920603993648,0.212577552871149,0.0441182265554959,-0.137222474338029,0.0487881859636512,0.0919951705124461,-0.0808925636034107,-0.166467432969343,-0.0339209656410543,0.078399107030719,-0.0566636508453594,0.0197762742587762,0.100971242547326,0.237318532933129,-0.0258681970998781
1544.in,1544,1.00000000128692,0.0156520358759013,0.0779111479034329,0.19447912252489,0.0515730562307058,0.308283377607356,-0.166675471391218,-0.442314187061242,-0.0022962260876942,0.158368368052202,0.295758886646109,0.326198558234489,0.431499722496305,-0.131935901970212,-0.0047050443637085,-0.15689525052433,-0.121809097648629,0.0801591497342061,0.164378236271872,-0.200435216931477,0.0017330211373901,0.0018578703459277,-0.0282680179141313,0.162160827337054,0.0642578653777844,-0.118532012871785,0.017385174144318,0.105153579329563,-0.0614094588656592,-0.136005894532066,-0.035320262157167,0.100628660188615,-0.0656460564042689,0.0320937005090225,0.0582306974002382,0.157538933243221,0.0231009061584841
1545.in,1545,1.00000000084706,0.0665403275578966,0.0930117092354676,0.185148997258815,0.0769075739805003,0.272265163013815,-0.145421283349622,-0.425114550297673,-0.0113148857195261,0.182296402842832,0.30678360103723,0.333824424435822,0.457055156348074,-0.147652728565227,-0.0173691378074729,-0.131158225184786,-0.116414582531389,0.0929057686467091,0.178494853264654,-0.19893022548863,0.0208418533672743,-0.0172592746704593,-0.0327325500738458,0.170346284670318,0.075312988140392,-0.120924413120593,0.0115796961173745,0.101742160627829,-0.0524007608307197,-0.120949470768725,-0.0363252043934724,0.102052119134574,-0.0693887265827621,0.0413246172037283,0.0653861305204449,0.163344689306946,0.0172689036040405
1546.in,1546,1.0000000013518,-0.0764218876474451,0.120894377229947,0.157860581144291,0.109889424759519,0.252121406164431,-0.208118753415453,-0.471068336715178,0.0163661658679838,0.118662121887768,0.318527257124147,0.345712762860055,0.471426656863985,-0.111575098492458,-0.0384706868495991,-0.204696830560176,-0.112402992644657,0.0552021390597345,0.194279554127795,-0.197140750524492,-0.0231265327682982,0.0289810317814563,-0.0284180078529137,0.178448211001664,0.0498805923192298,-0.119345042649998,0.0073358053136788,0.0924681864684145,-0.0760564586108567,-0.157047140937219,-0.036439404632949,0.111018435245516,-0.0606737115555824,0.019607922552116,0.0656078213496267,0.174238794182222,0.0146854440880311
1548.in,1548,1.00000000106128,-0.142495856179734,0.171132971238079,0.118217858787448,0.159468156058369,0.202228854184291,-0.2516497157428,-0.493851644114192,0.0285327463464409,0.0786628233186319,0.344525263572624,0.370689953167756,0.52131023465278,-0.0862928285903244,-0.0838782784522435,-0.248940103167795,-0.105187379926788,0.03640699108777,0.22317502394098,-0.191965004875319,-0.0434437296310603,0.0532948116998845,-0.0297003988535871,0.196535029270886,0.0368710140625219,-0.118220161332332,-0.0027556753430238,0.0788563019796926,-0.0894372371354581,-0.175421330659257,-0.0358961556775041,0.120574404519731,-0.0526194899774615,0.0161851191416294,0.0732387195045881,0.203452193702244,0.0022101852604779
1550.in,1550,1.00000000109444,0.0089978710633838,0.0143131945810777,0.244127556145313,0.0266840300892196,0.223793187111177,-0.166212723742097,-0.43091170743421,-0.0044864324537148,0.15856225395045,0.34429468924968,0.360707596589616,0.39769690765253,-0.126656451979482,0.024291342832614,-0.161833819854426,-0.0638031312056233,0.0781215146936261,0.130537746227345,-0.216674877242767,0.0020785595161475,-0.0024025935679652,0.0063480070264784,0.165073309860363,0.0651072281735614,-0.137544356647195,0.0347742415759726,0.12168311123236,-0.0592573828260404,-0.138425474930903,-0.0350122172136373,0.0839845985536285,-0.064009081086321,0.0331168628075776,0.0683235841552306,0.179319201090045,0.0111012412772922
1551.in,1551,1.00000000106503,0.0659072983683217,0.0344196277681524,0.232709383503075,0.0530997811460802,0.203300402200544,-0.143008851464371,-0.425070942545352,-0.0105843254009455,0.176856237237977,0.343753880705289,0.374094825525601,0.424422677958864,-0.145637895244377,-0.0017807261880451,-0.126704826086728,-0.0712911017953965,0.0917904113986248,0.151616018844021,-0.218855498706235,0.0147544940517364,-0.0152697394312451,0.0047369034516309,0.177239641228917,0.0728595718109918,-0.137966586118276,0.0309667247334039,0.1153947492576,-0.0554722690521292,-0.122661465991723,-0.0341828180268933,0.0889231046540589,-0.0689193019851309,0.0376817253618964,0.0675555751224008,0.191126010755433,0.0115056127024822
1552.in,1552,1.00000000084454,-0.0742966050599528,0.0568906723595121,0.219563311391282,0.0901141816142587,0.174449124929695,-0.204209604258499,-0.468892266860355,0.021272920194906,0.11356653099081,0.358876704899872,0.383316515237639,0.440303853507327,-0.11390622681992,-0.0082001875274736,-0.200435802292612,-0.0718951705547902,0.0509631669305222,0.164677820771109,-0.214093999941726,-0.024012503814876,0.0292081835377026,0.0091882710873268,0.184566087966251,0.0508926844598855,-0.135584057154768,0.0264318774644415,0.10773640000025,-0.0772959797039358,-0.156210831493701,-0.0325944883566686,0.0950250251056941,-0.056657124581435,0.0166610375916058,0.0713536083636412,0.195318738531977,0.0100597956779007
1553.in,1553,1.00000000097978,-0.0122820681727378,0.0928172993745728,0.193255664260818,0.118752142513151,0.147065404716831,-0.181175709434871,-0.447488455196028,-0.0001725691646815,0.143230252841436,0.37855316341257,0.393530628187243,0.475290555103968,-0.123774429132188,-0.0306124180441152,-0.173398160517685,-0.066130538335831,0.0699311315336616,0.186401250089595,-0.21393725314658,-0.0068480216328891,0.0087162297210774,0.0003651599589817,0.196661311399227,0.0606225297650166,-0.137731546247926,0.0189739936143069,0.102908191708703,-0.0682578685672593,-0.145770808807569,-0.0374878031198192,0.102925274574107,-0.0635096605461187,0.0303401851791307,0.0810502871685555,0.209055690195131,-0.000492802120103
1555.in,1555,1.00000000110696,-0.101768108399315,0.127636362173082,0.153179037278963,0.17040594326535,0.088753061782604,-0.230654204845032,-0.483256201080056,0.0163205848476342,0.0995314143155475,0.391157501519102,0.418351934827503,0.51308833608769,-0.0949278682632991,-0.0775374771815179,-0.222775637874151,-0.0486381293594513,0.0495050349179814,0.208037783036167,-0.20941715003543,-0.0313681720482219,0.0358493043439224,1.00961446022685e-05,0.210225320158995,0.0459436549054697,-0.134716422320617,0.0131096738908732,0.0931801003604151,-0.0801339076273615,-0.166161643437508,-0.0376042869606914,0.10871522163073,-0.0547338798555227,0.0194425639674369,0.0860199498567186,0.23679067283528,-0.0106707374631446
1556.in,1556,1.00000000079184,0.0176283331566914,-0.045247082472832,0.297181100583055,-0.0086659143040873,0.154366211016838,-0.168936916877946,-0.441681351602934,-0.0109257397855196,0.165274556420537,0.381953223547692,0.394216858445374,0.377155487843445,-0.127030650049235,0.0577836487673407,-0.158722082477988,-0.0161290906341765,0.0815054127410628,0.100883536615132,-0.232999101079715,0.0015494449631889,-0.0046160280542452,0.0382558996075713,0.169776176609686,0.0663830525069927,-0.156494657109782,0.0537273007322801,0.143155212195304,-0.0597476927644532,-0.133501595444298,-0.0363027097707025,0.0668175379245658,-0.0672190345909385,0.0365861382515025,0.0738963436875975,0.196026908772756,0.001537333392987
1558.in,1558,1.00000000100142,-0.0768129899383477,-0.0082782049737531,0.26493283355823,0.0579005679003842,0.103455875632444,-0.206607526045289,-0.471212294756892,0.0192293462746685,0.112367292121899,0.399526217142663,0.421303813901507,0.413050825883961,-0.106543197325732,0.0125872359909773,-0.205736489636861,-0.0172092217608528,0.0537023025086428,0.133272739051058,-0.234501054373155,-0.0290967067708971,0.0308466433862013,0.0389830646172124,0.188604819343428,0.0475832047808297,-0.153699906092701,0.0462805802539884,0.128158130740688,-0.0774352469980732,-0.159269259647556,-0.032422632093061,0.0769728564673884,-0.0583569711694509,0.021655938054503,0.0799471792632525,0.217779090942167,-0.0023429907728156
1559.in,1559,1.00000000116822,-0.0235127184728621,0.0339056714516597,0.240307606266678,0.0774402686952952,0.0815270091963087,-0.187857680412154,-0.450051342216608,0.0020157783120643,0.138836033190879,0.41180986779372,0.430864568958422,0.454625168802879,-0.115206499537979,-0.007983378545633,-0.18149796314547,-0.0128873782060189,0.07235933937878,0.162490475056921,-0.231975686867136,-0.0082149106044571,0.0138547875458645,0.0386901712044642,0.198809635819822,0.0571108535211985,-0.155805062207135,0.034962547452508,0.123395764220722,-0.0675198946096955,-0.141117109277023,-0.0361886379424768,0.0870588051836221,-0.0617864825528934,0.0315428885594165,0.081072794378143,0.232872772235151,-0.0119584068065531
1561.in,1561,1.00000000135759,-0.104938697640742,0.076685114439421,0.19815159955587,0.155019480515422,0.0112601762021702,-0.228475466410561,-0.483669121632542,0.027736214870135,0.09601070153713,0.428224490966829,0.46537104820753,0.491331314537092,-0.103973023166526,-0.0505687215132551,-0.220282092757859,-0.0064720841658721,0.0431906085745285,0.185068653477826,-0.227257316042387,-0.0345502865121018,0.0429045936553738,0.0339388385847847,0.220095134216211,0.043600008301668,-0.153140486087552,0.0318559475798289,0.102897012553632,-0.0832985621715661,-0.171549840236005,-0.0338149531551703,0.115214142841465,-0.0552437924007088,0.0162854994684125,0.0903809861061052,0.255056895727783,-0.0119824367602814
1562.in,1562,1.00000000083907,0.006170473026398,-0.0734837044302059,0.0456566420552861,0.111791894127297,0.190117049753301,-0.154306083375968,-0.489976003416771,-0.0017958326348221,0.164091316636985,0.198292091186616,0.252614627589696,0.373020818449708,-0.141850455817446,-0.0841803830599487,-0.161525925575876,-0.0099221742831885,0.101273087082406,0.124582753662684,-0.174383222403718,-0.0205144520564123,0.0155098899363958,-0.0744310048149651,0.142192131302776,0.0428801225951666,-0.084184470600804,0.0556621557913075,0.0657811418736686,-0.0583330581858664,-0.137025713317163,-0.031779423123884,0.0697034447446718,-0.0771117146502011,0.0226422939186322,0.0606159671814938,0.109997725680705,0.0130337077910431
1563.in,1563,1.00000000110051,0.0594253998406737,-0.0425775092005486,0.0272179877126559,0.146264144781,0.15069788285684,-0.128204185790838,-0.47712719404669,-0.0102601596602447,0.193296132889709,0.20800591394699,0.269280313802125,0.406581100932331,-0.159122431755774,-0.105731613358845,-0.133609134675019,-0.0066084300110295,0.113906519371199,0.145301450296256,-0.174469499557739,-0.0050523748626218,-0.0036139668040638,-0.078375374489436,0.15774039644741,0.0560795858012964,-0.0828140773080656,0.051927323720828,0.0609821460748937,-0.0500137608763511,-0.123013788181825,-0.0327845814204382,0.0779864987829861,-0.0816792669642543,0.029505626480945,0.069476882396301,0.121189373674502,0.0084176338392841
1564.in,1564,1.00000000054926,-0.0727866337202618,-0.0280347650997766,0.0053422573156918,0.169309555101989,0.134965140147728,-0.192540475779257,-0.510583082834338,0.0139347940338912,0.131718396507418,0.226127872193172,0.267473982744738,0.422051937012705,-0.11824849500863,-0.124552361630354,-0.209858454593141,0.0085298046320476,0.0803917259634676,0.156580764461817,-0.169035491476046,-0.042969013559821,0.0384343071742866,-0.0773962003627902,0.161410570351484,0.0321445799885548,-0.0843653638513433,0.0451196014448411,0.0527604186214761,-0.0711501453235254,-0.156854857720915,-0.0325776329860127,0.0804656882903178,-0.0701773302502308,0.0180388766331332,0.074794707065955,0.133615095111323,-0.0014376492578866
1567.in,1567,1.0000000010153,-0.0922553248164971,0.0422057298759879,-0.0390384153375749,0.256420832387118,0.0437295010804763,-0.199289828509203,-0.524140283870532,0.0212355344584148,0.12016781419376,0.258063204936401,0.313974804882874,0.488211272176114,-0.115379122713882,-0.178962829552565,-0.217501574536519,0.0138367574590326,0.0747607187297519,0.203297952671719,-0.169227706679344,-0.0477325296799228,0.0451697358421784,-0.0750145753163495,0.192565769347615,0.0284488611312202,-0.0834230860072757,0.036464515395222,0.0373045338881109,-0.0744698937330503,-0.160094657326709,-0.0323679856812765,0.0967525752730109,-0.0693050491030674,0.0122677785035222,0.0854226247141312,0.167893969733073,-0.010570058438025
1569.in,1569,1.00000000078925,0.0715399748078298,-0.108440456353847,0.0848042769138443,0.116271506597137,0.0681542811834779,-0.116454127788797,-0.468845410567022,-0.0206956752834689,0.204926090363052,0.259472369658631,0.300185940598385,0.37457039649355,-0.156516540446682,-0.0711979886906043,-0.12932818542288,0.0485963334598441,0.120610664758791,0.114758994195164,-0.191817481573,-0.0030436924672704,-0.0141553875109715,-0.0395055072926583,0.162912478690192,0.0578827732801418,-0.103318317291652,0.072088211811122,0.0825418349019292,-0.0447849185591386,-0.117421773947672,-0.0343817787551358,0.0628973293648901,-0.0821623803885917,0.0354447980783166,0.0793580560175341,0.144941951406507,-0.0074732980118133
1570.in,1570,1.00000000121113,-0.0695149501648861,-0.0818574086195482,0.070377800817128,0.139826615155595,0.0546729108651307,-0.189774280250319,-0.52101502968236,0.0147788645831378,0.131489735173494,0.266164090220141,0.310477751245075,0.39428065732683,-0.120155970023065,-0.0925615358744978,-0.205726766874322,0.04783577394067,0.0790292209817158,0.130080928227013,-0.191376623939745,-0.0439974213906444,0.0379754337516095,-0.0400850772385449,0.17034169787105,0.0305183783009932,-0.0995501700517867,0.066240225730113,0.0759429907993296,-0.0696768665417715,-0.152821365376887,-0.0329248578903036,0.0658302412174379,-0.070427322386099,0.0139298769995123,0.0775859386250201,0.151028049136922,-0.0064357746412428
1572.in,1572,1.00000000081014,-0.161782994998687,-0.0260269883651732,0.0231463121599609,0.194577956793651,0.0098824284610134,-0.230530158073048,-0.545797982003307,0.0317294497386275,0.0870359456481174,0.28822927337577,0.334830790566551,0.435538333385551,-0.0928649205413619,-0.126859726672731,-0.257109895225418,0.0544834964680922,0.0560957740610747,0.161696400998554,-0.186731061058524,-0.0694029888516013,0.0657454876112561,-0.0391438677776548,0.18358697912307,0.0145420593913279,-0.101317370556438,0.0536362066816061,0.0598424439114346,-0.0838714377745385,-0.177633946223372,-0.0321685816507331,0.0792945159141639,-0.0630451474033982,0.0046604712413159,0.0859571919421591,0.175863805390447,-0.0157634525089864
1575.in,1575,1.00000000123135,0.0528033530952391,-0.157140988703215,0.132913015537576,0.0917595102931816,0.0010001479962495,-0.128719049401096,-0.471569430624488,-0.0119542798851875,0.189814475375358,0.297457753334305,0.344398410581948,0.343723068624258,-0.145377079185187,-0.0413717511551842,-0.140151679228493,0.0907632622777907,0.113731920605026,0.0867242658045577,-0.208026581427677,-0.0084243734818013,-0.0014217941001111,-0.002487742603636,0.166091666245052,0.0516257430377334,-0.121960668072477,0.0886113846098875,0.0995314486337154,-0.0483736884068555,-0.122711726853505,-0.0340621743433396,0.0460987684295085,-0.0797882980469274,0.0301079951406199,0.0844112278769878,0.168751553165267,-0.0124028798285651
1576.in,1576,1.00000000113734,-0.0761608625909639,-0.150833005863362,0.134012304130886,0.109217365618745,-0.0299070316772894,-0.193756527791962,-0.5250095718287,0.0209041472840025,0.128306011678169,0.303133510760497,0.34961987953538,0.364875542014924,-0.125195103340716,-0.0527286633181931,-0.203571984999305,0.0939482961143899,0.076106453498424,0.0978915743916062,-0.212664511532334,-0.0416200142925752,0.0413208274425542,-0.0078064498431743,0.173992133605269,0.0328470905114678,-0.120221728356515,0.0900058889140737,0.0958382906776569,-0.0723032178617843,-0.156441057522178,-0.032405306128129,0.0476919657075092,-0.0702400364485995,0.0106680698656284,0.0880350800008748,0.166280665475082,-0.0119396147334829
1577.in,1577,1.0000000011571,-0.0142386995656463,-0.125318334480374,0.103026732072904,0.140900112689018,-0.0558477755831155,-0.165660907518381,-0.501390136669793,0.0028443991668295,0.158602944915965,0.32050800073179,0.362981508622163,0.393821239324298,-0.135719757951381,-0.0811748264662181,-0.177595240057776,0.104007057339181,0.0960609096241851,0.118788712585845,-0.209884634693744,-0.024690648428444,0.0221413294163529,-0.0076513802084505,0.183263743864926,0.0404311574359454,-0.121375750228183,0.0806546437881288,0.0886807356448248,-0.0621389676936152,-0.14053313251474,-0.0340317209618795,0.0573930469937604,-0.0758515044525672,0.0224766309147881,0.0915166070457928,0.180513997333516,-0.0192171968861786
1579.in,1579,1.0000000013508,-0.108134677017876,-0.0755244999673003,0.063141583905457,0.21234836374958,-0.104530461624716,-0.20893015036915,-0.531261184251065,0.0289761655484643,0.10778110178251,0.336478612899783,0.384392036251292,0.426980018021743,-0.109785127438715,-0.130855488591606,-0.220284450905793,0.104931779117005,0.0701464373107496,0.148339898027593,-0.201624285959502,-0.0584735679105974,0.051595275744904,-0.0075578594572611,0.200383576971119,0.0232940385157237,-0.116708032815309,0.0723864863421975,0.0705770690660815,-0.0749222983842554,-0.165269392078879,-0.0310882387637166,0.0645444536150586,-0.0664743214971281,0.006476820221237,0.0974071693268671,0.207603673427622,-0.025520439736642
1580.in,1580,1.0000000009656,0.0078661843974157,-0.0201601067855426,0.0983387235549286,0.0813342454366043,0.26728282286285,-0.153916393395401,-0.493977774282846,-0.0026912288229602,0.16611004228537,0.23874573677373,0.282044968277993,0.394600682313951,-0.137001382933526,-0.0543498013734233,-0.164262160756319,-0.0517770842712742,0.107235004455666,0.155880395994949,-0.190423644906644,-0.0205523619070545,0.0149331453481813,-0.0395335778958883,0.148443594725353,0.042937183790115,-0.101408983463897,0.0385739253645666,0.0881771483528241,-0.0559032047871919,-0.131972239982055,-0.0327755534052499,0.085723254142302,-0.0750249053715764,0.0244513631616775,0.0545282534442373,0.128989909965224,0.0148313942710204
1582.in,1582,1.00000000135082,-0.0718468535816612,0.0255248699256961,0.0687714579188158,0.139345146733996,0.210420651480086,-0.187651707483887,-0.520482050141356,0.0195459232863247,0.129011422735512,0.264060361716564,0.310326339303718,0.443474900668771,-0.124614982509157,-0.0912035838172724,-0.204472718860844,-0.0488103039045699,0.0794532533445929,0.186155060512814,-0.192953071225748,-0.0436262002076114,0.0385823335042678,-0.0415999549838801,0.165581133909034,0.0310092370780935,-0.101423655036406,0.0274705492359507,0.0749887040731053,-0.0705331983628926,-0.155268643980405,-0.0310485659257316,0.0963285917439009,-0.0713061813281493,0.0127369211535821,0.063710077241511,0.1459576011169,0.0136430272612084
1583.in,1583,1.00000000106008,-0.0171696419125321,0.0568546472654688,0.0473524285037503,0.175858487899724,0.171628555993792,-0.169174439747485,-0.501039130999744,0.0036772290525638,0.154018616065873,0.273017956071317,0.331145756356313,0.472820346406445,-0.134990518373366,-0.115835323733538,-0.176958287452891,-0.0431209386117271,0.0971720526105692,0.203467818403109,-0.188390004757707,-0.026700531522916,0.0215467517009488,-0.0419681619994534,0.178695739049118,0.0409854584501218,-0.102373138080486,0.0260416413986464,0.0687844746857614,-0.0610868055290549,-0.14055582598572,-0.0328080821938574,0.103137132192407,-0.0757179857635353,0.0210579724745227,0.0693051635407977,0.168370034313973,0.0057057083958927
1585.in,1585,1.00000000115284,-0.0949578500343054,0.0970069114330481,0.0080333510004583,0.231138690599453,0.1201908607329,-0.21268227739925,-0.531181300183144,0.0182197188414517,0.118521411137601,0.299904355097615,0.34983537665101,0.515406565179017,-0.109882628827518,-0.161478442552699,-0.22389272745552,-0.0370044410881555,0.0732214438117706,0.234611726050841,-0.185481795012397,-0.0515660341742459,0.0515107527853326,-0.0484237565832878,0.196924110680365,0.0255722142410608,-0.0993818178763381,0.0176068350123687,0.056491379960214,-0.0741380217830813,-0.164799201085952,-0.03501717768956,0.11224664160208,-0.0687659525879111,0.0109653397181259,0.0772464218496129,0.192252061202635,-0.0075543256662134
1586.in,1586,1.00000000135125,0.0092801126402716,-0.0789068321510647,0.162963148121829,0.0595966667397353,0.181443327840449,-0.145245951746503,-0.495909579711222,-0.0011392480638415,0.16898938806384,0.283484566194118,0.32922647572593,0.372847149827924,-0.145601284712198,-0.0215927320450875,-0.156854687003808,-0.0092220749268622,0.103053861396476,0.130295339028001,-0.21485562262869,-0.0197509593050723,0.0120782291611385,-0.0052286222874749,0.156087160791266,0.0447411254763053,-0.119478827944602,0.0580171142596201,0.108853581073413,-0.0548175955314864,-0.13383596296612,-0.0315378423015898,0.0688424232954633,-0.0765779315073227,0.0216379913113857,0.0659350530926125,0.149067190676654,0.0128307020500635
1588.in,1588,1.00000000132405,-0.0657779539959087,-0.0360694024588624,0.125236522418079,0.111092504678173,0.128813175642613,-0.187604973022919,-0.515169341330068,0.0143955661617621,0.131117654758511,0.310082285774078,0.353882550246814,0.414397041961603,-0.120135031678062,-0.0618109470304463,-0.204850378978237,0.003581633291946,0.0819499810808453,0.154416148452738,-0.210397871404617,-0.0437393331744557,0.0379616736835883,-0.0046235947304065,0.173498584432056,0.0312709633847115,-0.12074362831805,0.0480961005634413,0.094549791986602,-0.0691235333116027,-0.1544286366279,-0.0324515113514559,0.0795399767333054,-0.0709686879314308,0.0155898714139476,0.070792370147032,0.174669352282307,0.0004700395301238
1589.in,1589,1.00000000118805,-0.0216518117575791,-0.0073278846110843,0.0933887063016414,0.154163488228557,0.0881475936192447,-0.168394596044186,-0.50710475521992,0.0069229207394811,0.149859770190183,0.312226285946974,0.356255832815159,0.442952527108986,-0.128347029929495,-0.0915996359725567,-0.182262093137624,0.0104579268972812,0.0944390557269129,0.174999523208153,-0.205010069547848,-0.0329281274840168,0.023774383345525,-0.0094263882756341,0.184529758856331,0.0378685922765103,-0.115945999507564,0.0455064582570458,0.0834707794061291,-0.0631258684577238,-0.142686515816092,-0.0314404965848174,0.0876135760404262,-0.074075097875812,0.0209993352070018,0.078110592779917,0.18570021584671,-0.0057480591237848
1596.in,1596,1.00000000094803,-0.154238084359812,-0.051751864017276,0.135189114322059,0.141967996328188,0.0041878486427843,-0.236669244700357,-0.5493855583569,0.0329847723936993,0.0886082008146315,0.367769448901596,0.413879041067051,0.430795287873585,-0.0986566110929833,-0.0717511033262222,-0.25210135385915,0.0629060893394668,0.0585667465010196,0.155671849065176,-0.225275639091499,-0.0656136531090793,0.0681705641608836,0.0245358109521671,0.193746495780217,0.0149241513608435,-0.140320796870163,0.0590126686914219,0.0991496547329921,-0.0836913012030895,-0.178413726663832,-0.0346547928616003,0.0731054064771792,-0.0664945505339051,0.002631714627782,0.0867630528158378,0.215356216992552,-0.0145841967301563
1597.in,1597,1.00000000086639,-0.106994732677131,-0.0152012269507419,0.107643270348162,0.178078084987736,-0.0314397138541797,-0.209471613289987,-0.532973120868183,0.0222878458446791,0.111276232231513,0.375337015102992,0.419087962023291,0.463417746250087,-0.110845672214736,-0.0933740167930733,-0.224478937595365,0.0586756014573862,0.0700336817898017,0.179718822604715,-0.221274717236746,-0.0557118884199415,0.0517125124893696,0.0248932712553474,0.205631080557244,0.0242325304651608,-0.134703353610323,0.0514833269284831,0.0891313735425339,-0.0774191215003348,-0.163371426776978,-0.031043840746708,0.084767478082469,-0.0672680629484194,0.0098095559078476,0.0894827344072696,0.225401452576032,-0.0187934516509307
1598.in,1598,1.0000000012316,0.0152174914973531,0.0352359805625602,0.158444165536658,0.0623084720365844,0.340738736643782,-0.145593144159987,-0.483004569827345,-0.0014526535464274,0.170685657540456,0.28530408373738,0.331711266589451,0.420984282492262,-0.147573674880079,-0.0284755217257328,-0.155012794396223,-0.10616800155066,0.102764546829078,0.182937468643368,-0.213526908099235,-0.0221974809206137,0.0101836607096945,-0.0065894075044771,0.153290396891988,0.0461996456807255,-0.121200519863184,0.016835086314996,0.103537949238368,-0.0547999577874232,-0.135841620669058,-0.0301361720245989,0.100800831914083,-0.0766901678454196,0.0220418237111109,0.0456599436767038,0.150216859625861,0.0302416807442984
1599.in,1599,1.00000000095774,0.0543769725147291,0.062859151413256,0.1223646491958,0.0987073199145883,0.309346202931487,-0.122627614088117,-0.471139285079471,-0.0101985153767422,0.200248889682856,0.293002771018697,0.335766133642743,0.446487068968897,-0.156661498575786,-0.0492675945900652,-0.136692865493612,-0.0978910741268882,0.118663908549981,0.199328627795792,-0.206971365043701,-0.0071561235168871,-0.0103728264369836,-0.0095708642592432,0.162546166630292,0.0547143984899245,-0.119480634444411,0.0145973544917057,0.0951672084211265,-0.0455379587654775,-0.124220226248853,-0.0329790209510714,0.108040249309992,-0.0814904864617047,0.0289891470328559,0.0556223653727399,0.158694751830268,0.0219691409794736
1602.in,1602,1.00000000089461,-0.1559525500867,0.129081935971078,0.0803474645952171,0.171926141873778,0.231308151660074,-0.23354656379287,-0.550107498028631,0.0390260847039563,0.0896263323724087,0.322407084992544,0.373769007628047,0.514498906893231,-0.101794207541042,-0.0980172857999949,-0.249215010058132,-0.092788512497647,0.0582390386485706,0.245919426735637,-0.20792320132364,-0.0644865168356683,0.0696455262542633,-0.0090540776497193,0.188776953836896,0.0176149614584175,-0.120837086323755,0.003311771892425,0.0771681410587152,-0.0852487917378922,-0.176824348241304,-0.0319778841354028,0.120917207675731,-0.0648375332968432,0.0027136921685159,0.0643788405254389,0.190560742514035,0.0100257528402312
1604.in,1604,1.00000000094884,0.0140415780062858,-0.0316408981530624,0.201101966371433,0.0318050334009557,0.256711947359352,-0.153182739620513,-0.49523437493214,-0.0017900435491789,0.16893849667382,0.314564577486933,0.36213308501905,0.397818527067849,-0.143423054007056,0.0064262781279032,-0.15994753092034,-0.051451295755379,0.104876167941676,0.150099408788439,-0.229919856219928,-0.0184243986377129,0.0123360469298655,0.022175047232123,0.157302615234081,0.0463411457898016,-0.138408204455955,0.0422522619956573,0.121558104405027,-0.0565937832135369,-0.133322590261355,-0.0318578906581993,0.0812843825594082,-0.0776042738785435,0.0256035651168262,0.0555090989947419,0.164992827234585,0.0181694840522892
1605.in,1605,1.00000000065101,0.0702745143751255,0.0068728123271571,0.187862840643582,0.0635334371320838,0.237618382318377,-0.128654531292924,-0.470406075828819,-0.0122254670390765,0.198462683030714,0.335193347092034,0.377080637572974,0.425129800971577,-0.157075819131508,-0.0147116752753858,-0.134284811127639,-0.0546481202595456,0.117837575670348,0.172773471274026,-0.230155530645461,-0.0057558795255823,-0.005238369738445,0.0236756188989459,0.17005609784869,0.0551621805942761,-0.139691454627228,0.033920455419582,0.117378698698073,-0.0456232706034583,-0.119350856290973,-0.0329284388086628,0.0909214975031883,-0.0828503827143334,0.0314425027833127,0.0611478561453414,0.18396275832059,0.0136723311316994
1607.in,1607,1.00000000093359,-0.0362353307908865,0.0513353510800587,0.142342846846132,0.127696594617087,0.180172334937352,-0.162984229459415,-0.506782637626091,0.0087582674091445,0.150356915485641,0.351265307714012,0.393183788233242,0.462895178208335,-0.131616216160562,-0.0569444515753791,-0.180582509232103,-0.0486696760111059,0.0922920848977822,0.207228114876407,-0.224548791471712,-0.0350479607850656,0.0251487591641465,0.0257071001948373,0.187208279383231,0.0368632510557394,-0.135636240114071,0.0251566568900513,0.10405730620183,-0.0623005088214848,-0.144019724310762,-0.0315538949883547,0.103575703304201,-0.0718086942226517,0.0171811466956785,0.0686006575769609,0.203346734460959,0.0052571775903114
1609.in,1609,1.00000000121222,-0.105329635447421,0.0933849217875713,0.110127604847994,0.180777006907404,0.128191667686066,-0.206066461728197,-0.530170777463047,0.0234203308721883,0.111848112927256,0.378488015280188,0.418914825719706,0.507863170439828,-0.113875385542259,-0.0976423967354315,-0.226348816049467,-0.0409650690402118,0.068818446393394,0.232800094829837,-0.223403699528657,-0.0573574709686686,0.0491815164427314,0.021338106804003,0.20623432496132,0.0255917002148459,-0.135935816764297,0.0159648434515727,0.0889566862141518,-0.0766886259802769,-0.168966964684919,-0.0334883497400777,0.111142086274391,-0.0678672458045644,0.0089516263061137,0.0759132354242185,0.224516593777878,-0.0023189458753729
1611.in,1611,1.00000000116568,0.0553682768653072,-0.0702449750662095,0.234926183267122,0.0512674369584604,0.141855330932259,-0.128187312539424,-0.479991510707002,-0.0110015251561544,0.190146428104438,0.374532971242205,0.409481439977688,0.391608139023425,-0.154125402518562,0.0096131639869378,-0.13790906703248,0.0025134300187665,0.114663440975436,0.142097819226953,-0.245603030492271,-0.0105027450787243,-0.0054887465474423,0.0566766925382117,0.175721618964189,0.0527847360231762,-0.154636873720026,0.056170678899046,0.135043722319229,-0.0480060953983453,-0.122543029588616,-0.0320153282963871,0.0731069622947724,-0.0809649809608544,0.0277507790774916,0.0681243775925662,0.201552339410595,0.0036778249177139
1614.in,1614,1.00000000083166,-0.151934243143602,0.003157657458263,0.197802933536246,0.120314085342649,0.0785040283858922,-0.226752067856609,-0.549697288769394,0.0353994432594635,0.0880610751736238,0.403101624684369,0.445680750273876,0.452319540737657,-0.104474232416767,-0.0382740488798249,-0.240515803453978,0.0020463369891796,0.056933228906582,0.188544897758159,-0.245415635271078,-0.0667319140235148,0.0665685476593173,0.0583829533551369,0.200182082146914,0.0174746014744403,-0.154384832294128,0.0427537708592414,0.118182122221228,-0.0834235660281561,-0.176012839712085,-0.032083150781261,0.090166074487527,-0.0639391933120794,-2.23303908409891e-05,0.078857700948802,0.231144454411658,-0.0025312532707129
1615.in,1615,1.00000000094748,-0.108040231361916,0.0323024208603742,0.162844024084576,0.157603037828738,0.0432842136617462,-0.206365739429259,-0.531995926254261,0.0208563814801179,0.111543496048723,0.419186254449129,0.456950441817712,0.483101386411222,-0.112057943488674,-0.0635508473234161,-0.22201038028954,0.011708558808531,0.07113672660403,0.207556274648833,-0.241298611135047,-0.0553529442167925,0.0489644109348378,0.0567595825478503,0.211823273778774,0.0248021067547638,-0.155014392325435,0.0353875446588503,0.10740017415612,-0.0760709274940426,-0.164492995574295,-0.0327042995187195,0.094544949602547,-0.0680964647811312,0.0092243591256022,0.0847295037669229,0.247207411362633,-0.0135298222889166
1618.in,1618,1.00000000095008,-0.0670954031697324,-0.067251782473047,-0.029920744973905,0.178833879487218,0.169717540864699,-0.174382770573948,-0.566267391223463,0.013834582642388,0.144620459481921,0.201338749543556,0.27804157318937,0.404798949112419,-0.125327409098174,-0.14260642013461,-0.203956493622409,0.02000236554437,0.106398761355686,0.172252922863556,-0.183298675499781,-0.0630593695614219,0.0494483158925885,-0.0530952333220129,0.153903269094307,0.0133960439402225,-0.0847599680595758,0.0536416793307772,0.0542152486964834,-0.0602703684636864,-0.151548152853786,-0.0300397243510629,0.0817184972896588,-0.0826078491842039,0.0071394293469192,0.0587258365658526,0.127787322073559,0.0044478183033578
1621.in,1621,1.00000000074455,-0.102144186002385,0.0135514082479804,-0.0884994281388524,0.277025478005284,0.077244493596647,-0.183931606276292,-0.57867249932293,0.0231873673157269,0.128620515295262,0.237791942566336,0.314166981828138,0.483316558585324,-0.124046908585802,-0.205993050364261,-0.221333903411391,0.0243303983131829,0.0967742804289032,0.228674437688235,-0.178597209990994,-0.075846969482687,0.0623836171846245,-0.0564172618372628,0.184413362167194,0.0071244129523014,-0.0816703664651311,0.039056348541919,0.0334117987880187,-0.0693903776678007,-0.163503599019931,-0.029465385749324,0.0997459828078105,-0.0800831408494612,-0.0021534926776,0.0741273877588245,0.161518742435255,-0.0062642492011276
1622.in,1622,1.00000000124126,0.0121384792872142,-0.170794707922237,0.0521419588305828,0.0956384922826743,0.127943260838343,-0.132107431106896,-0.534039496181464,-0.0075627067545928,0.189099742061359,0.224086555418475,0.297411352037699,0.338363168819924,-0.148589042503135,-0.0777751393311094,-0.162096752663069,0.0668933592340438,0.12773429730276,0.112055741646649,-0.199518356616036,-0.0404223616199393,0.0187321889258015,-0.0220069774803486,0.142397945672555,0.0256982765662031,-0.102153679319079,0.0812411424620164,0.0844040431007592,-0.0474035576115688,-0.131395181339004,-0.0335061510983777,0.0545030537510567,-0.0884202217169261,0.0184259730601694,0.0634287301467927,0.128215222049578,0.0017636922213548
1623.in,1623,1.00000000098962,0.0639664084019507,-0.133984965357272,0.0322258776085151,0.126988516451588,0.109844368154758,-0.100739552959703,-0.519869761394331,-0.0161467183956662,0.211083278831981,0.238522237307859,0.300634625896547,0.373628897585276,-0.165413222191747,-0.0938982608984136,-0.135903626970093,0.0646270660917564,0.145398992714674,0.13962316320716,-0.202371975875398,-0.0229819566116922,0.0012603347429824,-0.0229796737258282,0.150588336122735,0.0356171781709773,-0.102578569853726,0.0721376597488906,0.0784468351200436,-0.0393053926379472,-0.115938381490238,-0.0288621234946011,0.0627004131959363,-0.0929666651775592,0.0244459595475316,0.0686626838665129,0.133338594562299,-0.0003657320172468
1624.in,1624,1.00000000114516,-0.0747564480408247,-0.127822432755433,0.0386587749512106,0.144785345245852,0.0902776801084915,-0.165612384265358,-0.566521145308299,0.0161512342172111,0.137915151537689,0.249439353783414,0.320914232993952,0.376930610457342,-0.133047469303604,-0.106372739891148,-0.199975785177708,0.0582175376057397,0.10400266369631,0.145446681901249,-0.201268899278909,-0.0657786397418675,0.050221393859166,-0.0146147666245075,0.162990626354545,0.0114377991789507,-0.101318012618673,0.0748426437457132,0.0776740652504678,-0.0651741955869529,-0.152843706133146,-0.0312085323407568,0.0656633296493584,-0.0819590427609742,0.0052863198149584,0.0689873878498853,0.146143946030962,0.0002981570873146
1625.in,1625,1.0000000010427,-0.0199036322308738,-0.0960812835997102,0.0063291846708147,0.181237499028639,0.052197428022564,-0.151329303452246,-0.557188457401384,0.0071880419468665,0.161235020633231,0.254207112433306,0.329036088054895,0.416271025153488,-0.145512255447528,-0.137582527344027,-0.179542532916794,0.0669222551738061,0.118752920101363,0.169338370087869,-0.20291534637233,-0.0485527796994432,0.0370764484793196,-0.0221308733303359,0.172102600996743,0.019727597740055,-0.101737113279101,0.0667824293768962,0.0679719946130623,-0.0571125868187462,-0.138133810600866,-0.0287777642803377,0.0697869316701363,-0.0858497110752693,0.0121456572186621,0.0707766990781551,0.15598250316582,-0.0052781981580637
1626.in,1626,1.00000000120389,-0.152921132766705,-0.0872764507866928,-0.0079124082060119,0.205808233123775,0.0253542172796688,-0.208159519116776,-0.601878296524889,0.0347755275392177,0.104485294208913,0.26063271505395,0.330257647491567,0.427512728376442,-0.112174812105153,-0.145493346240422,-0.253052436349474,0.0751480076901305,0.0835910372584599,0.177391286792405,-0.200930834244681,-0.0848075822610667,0.0759697056293211,-0.0204000213764553,0.177405286499684,-0.0019569279274195,-0.0996671329134011,0.0641045074613257,0.0630818908878316,-0.0803778990964583,-0.173428094041027,-0.0282292286969936,0.0765953662912571,-0.0746085075164292,-0.004580086575302,0.0798435440995259,0.16261325906756,-0.0108577672629265
1629.in,1629,1.00000000117234,0.0752605062721056,-0.210920977657094,0.109559517399831,0.09108973872197,0.023432018921286,-0.098694078894659,-0.517749412984821,-0.0150548721180436,0.212012931252392,0.279553108391461,0.344911852528431,0.338737201968859,-0.16899495940282,-0.053225434818879,-0.126782738418613,0.109615122562567,0.145496895632551,0.103975330212783,-0.224750977679025,-0.017764158559286,-0.0001259111253264,0.0156252467839337,0.157692434929955,0.0401323631372943,-0.122763745929092,0.0965541923048772,0.103202432421371,-0.0389352389035374,-0.112248638275835,-0.0282553374030628,0.0437591157418077,-0.0921161295590601,0.0256899408418266,0.0754239686603119,0.155157181598734,-0.0067060895003039
1637.in,1637,1.00000000099798,-0.0191760522127263,0.0140073387252442,0.013357529479558,0.177369970828644,0.202709478686099,-0.151642480180253,-0.554728705978472,0.0065247700084899,0.167711570514706,0.258883884696876,0.324056323043124,0.466524217625656,-0.144947732351877,-0.133175406652174,-0.179292715683292,-0.0282942364704866,0.120590473037661,0.222466947898786,-0.204305411599817,-0.0461681042460172,0.0346259902042496,-0.0262587542111315,0.170887445730183,0.022872034327003,-0.102111847874888,0.0325041579886263,0.070725490284206,-0.0562109157473222,-0.139061081790003,-0.0310581691505052,0.0995669645766207,-0.0871024817349804,0.0122911012965433,0.0616620356781753,0.154468799781918,0.008205619456066
1638.in,1638,1.00000000131652,-0.148141152230605,0.0432203023183821,-0.0209552450701562,0.204441253813132,0.187232026791429,-0.216764019331362,-0.594205557676811,0.0292179307165917,0.106430702008126,0.264327481391112,0.328612222329837,0.489362076459867,-0.105837061539298,-0.149067373735149,-0.256149068541172,-0.0215061603251917,0.0853699591228987,0.23708502267215,-0.197912053457289,-0.0806978587397273,0.0770067151983684,-0.0221345224755073,0.176136634598577,-0.0015187727690146,-0.100546618387471,0.0264522692229006,0.0644717523268279,-0.075776610285992,-0.169856362909715,-0.0350418072657853,0.107168750872971,-0.0774055003130548,-0.0022466745658392,0.0622234679559601,0.164166487675284,0.0004474010159878
1642.in,1642,1.00000000108958,-0.0709172028482977,-0.054527700238196,0.0744830404021671,0.124660322456533,0.166213542259019,-0.172329848649249,-0.569070663883273,0.0168443498489789,0.144457924578273,0.286176566723363,0.349318419226991,0.421392322186089,-0.132671249297947,-0.0799303244547844,-0.208996129210778,0.0120436775288983,0.106514716758829,0.182651428870214,-0.220809340452534,-0.0614011909328749,0.048564159821285,0.008226393381407,0.165978828861225,0.0149057338508541,-0.120672608969671,0.051096855126342,0.0923694526702903,-0.0635702673391737,-0.152397904358073,-0.0301834573310119,0.084424217795588,-0.0829067052793964,0.006432753464287,0.0640416730676884,0.163173108491601,0.0054508990188836
1644.in,1644,1.00000000120203,-0.146677526182069,-0.0163517068605787,0.0460192041306917,0.172883392605848,0.118021296054772,-0.220117496836905,-0.598360193686178,0.033445716186908,0.0971058291324584,0.309165255568672,0.376312154309328,0.46336641701799,-0.1101443878787,-0.129313491212228,-0.250273893231927,0.0187281616544435,0.0847107435426264,0.211123868527316,-0.221693317466876,-0.0867855688972469,0.0812832074046956,0.0063209277876774,0.184075574551358,-0.0016441154279796,-0.118812178807171,0.0422380374754556,0.0828690343141725,-0.0775122398656645,-0.175017316078806,-0.0297781867069513,0.0893214319600487,-0.0763329464481393,-0.0027759385657551,0.067943995519791,0.186855452246303,-0.0006010759046846
1645.in,1645,1.00000000074637,-0.094967710982824,0.0013642552669227,0.0188185058848591,0.212552811093051,0.0763939105367274,-0.189502544745992,-0.577629261150986,0.0185366002352378,0.132696291906946,0.323720120687111,0.388550020610588,0.487133731044262,-0.127582208768806,-0.145897402893945,-0.219799532101249,0.0303902185999954,0.0999057776640037,0.227510897387682,-0.218116332908954,-0.066542429973108,0.0563783973904306,0.0034907521373523,0.192896323861811,0.0091264731087319,-0.12127561725346,0.0380196014634344,0.0726480768912908,-0.0676592620156324,-0.160168808024872,-0.03217857293523,0.0953037473439075,-0.0823056398221941,0.0030297501803619,0.0773001027888404,0.199465262668471,-0.0081522334287791
1646.in,1646,1.00000000114828,0.0128648273611486,-0.172855789153484,0.167931734911037,0.0410631746523656,0.134825700324708,-0.12790695473721,-0.540264323402476,-0.0005770947098819,0.181357121659777,0.301691372383636,0.368525705485622,0.342095829128765,-0.155457214848619,-0.0105887946656313,-0.156413946097043,0.0561356367246095,0.127636272365777,0.118452113100801,-0.243500983803192,-0.0396319828618092,0.022042585893898,0.0470504154238827,0.151937828196453,0.0281098118092558,-0.140826179118056,0.0807229654655767,0.123383548470959,-0.0507031504581435,-0.130603056129057,-0.0286093810209905,0.0536381159863961,-0.0881827092022871,0.0165422357216121,0.0612391958943618,0.160731603474286,0.0083576994752294
1647.in,1647,1.00000000096747,0.0701611595228434,-0.140962198658108,0.14328469816147,0.0787303138781136,0.110572874615925,-0.0976778756803387,-0.519654900666106,-0.015552225203724,0.214907782315402,0.320305037228884,0.375682509413654,0.375594592065751,-0.171029072922051,-0.035492093129374,-0.130430518173738,0.0568335292987473,0.145899274791215,0.141245181053569,-0.241899395812057,-0.0235377536917966,0.0003637073869615,0.0409314991233009,0.164163998016251,0.0406799466804046,-0.140203880113575,0.0719023623332511,0.115702575992304,-0.0404321796824772,-0.117012755109881,-0.0286408156523344,0.0635149327367191,-0.0951041965430187,0.0238833726563163,0.0680883724433009,0.172775590048036,0.0024615625054574
1648.in,1648,1.00000000098124,-0.0699543779505059,-0.125670644674696,0.132694072856539,0.10402793860006,0.0887987067175242,-0.168678558164353,-0.566364821337592,0.0170078104120175,0.144307087962538,0.333800220120997,0.39169286080303,0.384088351851376,-0.134355792222437,-0.0576025563845653,-0.203038149318369,0.0616872278671665,0.104617997880205,0.148968449490918,-0.241808376020575,-0.0641157669634353,0.047893585253355,0.0436688563750784,0.171340549382976,0.0138799079124914,-0.138262243577735,0.0700035575497297,0.111334557817356,-0.0635432630475534,-0.153662894655077,-0.0300208758761334,0.0662072564408915,-0.0833208654283908,0.0031476441961226,0.0691216418274057,0.185011827660821,-7.07443807228211e-05
1649.in,1649,1.00000000140017,-0.0182669752026349,-0.095971584573679,0.104138205141457,0.132293889854503,0.0596939246643514,-0.148178184329533,-0.547798750311906,0.0030441480150907,0.168450162388456,0.343590328457698,0.403639662644695,0.414745016932464,-0.144419798935422,-0.0787819980907413,-0.178443378727632,0.0649818836146724,0.121188596346623,0.171191329596903,-0.237158770913807,-0.04818046898542,0.0314040025477833,0.0419767669698905,0.179798544256949,0.0209751389022282,-0.139563918179328,0.0623751375764014,0.101085464124884,-0.0546112466861757,-0.140238915473921,-0.0304346173587902,0.0719688267687595,-0.0866939061587474,0.0125898441931576,0.0753864593960067,0.199282721241078,-0.0088601673461424
1652.in,1652,1.00000000096029,0.0134639583944143,0.0049894899184252,0.104592260910617,0.0777529796311978,0.363231315262876,-0.127708814560938,-0.538694943133108,0.0009497648290995,0.179490598293806,0.263375643471056,0.333413603205516,0.421615455238655,-0.155502478951936,-0.0573503166973424,-0.158356066697864,-0.0880604932327659,0.12774441437442,0.206559539591648,-0.223027181879069,-0.0426531350160376,0.0244485828478549,0.0097201592580911,0.148951278171095,0.0258846153967189,-0.118538161746317,0.0236751741526049,0.100665991015965,-0.048611212122313,-0.132361258439013,-0.0275840147289708,0.0993283358412584,-0.0890476110241811,0.0130496987200381,0.0374709298932975,0.143438707558472,0.0335356337052379
1653.in,1653,1.00000000091735,0.0591565090045516,0.032401354259121,0.0887520957198181,0.096540178940949,0.33461235303958,-0.105620509112631,-0.527113696780585,-0.0138693978341522,0.203961879472416,0.277940104926701,0.337415848814159,0.451578940508274,-0.161906622780989,-0.0647191283049092,-0.138594407478821,-0.0817688376822236,0.142619731710464,0.224314186878341,-0.222663065642231,-0.0274585028910188,0.0046244317011583,0.0129751022518828,0.158866210408837,0.0342322867093023,-0.119526366608203,0.0185636543465291,0.0989212917766107,-0.0414731850359961,-0.11664667202978,-0.0286189377786728,0.108527505882646,-0.0923070737617296,0.025592880730305,0.0423973032938932,0.154025544039469,0.0241344433454111
1654.in,1654,1.0000000010827,-0.0731675310154615,0.0520496887172396,0.0789903745209631,0.119068745615568,0.318820745980594,-0.175417313923844,-0.57131832647997,0.0171783939575299,0.136145289255905,0.286639920497264,0.351192584340399,0.469121152103216,-0.1312064070539,-0.080993689375829,-0.210665581695812,-0.0819400121030409,0.104551921644911,0.236675806896925,-0.224225908599955,-0.0624765922921949,0.052757039330051,0.0084284058173988,0.164808736864677,0.012038820855604,-0.121409757175783,0.014130356531315,0.0937564209394591,-0.0653462615501219,-0.154700898762504,-0.0291560804447961,0.109980084561692,-0.0829315220825796,0.0048557348308471,0.0473695112292935,0.161840526605762,0.0232511403911664
1657.in,1657,1.0000000010754,-0.0995891350710157,0.116327044986767,0.0301530868112932,0.211952072318553,0.237113582531552,-0.190330994206,-0.582052441503733,0.0236101331581927,0.124338691425545,0.320462484901059,0.39222712496266,0.532807958569812,-0.125748706011824,-0.145296577814117,-0.218632074022387,-0.0791341237087995,0.0966467333243041,0.283600623705531,-0.22017807377451,-0.0720845279309549,0.0621487219827239,0.0088959381880869,0.195662569341467,0.0092662461848814,-0.119473005271546,0.0041370439021571,0.0763843502638225,-0.0696842029512244,-0.162861476298598,-0.0300095324421292,0.126495201211975,-0.0801040732621441,0.0001368350930013,0.0583879190395941,0.202940090046223,0.011296960293862
1660.in,1660,1.00000000139059,-0.0692119439066758,-0.0216723193976839,0.127478729638227,0.0890195423539822,0.233264780976708,-0.177338040263366,-0.570455974076231,0.0157188999482689,0.139789826764931,0.330375835633338,0.389570414821718,0.441536955160296,-0.130703739122484,-0.0556635243915618,-0.209996189158648,-0.0218960024494548,0.106751138048942,0.202864413160436,-0.241169272994791,-0.0622476841731946,0.0506847212521516,0.0410379577485779,0.16917249601358,0.0130264845086489,-0.141502934040932,0.0335607850588846,0.111517263001194,-0.0643564805838855,-0.152818651123007,-0.0298246929423773,0.0939640405776117,-0.0837048580319832,0.0099927117270723,0.0540858376657689,0.183285643097957,0.0111274074239194
1662.in,1662,1.00000000099043,-0.151179051221983,0.0365494407393623,0.0954178872704282,0.14340896570044,0.193162939633113,-0.220692273191183,-0.596982297108012,0.0290282373277184,0.108168051632474,0.352972899037233,0.407464116302247,0.486576104443166,-0.110548685664215,-0.0835597944692698,-0.254328864917387,-0.0303060246159893,0.0836606993173457,0.236700911737248,-0.235680862766361,-0.0827552990705962,0.0729660542993911,0.0397433264315269,0.188714065342071,0.0012482364459814,-0.138425658471765,0.0241554628027207,0.0996908275732127,-0.0781433801790825,-0.173522780614124,-0.030943508906547,0.106304306076956,-0.0762959119589514,-0.0026138499059848,0.0645395048135843,0.204194638880318,0.0031928055668061
1674.in,1674,1.00000000091997,0.0189729135685813,-0.206890627553904,0.0189917379938591,0.108522662126987,0.162118547184784,-0.110987619363891,-0.590112992698645,-0.0058194980674748,0.193322023921094,0.208120484063286,0.295405170993335,0.340054049482844,-0.166217064191453,-0.0954001796403806,-0.155588111212937,0.0697914793586121,0.153272976500401,0.141795268432773,-0.220103761685835,-0.056063642389843,0.032602221948632,-0.0032023025284943,0.136049735237891,0.009244063486579,-0.104074663345061,0.0827215034534202,0.0873483610940376,-0.042821585194103,-0.127404390005748,-0.0264867077492163,0.057339123390069,-0.101058746688036,0.0071817441469979,0.0534168390277167,0.112154241172979,0.0103507370996722
1676.in,1676,1.00000000112132,-0.0669752224473605,-0.162734998130056,-0.0151313743182935,0.154901609391685,0.121241302999786,-0.160859129751036,-0.618865470432037,0.0136309272940412,0.153469335113542,0.22604858630824,0.312512212209031,0.380695535293332,-0.142306814431615,-0.135486469008277,-0.208246582270707,0.0819133407499708,0.130929355495137,0.165499348536852,-0.2143040406743,-0.0832676398619182,0.0606101830782583,-0.0053705141892988,0.152567492063124,-0.0073200020614392,-0.102324656399039,0.0748374373740362,0.0744091477033378,-0.0593545513422584,-0.151516042219109,-0.0286538036063217,0.0634254215379623,-0.0954285873777937,-0.0034720678242012,0.0575991938126338,0.133355633348923,0.0005802353985061
1679.in,1679,1.0000000010205,-0.0962704378133267,-0.0896351585306391,-0.0735291595492922,0.245961117306302,0.0320951418473645,-0.175666946480241,-0.625195008777577,0.0198239103829505,0.139702271674372,0.263998220532495,0.355181669916843,0.458213038000247,-0.133985201721653,-0.200115456756891,-0.225373456499377,0.0939744877525514,0.125796646678958,0.219834302404889,-0.212540622393607,-0.089153846279205,0.0726465422892119,-0.0102375748818786,0.18015811034221,-0.0137331757854505,-0.102894829022433,0.0602874286554629,0.0548529234356084,-0.0622614503227576,-0.157513766053511,-0.0285758148856353,0.0817404767563604,-0.0944955786518697,-0.0064110380878143,0.0733833450763352,0.174161016099726,-0.0105811952831707
1681.in,1681,1.0000000010303,0.0674081812890523,-0.24579241091545,0.051860588417899,0.117079563644798,0.0541782795657259,-0.0841663467238381,-0.572737115379067,-0.0139939988964803,0.217362379232791,0.256302661823262,0.346703908141973,0.335722512556368,-0.183899638956989,-0.0927586500169454,-0.124382331492085,0.125014248553488,0.165543366099822,0.129016824910373,-0.235331302334865,-0.0458110002204367,0.0150178840742789,0.0270143912690034,0.151461889807632,0.0176156925972496,-0.120576428943082,0.0990889349606414,0.0955332102498306,-0.0337948836556425,-0.117300796453757,-0.0274205217224102,0.0421197335633462,-0.104521362547626,0.0100018544632833,0.0660679721415438,0.147104229330837,0.0009132655169711
1682.in,1682,1.00000000105181,-0.063274369427506,-0.207414587636111,0.0322663673953651,0.129621966148647,0.0461426725825087,-0.153265781387178,-0.617470246390372,0.0141491110717561,0.160273862540183,0.260558567185824,0.346667756984442,0.363649826417788,-0.14743203581641,-0.0933130075909076,-0.202467741698847,0.122470338262064,0.132112828606929,0.148931383730815,-0.234426836016759,-0.0793241008430514,0.0582523605911852,0.0316547475772675,0.15816274834817,-0.0045988078577312,-0.119265415286902,0.0930296117611168,0.0927043329933637,-0.0555192483431464,-0.147019297647298,-0.0263982742814475,0.0553029587394796,-0.0934310737013238,0.0015759581292886,0.0718587393526509,0.15508180425595,-0.0058246239720323
1683.in,1683,1.00000000128756,-0.01276835203922,-0.202047850351143,0.0181675746170943,0.16174255826327,0.0008379107760778,-0.126951751133081,-0.601391751111695,0.0025595536314407,0.180133254909324,0.276823773709268,0.371793903909492,0.377109126080559,-0.157977059469857,-0.124456224972189,-0.173138138739535,0.136167720945041,0.143935385896283,0.155298546776828,-0.232685141016935,-0.0706138492709192,0.0436288307268468,0.0314440510662031,0.169505010104298,0.0026501401838793,-0.121862237785967,0.0927589096162765,0.0854104191173156,-0.0475416045793031,-0.138292494808641,-0.0285334595973027,0.0700206870649725,-0.097739216548627,0.0043139862630481,0.0679606006132209,0.170436123522871,-0.01078669018728
1684.in,1684,1.00000000112867,-0.145655626308302,-0.17889358887652,0.0023908866298677,0.182435906486797,-0.0086294127360378,-0.187024231817538,-0.638379148685127,0.0304200349517144,0.118067757438863,0.297017136198497,0.37788117293113,0.391056375287493,-0.120756708279721,-0.141244862346388,-0.244545200257997,0.142225032812266,0.111697501102543,0.170188086757693,-0.230361997048753,-0.109284150878533,0.0829403064738422,0.0349713119928914,0.172931791234201,-0.0201056308580515,-0.121665135889223,0.0842469527100889,0.0821217537948943,-0.0679361957935358,-0.172508660363468,-0.0256541250862578,0.0625464567378003,-0.0867136199791639,-0.0127414575717008,0.0756708910801233,0.184149156224689,-0.0144271144644535
1685.in,1685,1.00000000074684,0.0168891330659263,-0.0973687965889015,0.0116099480653477,0.109500158772835,0.323329157896551,-0.104161762203805,-0.593367103434557,-0.0032843642228431,0.199120240088546,0.20324387225515,0.285533672004588,0.386426305761674,-0.16780850228177,-0.0973980383697746,-0.158820365593514,-0.0217046844863026,0.155757992797627,0.197725503396817,-0.215972947980158,-0.062108793500404,0.0292818923864875,-0.0029283490308863,0.137503516639221,0.0072219223818522,-0.100694598734781,0.0458868943887771,0.0853542133237646,-0.0411179260869401,-0.128466402087993,-0.0244655278783483,0.0867074145451573,-0.100781693473577,0.0079106342976399,0.0389966657435255,0.111992985783883,0.0254622134906012
1686.in,1686,1.00000000114567,0.0805693748341201,-0.0538327834989335,-0.0084357166456192,0.136054386475328,0.28956536265045,-0.0725072150907637,-0.564312160947072,-0.0176191008013834,0.226832682138625,0.21835940406534,0.307831065697238,0.418326267754466,-0.178558592683447,-0.119092556471053,-0.125398982841081,-0.0181670158176986,0.173538415838525,0.219197622931971,-0.213929560206675,-0.0428362714173075,0.0096945022591783,0.002042057741404,0.146331837724209,0.0176471928141779,-0.101648822470753,0.0393871072818748,0.0772156401735871,-0.0287563380032086,-0.109439464341392,-0.0253174663853073,0.0957645343147749,-0.104054727533521,0.0185094147155654,0.041257550016901,0.129679342388779,0.0215147806102119
1688.in,1688,1.00000000123206,-0.022778616402606,-0.0285249144805971,-0.0361789724221458,0.18927570695989,0.240611218738534,-0.132978779958062,-0.603466277935411,0.0061943043544342,0.17750439871501,0.242137479985289,0.332799906769037,0.460618405893387,-0.159160811217814,-0.154875638902749,-0.179619173706679,-0.0094390038487432,0.143792573262325,0.244408068610632,-0.214196075918732,-0.0675147119725919,0.0447727690546496,-0.009417420487621,0.163040322932488,0.0028294666130683,-0.103468443382157,0.0322753383696016,0.0678265408545975,-0.0494672592729365,-0.142193474398134,-0.0276402757561046,0.0980802509065161,-0.099199969307819,0.0009425920243677,0.0495375158150573,0.147027262377878,0.0161976773979408
1689.in,1689,1.00000000101838,-0.159188007911213,-0.0053077101038269,-0.0538367404088571,0.214904548293013,0.221548302544581,-0.196500601690351,-0.645767298010302,0.0359605720136406,0.111739101372561,0.251567332861651,0.33760230107273,0.473149895997167,-0.123246548594619,-0.172571707465949,-0.255199264063462,-0.0096682264584616,0.106489507200878,0.257836836892548,-0.210800142452191,-0.111282987580597,0.0876383744812124,-0.0026404202205706,0.169464891745345,-0.0224688348040255,-0.102296036446099,0.0263614736510857,0.0593591909615397,-0.0709348771734695,-0.174589544810569,-0.0265826815896488,0.106869452428841,-0.0866631571114216,-0.01398702228527,0.05212924235263,0.160679536003786,0.0110862732785236
1691.in,1691,1.00000000118404,0.0098951633661657,-0.163830306893821,0.0660884494602302,0.0827427728286811,0.245961608744475,-0.112020558455164,-0.594091257124085,0.001360443486152,0.196615748977797,0.242239986573487,0.327356388692534,0.36090580132382,-0.167913595303141,-0.0634239167016726,-0.164877671124473,0.0221220967582064,0.150356988945352,0.167418417740299,-0.237071712048932,-0.0654324317529761,0.0364751825169291,0.0338402717756176,0.143040035779661,0.0086934630515,-0.119342413551803,0.06807676138901,0.103692998749826,-0.0437759689487016,-0.130314578457394,-0.0258390277853138,0.0707769977398462,-0.100141844612445,0.0061676436825302,0.043847128116818,0.130887003792243,0.0196945168350136
1692.in,1692,1.00000000092373,0.0546076635583977,-0.122814041152014,0.048247202814274,0.108947436654843,0.208268723416862,-0.0882361983614661,-0.575119110161437,-0.0110469863509874,0.212442664991493,0.257720654152084,0.342906893096756,0.390640900254876,-0.175328307459673,-0.0904158956409736,-0.137562181987393,0.0335124843944991,0.165462369194244,0.186656572051067,-0.234115290424136,-0.0496915072618018,0.0177545895075052,0.0298480345766624,0.151173792428194,0.0148484974072373,-0.119595421104909,0.0603541565439312,0.09646468842529,-0.0365010585924629,-0.118269409018062,-0.0249568779430389,0.076995540477837,-0.10257728367285,0.0146922842105514,0.0502785318298185,0.14683037058442,0.0150634262551114
1693.in,1693,1.00000000089395,-0.07229963050723,-0.108449141479898,0.0325307336202659,0.13977135562139,0.179054478480659,-0.149115322088935,-0.619793397412292,0.0194510255205611,0.146861235128167,0.262781595931062,0.348299492261577,0.402751177161953,-0.143254006217948,-0.109311049654976,-0.203316705760635,0.0358565737203005,0.130991253334552,0.199778382650075,-0.231505729337108,-0.0877670631225389,0.0620212270413939,0.0308653709783336,0.158551939448958,-0.0072727176664064,-0.117227122152121,0.0572595302208248,0.088171049719869,-0.059149771249831,-0.152364538175804,-0.0238213725294915,0.0789989348189328,-0.0919995307530291,-0.0057034040807868,0.0549731002531258,0.158045219158049,0.0129651174396043
1696.in,1696,1.00000000120114,0.0244276500789746,-0.220589901372851,0.119761538962044,0.0404163532704242,0.162227164016593,-0.112843735607313,-0.587920597482153,-0.0041689874436675,0.198144791816909,0.281112311179705,0.368737952426442,0.335653236622309,-0.1692537366637,-0.0348049208856787,-0.156619711870608,0.0805761448266282,0.157420988330657,0.131271804485895,-0.25572221673128,-0.055384596543055,0.0287739894192447,0.0595926552021877,0.142624353950909,0.0101060862655677,-0.140779832340887,0.0858112505655512,0.122714917398792,-0.042324534772297,-0.126856891078503,-0.0259235027702854,0.0704044585371613,-0.1021964770241,0.0112298935115323,0.0501168578439512,0.150429023276757,0.0119994260001511
1700.in,1700,1.00000000117399,0.0675010015697376,-0.0024910529132186,0.049205362972169,0.110154688109475,0.37013067179118,-0.0755360974082145,-0.566236354112507,-0.0155330135539643,0.224889571384085,0.262236638172358,0.343198407138187,0.43978722632588,-0.177616434413836,-0.0867960090327735,-0.130195990766884,-0.0671212068462729,0.170896663497601,0.245409246483276,-0.233766214393062,-0.0482933663563647,0.0110153718270868,0.0342685667628335,0.149625964622803,0.0177462374216164,-0.120953142160956,0.0226108477806444,0.0975698626161145,-0.0312183770966405,-0.114193071368138,-0.0256368550987122,0.11237246461257,-0.105176507851791,0.015136964240547,0.0347354675885795,0.148350014819771,0.0296409988975369
1702.in,1702,1.0000000015565,-0.0050296956881826,0.0358331678617162,0.01185250026169,0.16214366245097,0.302716278495454,-0.12060574704215,-0.598106071155385,0.001203040728213,0.188819920258823,0.276400628271497,0.363793226753593,0.491198685744806,-0.163088982312264,-0.121625591617214,-0.170563539381352,-0.0550157130109889,0.149246512067811,0.274276346350114,-0.232465519638411,-0.0611529398797086,0.0365144602578358,0.0244742955419725,0.166603702129145,0.0068394470031747,-0.120362331158426,0.016349793544955,0.0856811595154855,-0.0458222722703195,-0.131895504171911,-0.0267665875723807,0.133841382779725,-0.0993175531622626,0.0061870793583102,0.0443001059700403,0.165079262857134,0.0222205772837802
1703.in,1703,1.00000000123736,-0.155662895915235,0.0424760005895288,0.0006120479700425,0.189747394031683,0.295139621513716,-0.192166491093115,-0.645998712215038,0.0348195876223375,0.113091102335601,0.290755823672067,0.372516009426878,0.495673040855833,-0.124273046028314,-0.142868670553452,-0.247824913306446,-0.0561347053083538,0.108894605074599,0.283023679577806,-0.232139239848597,-0.105802327359126,0.0883550087280312,0.0264051436070219,0.172172633067489,-0.0213733865899141,-0.120372779447115,0.0115898126180156,0.0810576613747392,-0.0707754475738638,-0.173209866946812,-0.0261354424022763,0.116250623873289,-0.0891438427256257,-0.0157798538003809,0.0460592486773296,0.175415287885096,0.0199009178229993
1706.in,1706,1.00000000100727,-0.0694756400363707,-0.0515322022380466,0.0886986159690597,0.106114377650074,0.269465106254345,-0.160488422523359,-0.619562351634533,0.0170469884979919,0.153708561144284,0.3053595197727,0.392152514619934,0.433603310381508,-0.143869704912955,-0.0717967353431625,-0.211013445452485,-0.0191179676016952,0.126485648136499,0.224852511360384,-0.251495238900385,-0.0825225602019101,0.063786885031821,0.0603197380754402,0.162757097995422,-0.0076208256224337,-0.13984779389565,0.0385224261462336,0.110865295559454,-0.0589395510991964,-0.151625543609866,-0.0283843752898409,0.0917992627733146,-0.0930844691585688,-0.0022853581810895,0.0447195947155906,0.17424754255852,0.0180551398790857
1708.in,1708,1.00000000068693,0.0643598988699903,-0.138563269936813,0.157838179640389,0.0519049721403489,0.216561500721674,-0.0817370519071442,-0.571271325529057,-0.013917173829473,0.218879335440822,0.33921247017792,0.412953460480425,0.385805121202039,-0.180994776389077,-0.0276940368757271,-0.131713468358854,0.0339331885012738,0.168311653875008,0.183247150655911,-0.274921830169236,-0.0442003467509778,0.015282764036211,0.0905576249516841,0.15805964770698,0.0163304542086088,-0.159093613638292,0.061826909130811,0.134311622642272,-0.0354865413573855,-0.116168145312686,-0.0254293999693382,0.0711298101902544,-0.105509499925958,0.0135507620665904,0.0500601674088965,0.180322182527706,0.0144274747313696
1709.in,1709,1.00000000104371,-0.125941724199462,0.0714612622545741,0.178750984595928,0.22095607144062,0.141856988089324,0.025476281143498,-0.220486210126451,0.0296591869809333,0.118132285238175,0.347834978734006,0.209251482194449,0.166167486532457,-0.0849566929548727,-0.104612745853594,-0.117356891373863,-0.0512723686353994,0.0055675332685243,0.0863073365896984,-0.0985392995040095,-0.0896633649089751,-0.033586639295298,0.017228960824526,0.146342155698409,0.0294602469517592,-0.0441090683126364,-0.0032311184980994,0.0393554906758439,-0.038454344293342,-0.112522001478105,-0.0094387449835756,0.0828936915835301,-0.038753576282354,-0.0146488355880284,0.0324904231224258,0.11782428956415,0.0191001531898872
1710.in,1710,1.00000000148988,-0.0713201263466368,0.0933323103768288,0.161935806440327,0.254580259410752,0.11916581547266,0.0618798198751586,-0.192094153968021,0.0140972014160626,0.152788372730546,0.370198327883966,0.217924458517692,0.187577460526009,-0.0952608093740237,-0.13345257387879,-0.0848767484503664,-0.0502510592906351,0.0222343030216838,0.103511531371459,-0.0951578690220707,-0.0750576297091503,-0.0563714092319189,0.017365107628077,0.159198421282034,0.0407754474529237,-0.0436321346562022,-0.0090851302422951,0.0326089496946549,-0.0280676947663502,-0.0980328832619158,-0.0086256679362221,0.0878089280424757,-0.0439130840648595,-0.0050315682503264,0.0360587115443735,0.132955922982951,0.0120839638354361
1711.in,1711,1.00000000159553,-0.206383174253027,0.107175349910631,0.148762957891726,0.285381605891112,0.0936111961890244,-0.0081307873572817,-0.239484506566682,0.0488564907100855,0.0803203946204387,0.374459877109542,0.223092014258997,0.193092101295481,-0.0612096217831711,-0.14726453488041,-0.160216670171393,-0.0415262535758947,-0.0169492992586021,0.111616750159462,-0.0922965806520009,-0.117194398869727,-0.008481627143512,0.0215357508956576,0.163714316503415,0.0137070094209927,-0.0399660313570001,-0.0096453158943612,0.0267527966205086,-0.0499146951303855,-0.131491459257905,-0.0088720652859953,0.0901287868995155,-0.0311468329581152,-0.0238064787544101,0.0398712433955671,0.139950782944287,0.009711995862371
1712.in,1712,1.00000000103398,-0.153082532375266,0.144624851661944,0.129375400592883,0.303014786434126,0.0690349915442821,0.0123678379025009,-0.224860895585855,0.0318428440288957,0.106475669216064,0.394577595004974,0.243330809116648,0.230396087260001,-0.0744462946655059,-0.166212425545988,-0.135227743724549,-0.0404998696721172,7.35335695219818e-05,0.130881362563758,-0.0966444894058518,-0.0993558946225786,-0.0268078979225669,0.0167515857466857,0.173598414892425,0.0239491388358328,-0.0440549025964119,-0.018567513182394,0.0233175275678365,-0.0425362023685625,-0.119539305659902,-0.0102684382501249,0.0952931683550751,-0.0371504922028547,-0.0148214179535233,0.042904490122647,0.154217846897775,0.004360461812138
1713.in,1713,1.00000000126004,-0.292478872624136,0.167718645080451,0.10693958896258,0.341478472188485,0.0434609729634115,-0.0612377613703882,-0.275605481347098,0.064719885006189,0.0354786347593355,0.38604000329465,0.251826646471727,0.245549953821337,-0.0393629923765048,-0.178159708824057,-0.206879681402054,-0.0333989475888062,-0.0394634567706701,0.148946732078974,-0.08789037721088,-0.135385207247356,0.0181622789855473,0.0182899242933946,0.180617878538577,-0.0004636184904031,-0.0425601339324702,-0.0181480816446555,0.0152291976084757,-0.0664541908913237,-0.155356365901711,-0.0114131438915902,0.0995339850607748,-0.0240166967536391,-0.034640797125153,0.0499460497921827,0.165784029995293,0.0013639263793076
1714.in,1714,1.000000001196,-0.252719065231317,0.191009339368574,0.0874601117536988,0.367037108641638,0.0055949622326248,-0.0322686202731126,-0.25593665137207,0.055918172794436,0.0627107154060574,0.412900801124328,0.261752481498328,0.272375367816373,-0.0496031132864477,-0.201011984632565,-0.187486099631641,-0.0314954882364086,-0.0290120220002695,0.163183023588799,-0.0917368867127905,-0.127451663072853,0.0031825778503488,0.0175239649836397,0.193091247905426,0.0088887926344245,-0.041609857485951,-0.0259120180260729,0.007749422772765,-0.0599195611686547,-0.146431348835541,-0.009242991924902,0.109911138341572,-0.0284152459229781,-0.0274421268475604,0.0560368901387241,0.176463024698632,-0.0042521149518707
1715.in,1715,1.00000000138878,-0.133159851205244,0.0042695671653499,0.22944868152031,0.204858796353037,0.0700332702098276,0.0381555350358854,-0.212795139202347,0.0284350279870774,0.122118289969161,0.394374919601355,0.239949636022934,0.131960833867837,-0.083852313276922,-0.0731487529167356,-0.120484798576414,-0.0037423672526703,0.0061659285472015,0.0551609474813456,-0.112122186210927,-0.0937589206104488,-0.0375780927079264,0.0526672403310909,0.151438998627609,0.0305709593096803,-0.0603744057178958,0.013556169295687,0.0556458883855656,-0.0374820566098823,-0.11197867242942,-0.0082706247352319,0.0664854698963996,-0.0399449819201982,-0.0142198686745666,0.0412019495759647,0.134860425762952,0.0117273782651378
1716.in,1716,1.00000000103894,-0.0833915603750873,0.0394585569224768,0.216733460654893,0.22753364912916,0.0328855841022497,0.058739114984522,-0.195314002278215,0.0193025211735386,0.148363662199119,0.414518531076356,0.253413516585338,0.157149550099384,-0.0961944163979385,-0.0901787598345613,-0.0950275734186341,0.0064206661028818,0.0176460470659076,0.0720576222612565,-0.117336884304361,-0.0782430330050095,-0.0569226133826986,0.0524033279933285,0.162126388960839,0.0389224496924226,-0.0620157438435651,0.0105926644511532,0.05256587548266,-0.0307184319666974,-0.0987156449471939,-0.0084562953063616,0.0716618937266598,-0.0425519543595498,-0.0047313038544126,0.0484553348229364,0.148939784116005,0.0033068707652104
1717.in,1717,1.00000000110539,-0.216100497008678,0.0676112583757021,0.196939759657643,0.257435680572806,0.0158825319996517,-0.0212055598063613,-0.24419025533436,0.0430405398947772,0.0758376444540429,0.411709988230576,0.261859220613214,0.190327392823724,-0.0582847347386915,-0.113124780592497,-0.166975804891667,-0.0004355256527715,-0.0195811067843069,0.092486829373512,-0.110108371654147,-0.115790046728404,-0.0035681176324289,0.0487546791040124,0.16899658114547,0.0132524905021581,-0.0599161014069845,0.0039131155414787,0.0434044929858242,-0.0532929582113222,-0.13654347164251,-0.0095952839070921,0.077465532341212,-0.0289083743401293,-0.0227568642157447,0.0482071720021199,0.163292169858299,-0.0035618256689031
1718.in,1718,1.00000000094481,-0.153653272893381,0.0868159541926657,0.169444920503346,0.29154612137293,-0.0127419217283881,0.0192207533375283,-0.222240392447258,0.0332883443646,0.106407518274604,0.431361569070424,0.283193115539805,0.200239485685089,-0.07365130377453,-0.140646473021192,-0.13637469599415,0.0114744112373974,-0.0017156571872246,0.103116680178586,-0.108193550721821,-0.102324172042702,-0.0271612828597743,0.0527158818573803,0.176544158131764,0.021198179815142,-0.0604986975039992,-0.0025915988827072,0.0381147488706184,-0.0410183989259587,-0.121516464348988,-0.009937170193499,0.0815265537402392,-0.035520284656132,-0.01717651197708,0.0523430463360987,0.174265097076937,-0.0048392710152154
1721.in,1721,1.00000000167616,-0.132394901115618,-0.0431716791327229,0.272625775928212,0.176672949380924,-0.020225622243494,0.0316692507790566,-0.211650648340827,0.024764503302687,0.120232153014801,0.435388742289963,0.279593457929158,0.104881506841619,-0.0783720776297569,-0.047611473705555,-0.120505585956437,0.0527391413274173,0.0056158840647749,0.024185259903694,-0.131190611820531,-0.0964137213039668,-0.039884952185682,0.0862080751971889,0.156697771927758,0.0284812677132201,-0.0781122346029339,0.0328880458564232,0.0726093849304199,-0.0371961949026433,-0.111990786906609,-0.0095981748745218,0.0501331848501817,-0.0384719957332511,-0.0131664888104124,0.0497247801595548,0.161236003624224,-0.001595013489727
1722.in,1722,1.00000000119185,-0.0746111557325307,-0.0240442566281254,0.263087631254964,0.199085614162868,-0.0344543470531104,0.0463471041571323,-0.194645816941071,0.0145822550645088,0.145263902571586,0.449040114575639,0.293989201029189,0.13344884449618,-0.0913820725526615,-0.0622624461062851,-0.0963287154902654,0.0530210919601564,0.0196839676678287,0.045100439892935,-0.132322638400552,-0.0754181885857248,-0.0517879385669217,0.0888638890284327,0.166974199448531,0.0369400186849431,-0.0794735979146328,0.0282374614027295,0.0711744070564063,-0.0290036372616644,-0.097364793110613,-0.0110398767569865,0.0555922067715373,-0.0417839045502706,-0.0040234758506237,0.0538746210802985,0.171286068406239,-0.0056704423922797
1724.in,1724,1.00000000107488,-0.157496551191906,0.0336262195409792,0.228942497743749,0.25645138654651,-0.0866298868246769,0.0198840865431128,-0.225242767971176,0.0366440857257984,0.108665536798163,0.4762798270959,0.314000157872224,0.175905672743791,-0.0739295494570316,-0.107243708653905,-0.135739915609607,0.0494911645421416,-0.0013089293751841,0.0813437660738682,-0.130600207362467,-0.0978232517401215,-0.0288578985548874,0.0867321496215245,0.182144529733829,0.0219668711825708,-0.0791599106140072,0.0139884874627834,0.0556315354040138,-0.0418935233365913,-0.117336115343455,-0.0089756120350763,0.0668110953147898,-0.0362275812115773,-0.0177014665537844,0.0598531615974718,0.19507311368015,-0.0111607189210704
1725.in,1725,1.00000000089145,-0.286248972750164,0.0324358685737435,0.220588592683171,0.287196909641259,-0.123253856900773,-0.0520061489630316,-0.269373017695273,0.0636304473035342,0.039130550321384,0.486832325153645,0.326299231060807,0.185384308658471,-0.0396228939095523,-0.127078729881124,-0.203351172746739,0.0650820396054696,-0.0398404356278383,0.0835601097713614,-0.130681610833754,-0.140983328913738,0.0186863149938952,0.0848931523554642,0.193324852077191,0.0005333554903769,-0.0785972687752254,0.0168946295571819,0.0528607919834773,-0.0642746980555215,-0.155638348001635,-0.010217587207731,0.0686930993044901,-0.0250568446525978,-0.0365961455057354,0.0625572758289928,0.204945534154285,-0.0150526106657274
1728.in,1728,1.00000000115528,-0.0769426467943676,0.15270709187575,0.206993768119333,0.228787587130606,0.182642157531517,0.0626012840817452,-0.197127099229398,0.0156024186086379,0.144519198245885,0.407829443990764,0.24463870768139,0.209267136493757,-0.0909984799492899,-0.0991767312139487,-0.0966413953196378,-0.0890484029905107,0.0221371914433473,0.131669468288436,-0.116402258472468,-0.0834823307382568,-0.056412231576234,0.0521463897377453,0.160443891834114,0.0343610977966706,-0.057759974212584,-0.0273235971630073,0.0499540531717116,-0.0293824300076467,-0.0985459471840497,-0.0073969898199598,0.101179146455512,-0.0421877226380937,-0.0071313853811614,0.0312973768649885,0.147725370987392,0.0183297297138114
1729.in,1729,1.00000000113833,-0.204661262031073,0.158712861109613,0.190163377331504,0.247154494692159,0.168266541610615,-0.016619197749407,-0.25129174150494,0.0444587827466478,0.074458746587567,0.40635679766707,0.263356748893369,0.2232712423032,-0.0571891437871784,-0.114140714554625,-0.164686902066829,-0.0889121120324566,-0.0174248235797844,0.135323336645385,-0.11020030993097,-0.117815128314304,-0.0079810653126433,0.0512642863640766,0.166156603780792,0.0128717983164946,-0.0611744965304847,-0.0276249239027801,0.0445068396602204,-0.0522276936285295,-0.131843340678081,-0.0080042408416761,0.101033335408742,-0.0325018435535129,-0.0236085271819051,0.0303822604423105,0.161497213013573,0.0156461068869308
1730.in,1730,1.00000000132354,-0.158198928929535,0.198723403055291,0.180030789125503,0.280685696733151,0.154936897711277,0.0138851415032598,-0.222029551028079,0.0390957692717584,0.106210733078257,0.434224894164017,0.280657884724658,0.250864547599848,-0.0705523737976513,-0.130755209115146,-0.138032392043833,-0.0894633098084587,-0.0025167912496816,0.159081592261502,-0.111167325567551,-0.102467370013475,-0.0245379046262399,0.0543973543561285,0.176162490103768,0.0239512949829828,-0.0616366964212475,-0.0384062741425454,0.0412408706508275,-0.0415345128458356,-0.121265897604726,-0.0079794239775031,0.111839033791132,-0.0358893736694278,-0.0169812243235656,0.0349946762466657,0.17218377131761,0.0136592163290661
1731.in,1731,1.00000000117276,-0.288361746700544,0.212338782625802,0.16626009289948,0.308791403936029,0.116202656742962,-0.0520800675893152,-0.269800764133353,0.0635951377920954,0.0388244064070845,0.441616255166188,0.287893228305774,0.267087323604332,-0.0376746237332029,-0.157730317171223,-0.203562115924418,-0.0854279442371512,-0.0387381716082326,0.173729211271417,-0.110937800982138,-0.140371755769153,0.0210621820974509,0.0515818802026463,0.186097972408156,-0.0018490981534023,-0.0590762687944181,-0.038584475399366,0.0340596221285711,-0.0661814629868516,-0.154287399352658,-0.0090662287462211,0.114931443277176,-0.024761511191546,-0.0342957136514321,0.0395425585236389,0.184642621120752,0.0073694255555539
1732.in,1732,1.00000000104278,-0.251137989630694,0.248212308601144,0.142856837482902,0.342020884490776,0.0828995796468666,-0.0322128828505913,-0.256068288439442,0.0507655302131556,0.0615998577505861,0.452019996015532,0.296533541763268,0.297334911967084,-0.0502054876829355,-0.180250492295833,-0.1836784658402,-0.0772505241897171,-0.0247239717308754,0.190985678263,-0.105857150726873,-0.125780429710664,0.0048937710372685,0.0421665931123754,0.199122921985382,0.0081618378704112,-0.0591951329792442,-0.0433572097855308,0.02470131393194,-0.0585629591108557,-0.144723870359371,-0.0098454215826933,0.120198457171073,-0.028179010896023,-0.0278598023192431,0.0466407664494754,0.195258408697868,0.0017681024079614
1733.in,1733,1.00000000159411,-0.121614995010911,0.0709154395566223,0.269074283328887,0.172486692735272,0.138700896838887,0.0266512518590127,-0.215994377891912,0.0256480462670138,0.120719278732748,0.428190309165158,0.280772538299191,0.163368979867599,-0.0828002204948075,-0.05086314691356,-0.118665612288614,-0.0461926295977152,0.0083953333697319,0.0819534908961223,-0.132871576761712,-0.0894326445054756,-0.0374783041265299,0.0788935892654199,0.154589701691914,0.0294924705123545,-0.0788773340785976,-0.0026911355708366,0.0724190033192146,-0.037223863523108,-0.112356759240417,-0.009651053688977,0.078229793948274,-0.0394584959267777,-0.0113688020993393,0.0341199342976806,0.157128639378535,0.0169350491128558
1734.in,1734,1.00000000134314,-0.0802048040270362,0.0891026140557078,0.272001220458959,0.199837367590053,0.114656676375002,0.0589049679163207,-0.196801214236001,0.0185191613592877,0.145120153836439,0.450310561911434,0.285087316089866,0.18177240219912,-0.0910665614796311,-0.065347715867087,-0.095212470317504,-0.0448321290013411,0.0188005144622671,0.100243021534835,-0.133227715026981,-0.0816168332197971,-0.0545463375855781,0.0821830541997968,0.165859687790024,0.0368578191833967,-0.0786229032471148,-0.0086016166652401,0.0692976503901021,-0.0264128053647851,-0.100530411505473,-0.0094671738252668,0.0868586205930039,-0.0428823500271462,-0.0050571862407587,0.0376520625742448,0.167055398100603,0.0120502898811332
1735.in,1735,1.00000000113287,-0.21612512057079,0.103674631441754,0.248350431988417,0.220412051729437,0.0828081815951211,-0.022285386720354,-0.251461353792844,0.0469785210528264,0.0743611836186754,0.454879852309997,0.302030634341008,0.200575153472697,-0.0577953988455703,-0.0818813283618644,-0.170464235242821,-0.0351737559155361,-0.0164960940287519,0.110691446173062,-0.134140587169001,-0.117175108343911,-0.0030340598210177,0.0806878404157781,0.172178422575287,0.0117880316299322,-0.0798229267337685,-0.0084281938185652,0.0666956081690828,-0.0528217544601856,-0.137412463378305,-0.0124898818155989,0.0879010406401468,-0.032059072556813,-0.0243065962416171,0.0418166655826264,0.179110648374517,0.0056586558612215
1736.in,1736,1.0000000013945,-0.158816309810224,0.139549168767023,0.217455889796656,0.25483203990565,0.0597893400952661,0.0122183984673865,-0.226948931309149,0.0386514523113399,0.100517768571368,0.470756024340389,0.308199651567047,0.227542722972786,-0.0726615839239597,-0.109401892117494,-0.141328081734235,-0.0357581588443991,-0.0006904435546737,0.136174284991395,-0.127533959040346,-0.104993241415184,-0.0223668693942699,0.0820081303664357,0.182787826696503,0.0209631872065271,-0.0759546208651514,-0.0209445361318685,0.0574896665865796,-0.0438282486082733,-0.121048167489492,-0.0092045379620362,0.095468869551458,-0.0361243727694631,-0.0176503797772793,0.043711385726444,0.189636400541254,0.0043301686068526
1737.in,1737,1.00000000087721,-0.296889706001711,0.152689031992274,0.220458448378769,0.282035296864722,0.0369860675440153,-0.0554453936395321,-0.27759311819638,0.0653849450181107,0.0421532840309302,0.484766044802564,0.322417052538935,0.247124714884045,-0.0408914808012959,-0.114188319053929,-0.212006138684143,-0.035768960164367,-0.0401183403727211,0.14488463735353,-0.12949046990916,-0.138484273884606,0.0155644194039699,0.0842311356563958,0.190834087577212,0.0008868931778969,-0.0795681436930307,-0.0212413501218206,0.0532251649003428,-0.0671195660520678,-0.155049299252906,-0.0104447438911592,0.10384356805149,-0.0273410064217672,-0.0348789685283863,0.0503865591336606,0.199939938056614,-0.0008655854917138
1738.in,1738,1.00000000095962,-0.245304280785331,0.18098857634955,0.191335376545398,0.315264250194303,-0.0002648825583156,-0.0328031097779353,-0.259148623244082,0.0550189428825418,0.0630690111648386,0.490138992032719,0.338738432433568,0.272316248668187,-0.0499992526516984,-0.145277484405328,-0.184338891208289,-0.0279846235430926,-0.0254707281250112,0.162018873013505,-0.127321826787066,-0.122967445624637,0.0059858927191669,0.0803133513982408,0.201650738437281,0.0083843644566251,-0.0772842249083219,-0.0239130676014077,0.0453087983699464,-0.0585288180997077,-0.141415586172059,-0.0097174543505879,0.104221157483957,-0.0291198938678157,-0.0284587236667894,0.0532533442629787,0.2153826328602,-0.0055142945555048
1739.in,1739,1.00000000119683,-0.131321734663071,0.0096813239154334,0.339201293058738,0.144104551216358,0.0692225368212895,0.0218401474380112,-0.219158312095334,0.0290052313126296,0.118233374578314,0.475303196691495,0.316072566683641,0.137074673638831,-0.0788409013249276,-0.0091212085971252,-0.123762828749995,-0.0045149045505579,0.0037965320798284,0.0581314634118855,-0.15112165079129,-0.0917435772758551,-0.0341710853070775,0.116425095415755,0.161150489110198,0.0292587992327723,-0.098588584388714,0.015370557920316,0.096627875538734,-0.0382672373671652,-0.115477414060316,-0.0103724623483094,0.0679819755384464,-0.0372089084906213,-0.0134786308184734,0.0422432005152725,0.178760613799826,0.0068672399348956
1740.in,1740,1.00000000057252,-0.0752202992252964,0.0354899045609344,0.314091752603073,0.175981106785274,0.0356417119807097,0.0661358599708647,-0.197141814951865,0.0179117556214712,0.138668933637979,0.487500104404161,0.326087614301358,0.152697424146858,-0.0897294809429772,-0.0427788205368683,-0.0963203959017541,0.0071759551786417,0.01846971622208,0.0735620400310305,-0.150326288756025,-0.077926001318415,-0.0578869568970741,0.121814715545069,0.172510590172428,0.0343242270915024,-0.0973111219756423,0.0094464125198831,0.0857362764590132,-0.026890018687352,-0.0963557477115631,-0.0100862141286835,0.0718676377770733,-0.0424000244943811,-0.0035557900034671,0.0443410666489903,0.191753021575247,0.0016000537184143
1741.in,1741,1.00000000115735,-0.204996257457198,0.0507209807478197,0.297479462406124,0.198710283797754,0.0148813559421848,-0.0169700298640921,-0.243365064782314,0.0452563184027369,0.0761422835901418,0.499630231903068,0.339946065139109,0.178942342680376,-0.0604702514450267,-0.0584434972507763,-0.162502331950225,0.0059600858499105,-0.0135389556758629,0.0869952636148121,-0.150138412942386,-0.119810216307387,-0.0089479972694384,0.117702114161692,0.179943361950391,0.0142285993029808,-0.0970852428934799,0.0036539854257049,0.0823536881323696,-0.0526343893885155,-0.133762130102951,-0.0076096574394047,0.0771560381395368,-0.0317104554663833,-0.0206947890476745,0.0470320743056397,0.2008160809823,0.0004884490018448
1743.in,1743,1.00000000103672,-0.296820206313449,0.0991171137880147,0.270259892585998,0.252130113019129,-0.0342671937380426,-0.0566223602475232,-0.266995918510865,0.0638505438366755,0.0373431442025484,0.525426077887073,0.358548332405543,0.21817555735833,-0.0337242758476034,-0.0824521913802823,-0.214377940635124,0.0096401214700261,-0.0415778775417927,0.114818697863366,-0.146111079186216,-0.137297991736023,0.0198862944287472,0.117270924181729,0.194187998010082,0.0015320852311959,-0.0977513207678076,-0.0053265698513555,0.0685221483705833,-0.0689481222051805,-0.156551011115111,-0.0089455421802805,0.0867882124621269,-0.0260948473000125,-0.0310449073902062,0.0575566308098826,0.220651963024783,-0.0101078850603204
1744.in,1744,1.00000000095727,-0.25510320136965,0.116599373264515,0.246985539373445,0.291121092714996,-0.0673871585776598,-0.0347996426898136,-0.260623392039907,0.0562160235981562,0.0554461975728445,0.536267775579002,0.370074370256796,0.240451787508445,-0.0473042163238904,-0.120132597089792,-0.188907690888248,0.0175222102493164,-0.0283309934875849,0.135030516206007,-0.145609697750387,-0.13255950584446,0.0084286229143434,0.11349187645054,0.207088050240319,0.0040084396083936,-0.0936075641769644,-0.007323994130483,0.0625118478577406,-0.0603991572865005,-0.148263174467526,-0.0091571562096746,0.0879352572401548,-0.0279601548484489,-0.0299769511233333,0.0602386287083449,0.234801327075505,-0.0138524842167153
1745.in,1745,1.00000000125214,-0.126067464176108,0.177195346527648,0.271683492728893,0.167394952196812,0.28767899310814,0.0277968802932991,-0.214803874974382,0.0265877007976639,0.118911346910447,0.431752415414616,0.27884106361757,0.20880050134918,-0.0785417257442063,-0.0455590829386643,-0.12212561944956,-0.134707932698413,0.0074715122353584,0.135491094971968,-0.132456375871402,-0.0927825286307,-0.0358764038036083,0.0844254141438652,0.153467441652546,0.0274594514714988,-0.0792676642036562,-0.0394447235177019,0.0733991116013058,-0.0361591045993639,-0.111157940421312,-0.0084474572611735,0.107504128876059,-0.0381790413931072,-0.0110437120357196,0.0174033042003826,0.157413850182533,0.0314041554512661
1746.in,1746,1.00000000123108,-0.0871603603825031,0.197719922800428,0.262593748843579,0.205170210351234,0.258625083331379,0.0513385055856084,-0.204129844573616,0.0176658721235578,0.141605049541827,0.450849438920884,0.291637339535148,0.23502119371862,-0.0930582450667543,-0.074088003247078,-0.0969566164958678,-0.1407117598575,0.0139968475417662,0.159983514169487,-0.133218024039098,-0.0825389817168288,-0.0485718816577612,0.0827152622429819,0.166364353235592,0.0341787215602251,-0.079399121592857,-0.044774435239095,0.0693314086683252,-0.029233159357977,-0.103408183758606,-0.0104833682939704,0.112801016752788,-0.0423429163370612,-0.008892434642284,0.0229092154614963,0.168781320328061,0.0277015840792369
1747.in,1747,1.00000000108893,-0.216543159958379,0.220637597773636,0.247247506069288,0.229015990257956,0.242381807468769,-0.0160408299540496,-0.247115463972201,0.0476693749117675,0.0746489923435552,0.459832604647379,0.299714190750688,0.252716022532086,-0.059305235157579,-0.0869548417522585,-0.16713258560592,-0.138612718172692,-0.0191623600635487,0.170771251327187,-0.133041456507505,-0.117082338829194,-0.0063046041063532,0.0832867491552027,0.173522242520727,0.0136227559499327,-0.079234301864063,-0.0492770303144954,0.0649834207163633,-0.0545324834365725,-0.136210828918288,-0.0079489657444877,0.120299154180742,-0.0311593088234168,-0.0241270078103723,0.0261867855801528,0.179999316436729,0.0256713825347923
1748.in,1748,1.00000000124738,-0.161995067923964,0.246843712320337,0.228680415749495,0.264186651225443,0.214207552610649,0.0118657300743859,-0.230098036629894,0.0373387379643848,0.107224500169252,0.470191032404812,0.309636489573544,0.275462484213299,-0.0758867616260575,-0.107912019836861,-0.134616378622122,-0.136310904675631,-0.0013065059919525,0.194118927922194,-0.13086626240855,-0.103328285123382,-0.0241467961999912,0.0830707484338017,0.184640838787573,0.0229382665642765,-0.0778474891821158,-0.0538454095153514,0.0594207844057352,-0.0411378506111953,-0.120849266536384,-0.0088536149315692,0.126873073009219,-0.0369158068464895,-0.0193708597567811,0.0273446580954861,0.189256103043702,0.0194741143353512
1749.in,1749,1.00000000103447,-0.283344077065176,0.26388533411488,0.219788981293342,0.270450106400354,0.187647603718889,-0.0691769596433565,-0.272433554584039,0.0621709033721005,0.0416136981116277,0.483653768392283,0.327568907409883,0.302840300970449,-0.0389391156909643,-0.116580541509086,-0.208987658538919,-0.130927636693937,-0.0369161082022489,0.198103540257116,-0.132510553741156,-0.130981778697231,0.0194412970084463,0.0799055578968107,0.191822036861251,0.0028477921874923,-0.082545155766588,-0.057813358370632,0.0568487849796404,-0.0675090174647796,-0.152776009718954,-0.0113332343522117,0.127110349565185,-0.0269083265329478,-0.0308592146843108,0.0360082979544629,0.202307816525438,0.0143869207543106
1750.in,1750,1.00000000136778,-0.248012204347294,0.298726660586866,0.194666576914528,0.316155188645606,0.161901241846067,-0.0275997620212701,-0.255480919264127,0.0561129835168347,0.0632889781551417,0.493013425411915,0.338763385214954,0.322639017108334,-0.0532337969964481,-0.143014798340586,-0.182174182903177,-0.1305079358838,-0.027600378586107,0.219614174571686,-0.129710765968204,-0.126211127665761,0.004189094309767,0.0842427377239506,0.200832805690831,0.0077345302062857,-0.0787950206843763,-0.0633550716139208,0.0454849570579997,-0.0579767456157313,-0.143510917935006,-0.0091413291413658,0.137889145479523,-0.0301518981054584,-0.029892776556725,0.0363011463809773,0.213081283265607,0.0141370398311004
1751.in,1751,1.0000000012099,-0.123819811297244,0.124867679491026,0.335350695289699,0.147042015688947,0.22681210814957,0.0282989115397231,-0.208772615262332,0.0257999660236813,0.120622980528803,0.484079479078677,0.321915674137585,0.182962233673957,-0.0789910031682732,-0.0178927153995643,-0.119482986522934,-0.097433203199142,0.0070864526856519,0.11102144787008,-0.151255996957975,-0.0908099863560768,-0.037700964239251,0.120000802595425,0.160664367792903,0.0288298678807565,-0.100222461853854,-0.0244153327028524,0.0952898473136859,-0.0359551483085453,-0.111887393547653,-0.0096461588501211,0.0944945201383187,-0.0384615804117062,-0.011289654932421,0.0235510461920511,0.182757971628099,0.0246687876868183
1752.in,1752,1.00000000090221,-0.058364660426965,0.154122038459727,0.325359887680719,0.174870801288137,0.197619534897145,0.0633578955158018,-0.193644689873414,0.0150172497472661,0.151905890728287,0.49012167083928,0.327067110287398,0.212569744888435,-0.0992994398632902,-0.0389107160180689,-0.0884536745013978,-0.0986530594195562,0.0258736054634551,0.12674158251773,-0.156008550312643,-0.0737484754616943,-0.0566158807909868,0.119931377896253,0.171462192609177,0.0409997416058491,-0.097953780768481,-0.0279605680646655,0.0884957251050693,-0.0254547367281388,-0.095521373514766,-0.0059135032142391,0.100084069285518,-0.041517599771859,-0.005470572734795,0.0281435914505603,0.191801023929376,0.0218155613180218
1754.in,1754,1.00000000124711,-0.157070756521939,0.195742204897818,0.279267378155254,0.231896091915155,0.139265418796978,0.010370648857013,-0.226454893574553,0.0365364417566025,0.101919681170388,0.509605241477586,0.352965747909928,0.253187287526305,-0.0706558913907226,-0.0791967908421059,-0.136890018783099,-0.0888903547375498,-0.0020988618650926,0.162066306396926,-0.148020834758861,-0.103343713469193,-0.0212331795555989,0.116168135951184,0.187391893180586,0.0215663550095959,-0.0962477639746096,-0.0359555501541921,0.0739145100731506,-0.0407674970143001,-0.121906004162646,-0.0083635842424986,0.108177540529658,-0.0349560779371285,-0.0170772885343835,0.0366314588384192,0.212938624439602,0.0109733646058683
1755.in,1755,1.00000000091478,-0.293246659633092,0.214072813776395,0.2674183680361,0.252050328111722,0.123644882408618,-0.063507914618869,-0.275946428655566,0.0625208369321483,0.0373626146986722,0.520816458145503,0.350494973299429,0.271144542522403,-0.0366118955738621,-0.0883696478246307,-0.21628157738692,-0.0852397586696128,-0.0408739628450488,0.177679956474438,-0.146749177467944,-0.14121624882542,0.0193246177938173,0.116547588496485,0.193841077827762,-0.0030219236994298,-0.0952513555852362,-0.0415622377596705,0.0717891569943058,-0.0685492417177144,-0.15404027277859,-0.009410829461346,0.114116281902223,-0.0238073753864568,-0.0328275434917898,0.0418369572800762,0.22051318850557,0.0060616941101594
1756.in,1756,1.00000000094122,-0.246074422329672,0.244606592624149,0.249351865476452,0.291610956214496,0.0864519634394658,-0.0261917491061419,-0.254441543379093,0.0539683649598046,0.0638853108769225,0.535031236124667,0.369913756527045,0.296817220032581,-0.0499464325873538,-0.113826353484261,-0.180200098870874,-0.0848664918870311,-0.0249323011121502,0.197118587831977,-0.144125833878684,-0.127072608336567,0.0029952216637238,0.11632621926273,0.20506748349321,0.0077561881505541,-0.0943940151407236,-0.0462556919622166,0.0648772283031491,-0.0561724415137551,-0.142526280092597,-0.0088650172954386,0.125374792091999,-0.0286540798565916,-0.029127732839013,0.0480673588269055,0.233918487216076,0.0031903757097989
1758.in,1758,1.00000000127845,-0.0769777249594074,0.0899198115055268,0.368162492418154,0.146228185020565,0.118679500090728,0.0548492589158071,-0.196422597793943,0.0166361896219142,0.142261089830926,0.532457961027408,0.368965897582538,0.176989420288137,-0.0911137604968645,-0.0045567669758634,-0.0945106892106994,-0.0404810270756355,0.0208237758353402,0.0980279257678216,-0.170175908770026,-0.0819192693723637,-0.0530335678979512,0.155421442860705,0.173329184381434,0.0342384392578054,-0.117006725930538,-0.0091951499030136,0.107028367888534,-0.0272125896156273,-0.0992865900147199,-0.0083157419987782,0.0833626784434424,-0.0410964917524148,-0.0056471269544935,0.0354316434270702,0.212347038296079,0.0124302880075261
1760.in,1760,1.00000000067088,-0.170609867521913,0.1216359019692,0.329631146418244,0.208798568504922,0.0542565541908816,-0.0012724199696878,-0.235580099916746,0.038662095807329,0.0965213843628192,0.553225094860286,0.388835410799724,0.227268443435741,-0.0670350967112275,-0.0534564289652349,-0.147784840092578,-0.0337440267233679,-0.0041834901012338,0.131060039196003,-0.167110045234248,-0.103355100984002,-0.0163664645179289,0.145162881505636,0.193603094974917,0.0194382482486965,-0.114936386376833,-0.0147069779997427,0.093591434302581,-0.0452683201994455,-0.123942267384011,-0.0096327377813774,0.0900784174163843,-0.0350921622049261,-0.0173361725668616,0.0459735424268176,0.233360986888165,-0.0012920953700643
1761.in,1761,1.00000000129461,-0.29724692642461,0.147858703616897,0.32957955508447,0.219476936322411,0.0392502420539375,-0.0676685277766567,-0.27751494585299,0.0646613489932424,0.0304175916205125,0.565416749935149,0.396077491086901,0.247272429436849,-0.0348477609839381,-0.0637659290194889,-0.213809999451325,-0.0339174122307521,-0.041940677568156,0.142000351253762,-0.170935699140726,-0.141152342205627,0.0258596627618168,0.14310049587795,0.200348312098312,-0.0008372598136639,-0.113930752133281,-0.0187647962402972,0.0920580248095776,-0.0694027913913698,-0.1593507069492,-0.0078527964458087,0.0941096747054642,-0.0238156269109715,-0.0333770167767396,0.0487054305869932,0.24036166076384,0.000543361978102
1762.in,1762,1.00000000085137,-0.248128521656291,0.186333572407314,0.295907092126767,0.266960667677146,0.0112313955363415,-0.0289283425505988,-0.253976083898411,0.0517961956561214,0.0599106930820893,0.577112213138962,0.413896257288959,0.272832038357236,-0.051489329758753,-0.0823519405000244,-0.180364779482244,-0.0317061920884556,-0.026809063996585,0.164725399654243,-0.161450279996249,-0.127870868597235,0.0024758499333198,0.152156762520408,0.211866956736085,0.0074888865533641,-0.115872984453604,-0.0280274008531964,0.0799524162761695,-0.0577126864610739,-0.141987949333403,-0.0097057764066204,0.106705340792884,-0.0299843719054727,-0.0282532193024545,0.0514665103607132,0.255210289678844,-0.0049435017511332
1763.in,1763,1.00000000164194,-0.124311075484017,0.026847159486833,0.140811456971113,0.228859209445605,0.172702919253569,0.0418992411709986,-0.266263097931114,0.0281792493180335,0.130932092668706,0.338367436821163,0.204804851460497,0.158283205987034,-0.0923029968610223,-0.124689421689256,-0.121752516683567,-0.0314622672746255,0.0307891874468772,0.103911952527019,-0.110061482953122,-0.105517467314927,-0.0239895009283672,0.0340233086775317,0.137375300831735,0.00993507429682,-0.0451651997279372,0.0001972476492109,0.0407435797748366,-0.0322359790939682,-0.10803449991552,-0.006959120251588,0.0785936490656126,-0.0496682618842459,-0.0216887819262688,0.0244530868021461,0.110101986645318,0.0202064598711971
1766.in,1766,1.00000000143146,-0.153996265811881,0.108193604797662,0.0814050872167986,0.322131815578589,0.0879400663067742,0.0410934564491314,-0.271119454858752,0.0320592406769122,0.117855836884192,0.373206847332292,0.240295624097013,0.222574324560024,-0.0843726067602812,-0.189903005124491,-0.131490865977331,-0.022544193244216,0.0242530735732443,0.155900481044622,-0.104731834495916,-0.121797155391039,-0.0191035618340066,0.0395025724675279,0.1684186785458,0.0037730538349731,-0.041037229506271,-0.0149210392302566,0.0203749581553171,-0.0357217265062773,-0.114770560284893,-0.0052747920644846,0.0983126182168634,-0.0469674993815883,-0.022779094856432,0.036880709109688,0.148936730257809,0.008067068106562
1767.in,1767,1.00000000115308,-0.294970842551755,0.12539083554085,0.0640650979201422,0.34114668767944,0.070893947834694,-0.0425311127665648,-0.323873614949845,0.0650417012292279,0.0479166827605387,0.3781267088969,0.25384345348271,0.241476093841084,-0.0472874092094001,-0.205762307793595,-0.212911277174425,-0.0175905004274473,-0.0146613009921485,0.163148267580375,-0.103293758852412,-0.159220640782676,0.0336550193894577,0.0331330542505041,0.173247843177724,-0.0205862647690884,-0.0408687955170659,-0.0162495008358112,0.014652231722311,-0.0604099349240712,-0.154348035100785,-0.007290917443339,0.0994477844565919,-0.0368172034117766,-0.0438699927834842,0.038523132338449,0.156606897513924,0.0057499880843826
1768.in,1768,1.00000000102413,-0.240162988667174,0.154032914486619,0.0624228308670972,0.37039675098777,0.0517069695535478,-0.0087787364451829,-0.301244754510648,0.0521960545842587,0.0823146620081383,0.400976615461932,0.267147202891739,0.263332856806774,-0.0608477573588568,-0.217557843583472,-0.177333761011401,-0.023720812517758,-0.0038886064048516,0.183205136877349,-0.104556570834605,-0.141648195605409,0.0106633330884518,0.040411096503902,0.185397729645133,-0.0072008538199612,-0.0449868382083413,-0.0230123207460887,0.0108456715208585,-0.0506305628473705,-0.140184770999003,-0.0079556815561369,0.106621192824929,-0.0417807346092299,-0.0349956529791415,0.0428387347941796,0.170878593679506,-0.0005656132844363
1770.in,1770,1.00000000122938,-0.0819167106665639,-0.0049315972274113,0.177016936321886,0.234561162896936,0.0669468079097223,0.072743424345708,-0.24644261799354,0.0170753505466282,0.15274309643811,0.396093531409522,0.257372689003213,0.147917479013294,-0.101467344446709,-0.115987773246682,-0.0967496080784365,0.0221970126974002,0.042989897125687,0.0895070216524667,-0.126697828132871,-0.10183659331149,-0.0408944022797973,0.0743386455264475,0.154529922702244,0.0166145418934734,-0.0619998680047608,0.0146273304159568,0.0537633019244368,-0.0244626679129138,-0.0979747883343942,-0.0052559157517871,0.0681761173533677,-0.0525520775870949,-0.0149620858427681,0.0333149692248814,0.144762190262454,0.0085134041181743
1771.in,1771,1.00000000122428,-0.210363867676298,0.0346219326778499,0.155004835306084,0.264140441964086,0.0546564724285479,0.0027010757636232,-0.292036201625122,0.0489560935186627,0.0902304374579423,0.401542202936374,0.273612084291869,0.179997198453622,-0.0730771188616086,-0.133379138939464,-0.166572648044109,0.0143029499353114,0.0062862048466068,0.110450125282972,-0.125981689137181,-0.134492108516356,0.0024876075691083,0.0701866556436713,0.163434937087718,-0.0038478685748569,-0.0636106431659644,0.0075941297391772,0.0447810063282485,-0.0477583144402592,-0.133189182415574,-0.006752962892595,0.0782098110537071,-0.0440918736757825,-0.032274949888515,0.0381743829978145,0.155808826378924,0.0078250641386578
1773.in,1773,1.00000000098854,-0.304563353654676,0.057313880639931,0.12596962012748,0.312341363674117,-0.0151076655484714,-0.0417576828898541,-0.322155253781721,0.0652656368028168,0.048749930733952,0.431651350602304,0.288702371565349,0.211502230844226,-0.0462873106438135,-0.169742005056544,-0.218076910930277,0.0375532402162351,-0.0171997563584395,0.131013528441417,-0.123438653150474,-0.162825518045483,0.0311003511635235,0.0701279898824868,0.178509847305118,-0.0186070437781325,-0.0625025943725008,0.0020565263868426,0.0347331458746447,-0.061700242640781,-0.156611890017787,-0.0071144376807977,0.0853092072401259,-0.0369923754151502,-0.0422603303325932,0.0481965586307622,0.174885881807173,-0.0049074434084237
1774.in,1774,1.00000000099721,-0.238376381999056,0.0860159906121151,0.105003039409691,0.357181052103945,-0.0468692323029755,-0.0084667012553161,-0.308164304968415,0.0544217808737034,0.078986996755914,0.436482671374993,0.29925465099014,0.237233458566842,-0.064793265819089,-0.194648860633019,-0.176875158853341,0.0317402244442377,-0.0004120134436269,0.15940409135524,-0.121173011387724,-0.14207520991376,0.0148018708435498,0.0633541182967416,0.191775363744275,-0.0092426150120398,-0.0596226862164491,-0.002736168176328,0.028540719551754,-0.0509108667906852,-0.139217041930744,-0.0079078160879811,0.0957001982164922,-0.0402503466380285,-0.0375320876006994,0.0504541433036211,0.189921257911314,-0.0086880676025327
1775.in,1775,1.0000000013995,-0.13431695418153,-0.0809079745665329,0.239482692136557,0.184363548637176,0.0216668276269937,0.0472404139915498,-0.265060944533911,0.0304720802892156,0.128530239177009,0.416105829130985,0.284647673988294,0.102106311078223,-0.0944526208328961,-0.06329514630109,-0.120262278889013,0.0648290959121,0.0293194832641862,0.046391312245157,-0.145294941266175,-0.112902218068806,-0.020480806704728,0.106484170989936,0.14739117574467,0.007299509772327,-0.0805145166778455,0.0368899659514957,0.0754510604776582,-0.0310690067661259,-0.113136920475804,-0.0046712202615271,0.0501354218280025,-0.0499175729832489,-0.0247028603280795,0.0364414977392992,0.149139458672675,0.0086177639274164
1776.in,1776,1.00000000122131,-0.0738056112734565,-0.0662909649149201,0.222845205413678,0.204960921929515,-0.020687583777146,0.0688603520753677,-0.250288439504439,0.0138986169219039,0.159186289030412,0.431241351936658,0.293481433983374,0.126839472996002,-0.103037422569909,-0.0856319994735341,-0.0930644231880272,0.0695324781830028,0.0460414243087752,0.0629280899401234,-0.142553855014879,-0.0980488090588624,-0.0395671443756795,0.104622676708725,0.158562421682069,0.0184804666067609,-0.0822721285738804,0.0328943978707608,0.0708516339723142,-0.021042099478433,-0.0966013540838227,-0.0069900545080942,0.0538324294328688,-0.0536236444372891,-0.0138791745682226,0.0428807397572733,0.163665601547971,-0.0043090332377099
1778.in,1778,1.00000000103309,-0.157231645952596,-0.0210501811981884,0.199006709951826,0.260273133235077,-0.0692244187514651,0.0283633012908642,-0.284069976388384,0.0372497252336211,0.114979984551811,0.454478968798746,0.315713333107851,0.172986075287663,-0.0874443395760828,-0.116530292424299,-0.136756632013737,0.0722898677446642,0.02158340755701,0.096679003588576,-0.143861172269776,-0.12030318629763,-0.0190070637464212,0.104630533433803,0.179726618704394,0.0068792995583187,-0.0787548570680848,0.0242682726790079,0.0618406464240834,-0.0373348943174542,-0.11540955258924,-0.0057990700860233,0.0668004701835913,-0.0457660252995272,-0.0250154484444345,0.053248939758518,0.183783471125608,-0.0081347621721425
1780.in,1780,1.00000000115053,-0.257672974362963,0.031366024090389,0.150006229094425,0.321817014415221,-0.114386498794748,-0.0138376979212198,-0.307026621933821,0.0563436125540011,0.0713644261547156,0.483888840629498,0.335713846730289,0.214535011089733,-0.0602608740978065,-0.163513103946159,-0.190135555119235,0.0843689508484062,-0.0024867907526343,0.125167699872792,-0.141851627357314,-0.148968490720654,0.0154629048408634,0.0982663665670185,0.19315720727634,-0.01155883238292,-0.077057146077215,0.013937600315587,0.0453957739078514,-0.0538719862226533,-0.144008532457637,-0.0057841144995217,0.0769993628172675,-0.0405627518892391,-0.036231457871556,0.0603335085402205,0.205516972067777,-0.0176448054590919
1781.in,1781,1.00000000127774,-0.113706025196259,0.0871505796393358,0.191924658132458,0.196930288555588,0.266185091472296,0.0470605176849881,-0.261637842294223,0.0213264498523873,0.133936533660702,0.374113719793319,0.241778299919685,0.183343498291887,-0.089260665171211,-0.0912915198899999,-0.119287546706191,-0.0896923560375713,0.0329825661987373,0.132330800686195,-0.125388330742921,-0.108299415251263,-0.0298772787735007,0.0717270565813981,0.143818612597558,0.0096857872816071,-0.0642052355694867,-0.0182209499783055,0.0586582495787652,-0.0281999491930976,-0.108013032654164,-0.0076339479757252,0.0956499399276443,-0.0503734764573902,-0.0198907661365648,0.016133134826219,0.131431620335165,0.0311087561103739
1783.in,1783,1.0000000013287,-0.213354717107106,0.13762950939618,0.157249162125332,0.257222643654775,0.20049295502401,0.0121354198838673,-0.29170147906404,0.0476301518314536,0.0948134551597436,0.403167537971244,0.2664709378543,0.220953699146847,-0.0731593263922567,-0.125723815226695,-0.165011696927555,-0.0721663776733502,0.0082741181546019,0.161102861886912,-0.126616019204209,-0.139233269776197,-0.0022227988912128,0.0759024087749106,0.159636521954165,-0.0041537428300588,-0.0632550985361668,-0.027789106833115,0.0448284591810065,-0.0457755984559941,-0.131187121671629,-0.0056754030065228,0.107694632455759,-0.0449104694862266,-0.0323791236442112,0.0219655690070915,0.149505606856494,0.023332665636147
1784.in,1784,1.00000000117485,-0.148826008068792,0.148803119614385,0.13469709891934,0.295281244358872,0.160530227408592,0.0379489239254694,-0.274701930719758,0.0316831911592758,0.120839128690473,0.414957743234219,0.279241183357107,0.237982767025724,-0.0841290495859101,-0.164938414371073,-0.130399903896889,-0.0644689370320533,0.025911537558974,0.179328618462591,-0.123383921765208,-0.12135773971044,-0.0146072175953602,0.0724700750617372,0.17298611907383,0.00183633883779,-0.0583083384932759,-0.0287480626488116,0.040839707351109,-0.0344234839769096,-0.114612532754572,-0.0069671600190341,0.107915696409114,-0.0481912093249349,-0.02727733900388,0.0268112818210232,0.169129605192674,0.0140299691898093
1786.in,1786,1.00000000084043,-0.244247145739414,0.192481563566011,0.0987848335240281,0.34910129194571,0.115742844312551,-0.017694126709329,-0.300229667843434,0.0504706938744547,0.0744813893953249,0.438198865334189,0.308398930935133,0.285366795720509,-0.0611817111911461,-0.191680489155796,-0.183876394146676,-0.0595145827940871,-0.0026678537141765,0.207873710539048,-0.121554719469812,-0.144967608797642,0.014226115324583,0.0718897731358948,0.189390233921168,-0.0088244037144558,-0.0625892487436331,-0.0403671628897075,0.0283798047533581,-0.0501346371683888,-0.139470639449416,-0.007221375724687,0.11967311987261,-0.0414598331303607,-0.0357697430268518,0.0351140011036991,0.192338355567168,0.0055688755672894
1789.in,1789,1.00000000121953,-0.212354931864625,0.0732326982843229,0.210506833423297,0.234307109620453,0.122066262685219,0.0063278472346866,-0.291826155902709,0.0461609079243178,0.0929401479676566,0.447349776047107,0.299901254802706,0.196613278358816,-0.0702096972058052,-0.102489393650725,-0.166320978715469,-0.0250022474443532,0.0096752554584668,0.133141944388828,-0.145043066282442,-0.134544512068825,-0.0001225273520678,0.100648584176125,0.167061649312149,-0.0021070444862202,-0.078567367974553,-0.0079906775343822,0.0660262136046034,-0.0458092497164305,-0.132266378970736,-0.0067440648385995,0.0895965295578884,-0.044082543264008,-0.0301394702852361,0.033010262913144,0.171853576854721,0.0116918672889736
1792.in,1792,1.00000000126321,-0.242797608155536,0.145087325645185,0.157291597312464,0.319345520339799,0.038757952228757,-0.0196493866601146,-0.304037056308028,0.0545387469824436,0.0775421599142194,0.482147526216721,0.348958064005642,0.26719604982111,-0.0637408655633105,-0.168518088112722,-0.182335892978935,-0.0163323613647719,-0.0001333398342515,0.180233765551838,-0.141007795822692,-0.146613221458853,0.0169135560664272,0.100325046747864,0.192938280375344,-0.0108646256613128,-0.0812987769282334,-0.0209377069914868,0.0465851103680784,-0.0519279094521536,-0.143870549348523,-0.0091994037866795,0.105364353218896,-0.0432523666310322,-0.0370268034608262,0.0416809440068081,0.209034713592408,-0.0006979374468982
1794.in,1794,1.00000000097617,-0.082256196489404,-0.0010947774363794,0.277937457890706,0.182982004316928,0.0747914108195146,0.0669569058176835,-0.247961993521548,0.0179117378968175,0.158499286843603,0.474654849150392,0.324229960014163,0.156271388256032,-0.105167177072582,-0.0536011630957447,-0.0940761061286854,0.0141359703016886,0.0442555191604211,0.095341675538717,-0.164739887809718,-0.10030865531435,-0.0428938482030766,0.133932945882573,0.165923035613319,0.0187526728216268,-0.0987229187228068,0.0139984675046724,0.0890604560907042,-0.0241109514649612,-0.0981842693970022,-0.0057155782165898,0.0688666529325208,-0.0530786377488669,-0.0121448840640769,0.0375459019392602,0.182015591596647,0.0053622157681125
1795.in,1795,1.00000000079932,-0.221897234300225,0.0077178842314966,0.263691089514884,0.210524097039676,0.046994864828077,0.0034667422176948,-0.297718795185124,0.0506977968691046,0.0897177772689765,0.481259126734188,0.339394811341993,0.165933052811821,-0.0670016329587178,-0.0719482244038175,-0.166670787967915,0.0232333602180731,0.0015455599037073,0.108238478848591,-0.155936865898902,-0.135796530262671,0.0050042474707572,0.133357202301827,0.169022250480235,-0.0060745564913886,-0.0946531906730197,0.0098542845338916,0.0832734309499208,-0.045072532453549,-0.134614007395537,-0.0063690537856678,0.0722178786494394,-0.0422647597032887,-0.0355826091499218,0.0400853427606156,0.188430789338229,0.0036236482566767
1797.in,1797,1.00000000117813,-0.291877125311567,0.0558656212579948,0.224061343088664,0.259293596407936,-0.0115248373943383,-0.0414743934223616,-0.322675801175095,0.0658440346422844,0.047971523035625,0.499151009642319,0.3682671405894,0.210779402315683,-0.0478547319499137,-0.111756015580618,-0.210654132306564,0.0327229770362526,-0.0129070470164567,0.13107094729983,-0.160541244090772,-0.160884962789913,0.0333458349566891,0.134799430045269,0.186227871094268,-0.0193374569308231,-0.0978727954192111,0.0041376599744035,0.0691597810872984,-0.0601561905544959,-0.155900050966484,-0.0059943823021486,0.0805250376487058,-0.0372087285661631,-0.0419328325517161,0.0465921204081018,0.214854136527249,-0.0030195711035589
1799.in,1799,1.00000000114318,-0.123414054333,0.137884286027984,0.245927944210938,0.172347516051204,0.330217997644404,0.0439745949361942,-0.264747021946103,0.0266493912585861,0.133953173219244,0.422364727000642,0.277822211072324,0.205745207251257,-0.0929925049390663,-0.0639364208856924,-0.121590122999543,-0.127840892066202,0.0328695636445307,0.15853515027507,-0.147961604665718,-0.109256042734514,-0.0261586256655636,0.100174680907823,0.146596984785072,0.0105298767092949,-0.0804713092581697,-0.0367010743613196,0.0797367495928679,-0.0309378291738648,-0.109219011342548,-0.0072952202550589,0.107949566717082,-0.0515180144939891,-0.0210991458977151,0.0073339809118247,0.147000702068755,0.0371236117221026
1801.in,1801,1.00000000115911,-0.217813605239833,0.192492747547113,0.217014901236058,0.238563935118727,0.278180336835251,0.0128658004593234,-0.290650517066633,0.0495556633487697,0.0958537180434117,0.452196694037362,0.295941430978716,0.244137038196221,-0.0693943262358427,-0.0984933046870407,-0.167453649458152,-0.127393757291014,0.0063271321779759,0.193217529645356,-0.143711737723904,-0.138455741095963,0.0010550954669104,0.106615435547728,0.168121948569547,-0.0042475494598502,-0.0775578117443477,-0.0458735439505946,0.0667749177992325,-0.044322741803856,-0.13096824673623,-0.0058870890482756,0.121944960217993,-0.0421401659538083,-0.0337820920805157,0.016159573181965,0.170538791035853,0.0276999342386247
1809.in,1809,1.00000000118547,-0.287233647108183,0.177114568963451,0.216996924986085,0.262103812528289,0.139153335866167,-0.0379729688946206,-0.32116751728417,0.0627323815865312,0.0527516365584987,0.500890123825608,0.365544829136098,0.269425753788432,-0.0502994993503729,-0.110421841564437,-0.209866625635697,-0.0636926526888321,-0.0132574819606509,0.190802831596351,-0.158605696101037,-0.155820682962829,0.0284758053763223,0.133539557659095,0.189356738478425,-0.0174557595923145,-0.0978091930517372,-0.0344337429671515,0.0688892467371268,-0.0608005407030296,-0.150896409259572,-0.0066204776109459,0.114224786494595,-0.0369099451997453,-0.0394465963593957,0.0317932217191765,0.215595602185554,0.0116375411681842
1815.in,1815,1.00000000093553,-0.297297689990136,0.114225995849515,0.269318262022375,0.241087749080061,0.0665810671938454,-0.0396694480800673,-0.322049522434776,0.0651652925233345,0.0467515643592374,0.543732685424313,0.400513199098129,0.234245588221153,-0.0490525469318101,-0.0904723574631999,-0.212024068291628,-0.0159987063308381,-0.0155558827233111,0.163279349179931,-0.176684753509443,-0.162513305164837,0.0327088151143086,0.166342019856916,0.194140065355859,-0.0222949983838138,-0.113413363648263,-0.0153337352847345,0.087306882649397,-0.061478590017448,-0.156098489558955,-0.0071268153054901,0.0970339765319994,-0.0373397051076036,-0.0454162375204059,0.0391780652996157,0.235679644584128,0.0052747072046564
1818.in,1818,1.00000000113186,-0.0861698867838163,0.0245615650252089,0.0815454032605779,0.273934715777766,0.171600258445606,0.0985674422495573,-0.295095135585252,0.0192215787595735,0.169384333240551,0.33898767561087,0.217001629835078,0.173230888602981,-0.116932542061062,-0.162366431638779,-0.095471525202131,-0.0131695484874416,0.0667664701340841,0.145845060485583,-0.119505729744184,-0.118607944199268,-0.0336356094569045,0.0572643469078159,0.142135441079371,-0.0004936514785935,-0.0424902522596566,-0.00250863750389,0.0344209802347654,-0.0166809817769249,-0.0952457602317021,-0.0026343631660994,0.0893184037578047,-0.0638817319131596,-0.0255012972931618,0.0212611578751246,0.11383086384727,0.0208722146360886
1819.in,1819,1.00000000073713,-0.191248750608198,0.0249306603487605,0.0743198988479422,0.294082683918389,0.15620326017235,0.0161872545185654,-0.350928971661226,0.0435471582331705,0.106578139660802,0.344503454501451,0.233268048119471,0.19068740042042,-0.0800399124292994,-0.183283929539746,-0.157938957964872,-0.0107238995396003,0.0342791640309992,0.152048932196876,-0.121759533205461,-0.149239175785843,0.0134064011762232,0.0551304783597133,0.15146704974269,-0.0214282535858528,-0.0433028589902462,0.0006462081247006,0.0305458940334963,-0.0378268446305321,-0.125087865445793,-0.0062240686429118,0.0884288149142864,-0.0567557357481366,-0.0401286659133809,0.020509103212595,0.126159400071915,0.0162401801479176
1820.in,1820,1.00000000104473,-0.164859630384431,0.0618229532881306,0.0395538222481201,0.331674552609192,0.118897779011431,0.0468336562907799,-0.327118343232508,0.0384004083794902,0.120989268885833,0.355025808112443,0.245848890407254,0.214023814078577,-0.0919904697164201,-0.217497304436597,-0.139377285624435,-0.0035655837389301,0.0447093529812927,0.174376929942159,-0.117370383086203,-0.147906600537369,0.0004192290023827,0.0567149932616984,0.1594938834705,-0.0179782010948936,-0.0414425143007134,-0.0086528025491655,0.0202892194841433,-0.0307515035977222,-0.118363704601724,-0.001109044030225,0.0954148670041146,-0.0574681429771448,-0.0335893557079959,0.0251404936193348,0.14087335573292,0.0144686184216314
1821.in,1821,1.00000000109377,-0.288361547024074,0.0836704770344876,0.0245598498469706,0.350938679735349,0.0983251422523414,-0.0159315723108739,-0.371265832662562,0.0635026057957993,0.067386540722283,0.360153012234091,0.254693217643052,0.236198296296391,-0.0641696131769832,-0.221006839568243,-0.208129601753985,0.0009861866864307,0.0127904145177101,0.18319175517748,-0.115130758022292,-0.178315181247355,0.0390853674637377,0.0538273705355537,0.165675128407101,-0.0357192534665102,-0.0435271172814079,-0.0111540818893981,0.0159264697876217,-0.0530913781716344,-0.151139000187244,-0.004060627701595,0.101396542176907,-0.0505666179852272,-0.0509443312544054,0.0296803850145698,0.145305331650974,0.0106179376748787
1823.in,1823,1.00000000094725,-0.117734639349194,-0.068095483854559,0.154571629815049,0.208234530275522,0.129852371678189,0.0680908730643776,-0.320655309293576,0.0305431293754538,0.143813814038022,0.357799197172011,0.246532480047967,0.129012384926823,-0.10742975791958,-0.10754721350481,-0.120506234168302,0.0364707963743289,0.0594672604701433,0.0961019941239764,-0.141497210640747,-0.131894852585792,-0.0132881542776341,0.0934115150372012,0.137156758111017,-0.0079156113402777,-0.0655447819178196,0.0249474079566559,0.0616272801319327,-0.0253764812524516,-0.106667447496495,-0.0039101392265427,0.0652411198541814,-0.064306388913571,-0.0282589924270251,0.0212610812298928,0.120911081120934,0.0159397046768591
1824.in,1824,1.00000000108676,-0.0756033755335701,-0.0413385504699495,0.135965180066274,0.242258290709158,0.102494169591626,0.099225828286013,-0.290540963266872,0.0160433150241852,0.170922180597325,0.383223408049971,0.256696630810615,0.14640416262948,-0.119834193649677,-0.138389097659793,-0.0930673655176388,0.0362145578200581,0.0736308953115897,0.114808781353311,-0.141310974703537,-0.120118900020652,-0.0359565795757191,0.0899821152226535,0.145970543973742,0.000411990913655,-0.0635374663378755,0.0150790430097509,0.0546222975360106,-0.0154117851640228,-0.0953081782577285,-0.0021652453524521,0.0725307693432844,-0.0681229024311597,-0.0227276354504505,0.0266505230812779,0.136029957706892,0.0134020349697094
1825.in,1825,1.00000000125821,-0.212579863897482,-0.0089525819676897,0.110855768753521,0.2683694194508,0.0735457702261167,0.0351893116939554,-0.342473635401839,0.0435076353676619,0.108960858150093,0.378634172222705,0.259426431244986,0.165249541663638,-0.0824712376488025,-0.146300454063715,-0.163561266362659,0.0398297541315113,0.0351667405104011,0.131073380907779,-0.131752526372765,-0.155376067561877,0.0076390936895731,0.0896534760676737,0.152985688900091,-0.0222250341398152,-0.0577275810470085,0.0145538226105687,0.0450466196592753,-0.0376880305792862,-0.126259355186558,-0.0031315774223357,0.0824206588924463,-0.0538571428265247,-0.0396916716581911,0.0342785994568984,0.142656941887218,0.0080123526286753
1826.in,1826,1.00000000115145,-0.164678482063544,0.0116465050160582,0.0879341345857474,0.309559907702366,0.0503214406789142,0.0422802462666142,-0.330994541582455,0.0384635674733701,0.122249283226171,0.393440597326189,0.274795511931174,0.200098199218902,-0.0940346649612456,-0.176687713904431,-0.144737219185608,0.035210179969194,0.0448698934454284,0.153603588266518,-0.134564607586274,-0.140052632152264,-0.0018192701750165,0.0814230645087291,0.167823511206755,-0.0151182907258711,-0.0586623438780361,0.0076457875147043,0.0377559219104962,-0.0317307528443445,-0.118596936631472,-0.0037127837805607,0.0829984357937111,-0.0586800723503677,-0.0351827141693001,0.035577161938018,0.156007331406966,0.0058000918384179
1831.in,1831,1.00000000103102,-0.21024277061277,-0.0886570791004095,0.175071248918694,0.243355521484169,0.0050599719473467,0.0173323872713444,-0.34378563820203,0.0475011921061708,0.104599388335737,0.428619661506207,0.308030235971248,0.138128730978632,-0.0826491555049775,-0.123530618838194,-0.168696589744597,0.088522503372683,0.0330486749592281,0.0980109224522681,-0.152289046092669,-0.155617670934291,0.0152153903278615,0.120280419471946,0.157147855375058,-0.0244201727296493,-0.0814183049195265,0.0318173079346547,0.0676877618576136,-0.0379597133754737,-0.133016469812559,-0.0058988410889492,0.0577790970162302,-0.0572041669908535,-0.043131113646542,0.0361522478598653,0.163090096174351,0.0001960338149336
1833.in,1833,1.00000000117715,-0.298304608040636,-0.0399246281739565,0.1299881632322,0.301648373057558,-0.0574178766571491,-0.0201711100801881,-0.373969714906038,0.065354398889909,0.0641919318001719,0.445368718977982,0.327082117142328,0.185025359849658,-0.0617391168991301,-0.16191953448355,-0.213219723503007,0.0982787567677746,0.0062470059798476,0.12661656195639,-0.151377652060705,-0.179342905760654,0.0418008874399976,0.119875531237917,0.17476312022353,-0.037516817357792,-0.0806445862380011,0.0236360466431419,0.0509118935123094,-0.053973775844024,-0.153628641094488,-0.0037871491906719,0.0670076046464112,-0.0511354738998668,-0.0548158203897797,0.0459159644051224,0.184368627685527,-0.0052213948674361
1836.in,1836,1.00000000125938,-0.0853796187304801,0.0815230543950945,0.131901455152202,0.24854499034775,0.24735422157462,0.0972625267634793,-0.30069526901637,0.0187282128861989,0.169565501120309,0.378696431275948,0.251271973165432,0.204045828987276,-0.11550100145807,-0.131971071456669,-0.0958858751172074,-0.0638922632988477,0.0664199852000631,0.177428295761295,-0.138110888091973,-0.122824573726329,-0.0355852085799803,0.0914114002878312,0.147910885730669,0.0009439960793601,-0.0603090740819532,-0.0218226309059098,0.053751959046484,-0.0163962773653458,-0.0950059434528776,-0.0017990960113615,0.104568688505442,-0.0635553687065225,-0.0243991387515633,0.0131409508971947,0.13391938333154,0.0292581075345143
1837.in,1837,1.00000000147064,-0.207259066368904,0.0945223118847845,0.105612079287033,0.269922793387539,0.22695250279534,0.0227319507921279,-0.3441396327115,0.0463566304647588,0.105615935701851,0.379050032642258,0.267224769949035,0.222509571722508,-0.0848887372013792,-0.154669152916218,-0.164850375920853,-0.0557902387752129,0.0351461481049428,0.184416134478986,-0.135817059367967,-0.15006869169268,0.0130755739605855,0.0839246668881306,0.153175477576215,-0.0224950235502503,-0.0609667762522588,-0.0220457426762713,0.0449604703898566,-0.0400289620757717,-0.12686578424455,-0.0051551276162834,0.103078062767816,-0.0563017352743206,-0.0395788668480001,0.0139193763601774,0.142433816121499,0.0252636656484526
1838.in,1838,1.00000000079286,-0.1549040543154,0.115658133730107,0.0912906581015998,0.297400948902037,0.20850757187082,0.0471366844873395,-0.321909642751734,0.035566442421275,0.135156864646331,0.396111596714148,0.27770380410665,0.24161155688102,-0.0938452471685864,-0.172697373804127,-0.139653435741905,-0.0502755757117766,0.0486780275683801,0.194074413560037,-0.13404147083744,-0.135663477844473,-0.0059231800583305,0.0851689621442445,0.160290063279801,-0.0128368240495493,-0.0651413028859699,-0.0275243369050161,0.0386894164495309,-0.027875175467722,-0.117271226639558,-0.0056206624071803,0.108147992393099,-0.0604830363742606,-0.0327510163689846,0.0201084601547618,0.156812772909097,0.0197457702953323
1839.in,1839,1.00000000082119,-0.290393399543219,0.134445934508998,0.0823789659112186,0.318846040810378,0.180834984794288,-0.0236621008260415,-0.371345092736829,0.0610529919934644,0.0660644552321159,0.409849371028426,0.290890183370222,0.264642268794983,-0.0624128297697239,-0.190375942565904,-0.213343718572165,-0.0493396814026301,0.0105284112768798,0.210982679135972,-0.13366686204382,-0.176493473011166,0.0405588084275754,0.0851731002377563,0.170684495944033,-0.0356634811097879,-0.0641451094765225,-0.0318903318743715,0.0365394440704219,-0.0532589763493112,-0.15223699444268,-0.006899927443963,0.114321671262599,-0.0517297037898327,-0.0507175954721764,0.019781355601072,0.164133839021255,0.0162988036771376
1840.in,1840,1.00000000143312,-0.240309365789083,0.173826342624953,0.0492709931368087,0.357623916726833,0.141602669378016,0.0126888065717843,-0.355444866487567,0.0557495821530938,0.0903092236986654,0.410416050839644,0.304870214222567,0.29314313353538,-0.0774495271047327,-0.211193346601612,-0.182287139259063,-0.0441481886609312,0.0264178702396794,0.233274752276289,-0.133446209509573,-0.163489012120544,0.021802468723099,0.0862484705909062,0.179848023008005,-0.027360090067706,-0.0613009896371835,-0.0378469951450528,0.0240393781528241,-0.0460555219522838,-0.137687638761912,-0.0018015862993478,0.124455871656227,-0.0538719654211114,-0.0430479843125764,0.0281298922417943,0.175440087116066,0.0144712681488611
1842.in,1842,1.0000000007512,-0.073792740227914,0.0152316362289943,0.182490346007166,0.221331996864547,0.170607642580858,0.0940411084813693,-0.28779130093736,0.0140314371345156,0.176872976024164,0.423447452439361,0.290370279921197,0.170917809236613,-0.121072057086405,-0.10436438092979,-0.0909844276284774,-0.0073054674386386,0.0725234113628395,0.139206716124867,-0.156281960391783,-0.113837750722769,-0.0370471996514181,0.120970188484158,0.15196952308082,0.0051714041909029,-0.0810726864356497,-0.0014424033397964,0.0700291374615836,-0.014094129249426,-0.0918458403012454,-0.0049791218571461,0.0885288558232211,-0.0664052972066613,-0.024029884320494,0.0194999823182792,0.153145045149005,0.0191723541451571
1843.in,1843,1.00000000074339,-0.217407866114161,0.0280422094161742,0.177621999509797,0.236700366382606,0.148855229035443,0.0193720351259468,-0.348061185903508,0.047263970256587,0.102916546398933,0.422947941753243,0.29928640236897,0.196299543750642,-0.0826086637579403,-0.120285637696061,-0.169565458551029,-0.0096563196223578,0.0312245406366393,0.156050882535824,-0.157954702886851,-0.155193227971167,0.0179287153323683,0.121812304130478,0.161134548080096,-0.0226837387239848,-0.0804583172573895,-0.0018215963256613,0.0688724616421177,-0.0414725572126593,-0.13189997119731,-0.0035101429787339,0.0893652611588239,-0.0561203720290585,-0.0415033218284973,0.0218651192288071,0.161773014466436,0.0163489010905689
1844.in,1844,1.00000000117764,-0.155295158022991,0.0551532144851496,0.155012608633082,0.268932466803209,0.117351955633527,0.051401353485758,-0.323985733169006,0.0359895518291626,0.127774379928708,0.444238809439328,0.31807154943658,0.212136640607348,-0.0955515910802502,-0.147622268717719,-0.135634630412044,-0.0012000075411023,0.0490139931517254,0.169170858474699,-0.158559831222674,-0.140513780354036,-0.004720377358971,0.121963091338263,0.169727988199709,-0.0138827666307266,-0.0800061786898832,-0.0077188130395284,0.0603122094483878,-0.0296724821310942,-0.115020062734352,-0.0018270545074889,0.0918398669208218,-0.058735680563967,-0.0324155043133834,0.0267271857286599,0.178357993542616,0.0135382090697307
1845.in,1845,1.00000000087875,-0.300225359925611,0.0741119581265452,0.134059827100459,0.300090259812393,0.0982669176682249,-0.0224372459827737,-0.370625482388663,0.0602839026005418,0.0577326077980075,0.445645889242217,0.330071405462449,0.229642798800134,-0.0571182409078303,-0.164281273127318,-0.215240588901179,0.0019170158581766,0.0087895106487694,0.18048146109367,-0.151489299231567,-0.182678356033308,0.0391361236612558,0.125695855192423,0.174051315744144,-0.0392530475675961,-0.0802939989769797,-0.0126453068499389,0.0532909968512029,-0.0541061015533406,-0.153237734078442,-0.0039197425034656,0.098005512590785,-0.0494764016413958,-0.0520775901533669,0.0287316286354528,0.188544526373206,0.0070133768480637
1847.in,1847,1.00000000079721,-0.128504516284345,-0.0712013527034478,0.253793272105963,0.16212071745869,0.13459836359076,0.0622587948398717,-0.318117301906898,0.0281427357647196,0.141866902486986,0.437731810171336,0.318572703864514,0.117922198405992,-0.101326474425306,-0.057578603026742,-0.122686342635296,0.0298284675374166,0.0556156267559729,0.0985987338850864,-0.174710099969458,-0.13701599612656,-0.0103413205562429,0.157106929161037,0.146469071135067,-0.0104406437782344,-0.0981042377680753,0.0240845573215647,0.0973129112437495,-0.0251883909323982,-0.109792559610735,-0.0035586423724399,0.0625786133020428,-0.060081739502446,-0.0295542660824587,0.0213140566568017,0.164455331018265,0.0174984986369844
1849.in,1849,1.0000000009037,-0.205287962787918,-0.0248859253410743,0.221165740413818,0.214071347391017,0.0744761810466611,0.0279705947699815,-0.338928240091284,0.0450184345605251,0.10851686510791,0.471001003913692,0.344426578757174,0.164767069943977,-0.0853602905785178,-0.0913982758274763,-0.163477427738369,0.0424563013042561,0.0361549109577144,0.123577811961309,-0.176156572069588,-0.153243010304795,0.0116754514604304,0.157379006175951,0.161229278120991,-0.0229191047397466,-0.10025102173626,0.0118931448755669,0.0830420801244056,-0.0387464983073306,-0.128013088964394,-0.0024977599443492,0.0712873266961526,-0.0563114538666251,-0.0381596065699213,0.0306626358151979,0.183173804400645,0.0076676625518532
1854.in,1854,1.00000000078705,-0.0804755606480987,0.130668887747731,0.179083228275185,0.223813448596396,0.335097867942205,0.0975133902438771,-0.292758240368522,0.0254035480141984,0.167216260202868,0.419226469506193,0.294441104274212,0.224383535060694,-0.11867082647877,-0.0995106617925137,-0.0943284310038229,-0.109727839118657,0.0703054070293769,0.19738296492479,-0.155785135804695,-0.117100403806087,-0.0328779522144865,0.124817693149229,0.149144857320144,0.0018872910708568,-0.0815011504624423,-0.0390646944930689,0.0703319832145621,-0.0165258098387793,-0.0974397470682191,-0.0006985469011355,0.119857905166039,-0.0652574579038241,-0.0246243765426931,0.0061652946872603,0.152967862959606,0.0385524965863292
1855.in,1855,1.00000000096945,-0.210858572942394,0.144672190421204,0.170305752220494,0.243428520900145,0.305278485314727,0.0185953028021936,-0.344992789698059,0.0480879997393424,0.105658321688646,0.423582278911129,0.299879089691682,0.243422695390752,-0.087174098207193,-0.125940311872989,-0.167501526886595,-0.10630777334863,0.0336293548628981,0.213639522092748,-0.156607414890074,-0.153693510729774,0.0148356146146737,0.117580450384797,0.159707430028315,-0.0230608558112497,-0.0791504062947939,-0.0384520985592344,0.0650089205556224,-0.0402702784247635,-0.128689740470376,-0.0045958155813257,0.116645675184262,-0.0554039342039012,-0.0417248528807804,0.0073531350558898,0.160609367392552,0.0326685612938872
1859.in,1859,1.00000000103273,-0.130809665503965,0.0416641611047939,0.259936625870322,0.16195745189096,0.283203601743915,0.0682747164748217,-0.31336899161374,0.0296346149371271,0.147607833907414,0.442006146777309,0.310310193159701,0.171623342215693,-0.106539929361075,-0.0523581477103879,-0.121463117387885,-0.0624498914337632,0.0562610180829396,0.15445639549057,-0.175820619590666,-0.129222130382365,-0.0167941300377407,0.152156535253069,0.142602077003912,-0.0075500686583713,-0.0981778764211693,-0.0143993886884898,0.0962205625628305,-0.023104154818125,-0.106571207464377,-0.002311562741591,0.096011676516807,-0.0625310283868256,-0.0302933658128429,0.0080098261487796,0.155103495427759,0.0346373301394889
1867.in,1867,1.00000000105506,-0.203698766647885,0.0215351749597678,0.289632949314996,0.178098729247073,0.151754410254371,0.0215895258659457,-0.347084263037761,0.0456989324174137,0.105956244734865,0.505944732933979,0.377521915404082,0.189113134986024,-0.0770586181634623,-0.0588131326856209,-0.1631228839376,-0.013907353878736,0.0306817553617628,0.154879937578755,-0.193506874355886,-0.151524868621637,0.0157426680075886,0.185638792543441,0.167942403167115,-0.0192910018321619,-0.116940826395257,-0.0010966391692416,0.10608660021024,-0.0384191634893859,-0.130004246957817,-0.0048374071078695,0.089956212372801,-0.0539855661248535,-0.0373525892420694,0.0255936544228193,0.204377853119183,0.0155414260835645
1868.in,1868,1.00000000115513,-0.165098526187932,0.053799392238707,0.254205124018532,0.226753275160024,0.119507296037915,0.0554625887606931,-0.323447727747685,0.0348360942726257,0.128618788820055,0.524173241343439,0.389114040705277,0.211115806576835,-0.097201637919382,-0.0886569990302809,-0.137055689140264,-0.0059135893078035,0.0459688402947451,0.17269154299477,-0.191972404195581,-0.144850672012713,-0.0063703751073916,0.188950858376333,0.17972593814736,-0.0146536635048598,-0.115912485579689,-0.0094173814106216,0.0965819149019529,-0.0307278879350169,-0.115400985024258,-0.0030384107141136,0.0935803363975018,-0.0591146606791438,-0.0339278565607932,0.026024811610235,0.215381999795505,0.0126995090058065
1871.in,1871,1.00000000114313,-0.12305631659622,-0.0397290373865669,0.0651647985099413,0.246433053830614,0.238604448680584,0.0822285149921336,-0.368045775221759,0.0243819212795239,0.159379034590712,0.300825996712101,0.20964772079168,0.144732208208504,-0.117196159488229,-0.161623704657843,-0.115389516216083,-0.0024054814844599,0.0800425440388287,0.146901375646443,-0.135820165459565,-0.151866502284768,-0.0048183689288387,0.0773938561949386,0.128400933910008,-0.0252171285970595,-0.0455517969057054,0.0091381545980244,0.0436949972867941,-0.0185301187260393,-0.105024482108248,-0.0024482808778922,0.0796908218291056,-0.0756903492876913,-0.0378175038537426,0.0025800685584692,0.0919307708681477,0.0307843145064859
1873.in,1873,1.0000000009082,-0.215968374949066,-0.0061097355483954,0.0266496336414352,0.301148773535907,0.195279545547661,0.0469924418512332,-0.396251263180648,0.0462145143503516,0.114069989226291,0.332276635401209,0.224682243089052,0.176405178941178,-0.0918701807718544,-0.201967788239043,-0.168732998893464,0.0072328045525814,0.0600063699985834,0.175339413331942,-0.132422277115342,-0.182155589885421,0.0214839399452586,0.0795278127145198,0.138603408885385,-0.0443298473979375,-0.0437000589518186,-0.0009377438460704,0.0307250351382867,-0.0293146304019147,-0.128753555145979,-0.0008080380608037,0.0903947580251884,-0.0656080280795945,-0.0532498671169426,0.0106299664894033,0.118009907060384,0.0257296979646906
1874.in,1874,1.00000000074562,-0.159725264535468,0.0246461771227781,0.0018493439719326,0.341283019306748,0.156567640746608,0.0752953875987835,-0.369301114968359,0.0353276466951435,0.14111725763211,0.343173760236433,0.245312692662318,0.209938493579742,-0.108084099499243,-0.228876131155461,-0.134372655149684,0.0084143575351895,0.0714280929636506,0.194540602682734,-0.127958958300869,-0.165349899666404,0.0055356111482346,0.0759322568328319,0.153050987621248,-0.0338328120026039,-0.0430452492618762,-0.0061335220630167,0.0226855477604129,-0.0237867701703978,-0.116795294021952,-0.0001940139657827,0.0970862154146946,-0.0702791813405681,-0.0429284890711615,0.0162138056890486,0.131985432012247,0.0187350693217971
1877.in,1877,1.00000000124446,-0.120235283668321,-0.104468175167544,0.115537367937644,0.21587115452015,0.162679482895483,0.0765135097175723,-0.361527114571554,0.0268556104058942,0.155410468556336,0.350241433916192,0.257861833590393,0.121317934768606,-0.118576717818282,-0.140982856543216,-0.118983501491743,0.04941697626747,0.082141318440023,0.113866424727302,-0.15608757591087,-0.147170425374023,-0.0029649134685209,0.105538703801999,0.127265961853263,-0.0263006868526317,-0.067854520207916,0.0257896781229599,0.0598980826463556,-0.0186661425004685,-0.106368872977927,-0.0024003329727918,0.0600964868993331,-0.0753262520283634,-0.038930421361631,0.0109806338343166,0.116328006012855,0.0242784724708411
1878.in,1878,1.00000000070843,-0.0849033836999838,-0.0930125904200904,0.100335183916112,0.25887426570261,0.119488242610069,0.119243250974507,-0.344758559218943,0.017249944936708,0.187584509607848,0.360987578011024,0.253720804926877,0.134752097392691,-0.135265884521352,-0.157296069851016,-0.0939547126497274,0.0584953675826877,0.0937851984189741,0.130295323946321,-0.148636070892205,-0.141492589024473,-0.0242542180645151,0.109804476403871,0.140189476981177,-0.0183999996705179,-0.0620168788592108,0.022779913657202,0.0508501779268306,-0.0095073927889801,-0.0926009503145698,0.0003403295236862,0.0692174793394479,-0.0781747609913005,-0.0334569809584531,0.0172049174158981,0.122501702457912,0.0188766485289827
1880.in,1880,1.00000000086951,-0.15623884098168,-0.0293097913067438,0.0478747893722311,0.312695968209358,0.0693824398776182,0.0688904190673263,-0.386917921998408,0.0330476934210003,0.144145574920548,0.367906307705735,0.278467257834024,0.195592319109403,-0.111482614449264,-0.191305692500381,-0.140474758430748,0.0570224531369136,0.0728548772621969,0.172053863002648,-0.146684575336235,-0.159287796050833,0.0065090474612155,0.104477910810348,0.158861977175072,-0.0314387449592257,-0.0608316144954411,0.0167051988108465,0.0378336757727793,-0.0257930575408978,-0.111955054235386,-0.0018029940187417,0.0865208277138149,-0.0727683902318694,-0.0437399454671172,0.0268145707752569,0.144533484957495,0.0080407299853257
1882.in,1882,1.00000000136087,-0.235330480412301,0.0093845360028112,0.0184097089374552,0.361573191527735,0.0251574262684802,0.0301373488519969,-0.399201170267394,0.0505834312951172,0.0997748758459088,0.402065517825084,0.308159937430024,0.227709159275413,-0.082876490757197,-0.237820102357907,-0.181555919659838,0.0632164977685824,0.0501021325742379,0.197313061562029,-0.14658602919456,-0.184855959357156,0.0342727563298075,0.105820500653815,0.173190729562952,-0.0456512081001094,-0.0607067112545044,0.0027049960256803,0.0273146364367777,-0.037642166166386,-0.133902792105439,-0.0001948790829348,0.0889875966668397,-0.0639560134599389,-0.0507068390965752,0.0297373763770939,0.170546021555635,0.0020007545960998
1883.in,1883,1.00000000085913,-0.12348636695423,-0.180743722082535,0.162292413683432,0.195773492302325,0.0729053442154247,0.0727161059319511,-0.365781712223642,0.0253651246376435,0.157163416298276,0.386369983266693,0.287490077910332,0.090364598308451,-0.1146724290053,-0.114123954220426,-0.123793732440469,0.108276800302628,0.080561821672081,0.0797338612675649,-0.168919450925489,-0.150412790373945,-0.0021392544918612,0.135222678200922,0.134631184319075,-0.0278632948485326,-0.0824592991518039,0.0492593196908117,0.077913444086062,-0.0187587233072594,-0.106727670551933,-0.0040989374662447,0.0413360770637761,-0.0750445360370291,-0.0372146920386545,0.0191713156336736,0.135207437967373,0.011344132438308
1885.in,1885,1.00000000090458,-0.205912478991581,-0.129563948562723,0.12913212819606,0.250706018879469,0.0295399911027547,0.0469454317218249,-0.388098710462841,0.0461177004470114,0.121718540382775,0.411944144193479,0.310961623946698,0.124936142813225,-0.0974115633381675,-0.14636431236663,-0.164578430837003,0.113329199412733,0.0612105967789683,0.11012591750902,-0.167367879310905,-0.173613040606043,0.0207921453209214,0.140879689153596,0.14908895211851,-0.0407263537375328,-0.0833148967179963,0.0378155669020854,0.063483496349806,-0.0325663808656408,-0.126529407411666,-0.0007642656937082,0.0529718397231264,-0.0696954212632497,-0.0492900231439871,0.0237214287026576,0.153996027810234,0.0057289335382205
1887.in,1887,1.00000000112664,-0.282060511418201,-0.0860736407011542,0.103102337783844,0.304054772864033,-0.0338336709644298,0.003541887386088,-0.420240748671826,0.0619548276514018,0.0766143990510542,0.431053994492403,0.331706300809631,0.170361288270405,-0.0759413614488687,-0.18425361630201,-0.201427464769967,0.11788414142028,0.0386850325899815,0.146291619838469,-0.167517337022101,-0.19626929621707,0.0498907614987515,0.142234227968986,0.169196266050755,-0.0559008948609933,-0.0799549594753028,0.0305793174271686,0.0558790015972365,-0.0439320912197648,-0.145936054011427,-0.000288611093003,0.0671523623999589,-0.0603404050504339,-0.0611733762314617,0.0355225393258678,0.180007752907239,-0.0016621398874169
1891.in,1891,1.00000000102099,-0.217148436030652,0.0548465670713235,0.074365333746932,0.274245565140612,0.264131422186244,0.041373061556191,-0.392155746992155,0.0463443793262919,0.114593048547077,0.366478328757261,0.267102630751715,0.212927090412372,-0.093544264626413,-0.174738516896745,-0.171827522217276,-0.0396006622590519,0.0576917886826052,0.201116553443556,-0.150077486573717,-0.178076104945812,0.0228494809448313,0.106157998231365,0.145728383463942,-0.0427977288271551,-0.0619381242734483,-0.0190833537870479,0.0472263953443912,-0.0335046563502294,-0.127553018034533,-0.0007395861429659,0.104701844377753,-0.0678602282672691,-0.0483418136649844,0.0023184250799774,0.132497675832891,0.0309571620965628
1893.in,1893,1.00000000099139,-0.283259446018644,0.0967636579718776,0.0393316126048081,0.333110336602534,0.208055293165014,-0.0007797155108816,-0.41438604401242,0.0634875135119068,0.0714015156584185,0.392164368928485,0.297360015750249,0.255699355873265,-0.0732848247253257,-0.218586198404513,-0.205319303618205,-0.0344507810220984,0.0379131449604773,0.229587844288346,-0.14875311854125,-0.195184030596993,0.0504959194437389,0.103600485141837,0.164925094905501,-0.0544547459492956,-0.0624231293739785,-0.0270956062192774,0.0343478741392313,-0.046488296737861,-0.147318359176418,0.0002840197719747,0.112253435542663,-0.0601087369187096,-0.0575848420204276,0.0122132953405405,0.163179822101892,0.0234355553960631
1894.in,1894,1.0000000012246,-0.246084009972808,0.131881225407358,0.026906648250648,0.364519021614578,0.176765915875631,0.0359856626429775,-0.406162855794994,0.0514255001276485,0.102565025342469,0.406090278527169,0.2979225757257,0.283745579025435,-0.0850819730121549,-0.229059417701517,-0.183311544849022,-0.0342943809876272,0.0491787042198131,0.257878745830634,-0.148249899810253,-0.186033306683964,0.0314496970007412,0.109364719614649,0.17649886367769,-0.0472150316214037,-0.0606592025780187,-0.0326377352207275,0.0289456537260932,-0.0387393469578997,-0.135335871033973,0.0005320697822513,0.128204237945879,-0.0622888171354841,-0.0522853865483738,0.0212346770432237,0.170305596822912,0.0171816341582268
1896.in,1896,1.00000000109888,-0.0834166254464102,-0.0223119582544589,0.134318902616185,0.229036131601468,0.197567588231236,0.102625857557567,-0.342280636874529,0.0197426865375013,0.178689227115442,0.401446659743271,0.297605596872252,0.167628104559922,-0.127718103229024,-0.132340796661887,-0.0931660712700874,0.0052448438589416,0.0964004314195676,0.164752631415773,-0.168903145437155,-0.140152305301879,-0.0230171639093333,0.144584483197775,0.143062634399194,-0.0188683426463873,-0.0813763479510486,0.0015516094221475,0.0684031481277777,-0.0105996483839071,-0.0935638597418426,0.0004847512702599,0.0831896750305451,-0.078269657695284,-0.0319042514555535,0.0089447827174244,0.143973739129721,0.0284638945720591
1902.in,1902,1.0000000009286,-0.080201502958596,-0.0906782208605503,0.191898315968903,0.20165237010315,0.122295757591417,0.0985054321870931,-0.351571158277457,0.0175259215841609,0.180371974465483,0.433067275062117,0.339047801255392,0.144924944513321,-0.129065234765774,-0.10553692583489,-0.0985095977086697,0.0562717023298029,0.0931434470633859,0.130096096377703,-0.186610121328874,-0.137792427691324,-0.015430604894295,0.165965010427678,0.147901015858602,-0.0198476265580079,-0.0987265999479424,0.0248339534735422,0.0881198760936699,-0.0119194776936258,-0.0949221625433393,-0.0039537079834524,0.0649099600522574,-0.0791950944783504,-0.0334153995686582,0.0150564777170124,0.164104167292833,0.0155879374460218
1904.in,1904,1.00000000116867,-0.152079692503842,-0.0421377412895818,0.155482242845731,0.252444097982559,0.0731078819623808,0.0627132629948062,-0.373282414335556,0.0303061666451981,0.144682377476025,0.461616384806115,0.362823751333388,0.186215593554462,-0.105639774144058,-0.1395893549977,-0.139419026520953,0.0669814929436061,0.0762955850075125,0.158609307162562,-0.18577716198453,-0.160122497243294,0.0061900897019072,0.170237994971187,0.164208716988307,-0.0315662491603359,-0.101105778930309,0.0159226456598862,0.0769568190601892,-0.022721692548002,-0.114156205873809,-0.0032007850439113,0.0788770210513582,-0.0728892344055458,-0.039788287704008,0.0245683562303563,0.192085787488629,0.0054255520497217
1906.in,1906,1.00000000107752,-0.244238620507613,0.0048136970539335,0.117782059704617,0.30322296757058,0.0142164677350409,0.0215969010938833,-0.404289685166314,0.0518051245081827,0.100134603481772,0.48671723532796,0.373926280894417,0.233812685943754,-0.0842703414879248,-0.173320175311968,-0.190959420243309,0.077652868003755,0.0518410293831697,0.192888716936356,-0.18437880534102,-0.181342683902298,0.0340331355705197,0.167566799775743,0.181623330749054,-0.0468521794600496,-0.100016250741015,0.002766273043438,0.0644720664776265,-0.0383415740932432,-0.134131295510738,-0.001097127022443,0.0867045000018046,-0.065688159720466,-0.0488226427309952,0.0346632291882728,0.204794066702064,-0.0031707034272217
1907.in,1907,1.00000000082777,-0.119487647916273,0.0590369393293477,0.164332262180656,0.196462876192527,0.385644058273034,0.0837118168528256,-0.370437774058745,0.0272019290878303,0.162396224873553,0.379929070223748,0.281167452099905,0.198601903250506,-0.118973284895705,-0.105094758076792,-0.11904513302993,-0.0972552977391668,0.0833457565322241,0.20285886751647,-0.170733125831706,-0.148602764311179,-0.00456219869257,0.137990583831805,0.135828872620652,-0.0254907561015174,-0.0796882797671642,-0.0234366720699642,0.0804726446921652,-0.0181155454907353,-0.103349463877802,-0.0017291231862364,0.110144529755555,-0.0746485231135972,-0.0381964833765083,-0.0099097514669217,0.132865200303798,0.0459739127499107
1915.in,1915,1.00000000079093,-0.209211007188454,0.0481837623124625,0.184692124188187,0.213976891973322,0.266322244843388,0.0385282796992504,-0.396062027893066,0.0491268228225308,0.106662647555958,0.44793943705208,0.339971423143384,0.212608859125638,-0.0893019519969295,-0.118399549562255,-0.168449642015665,-0.0415133066192554,0.0594177364216299,0.205757827924151,-0.187998441237669,-0.177812158384223,0.02613228976066,0.173505738381539,0.156731354919854,-0.0455909270085286,-0.0968400076310447,-0.0198040693871133,0.0830408747699216,-0.032127282191783,-0.127023626553446,0.0019696699180053,0.102182516525442,-0.0660099430276592,-0.0462259027329029,0.0045253854036157,0.174821919514358,0.0330884190656696
1916.in,1916,1.00000000109204,-0.157668861597055,0.0837049289423069,0.154447417677087,0.264097804002816,0.22987804084899,0.0795540727964749,-0.37185391325364,0.0363687211207465,0.143418975775707,0.459437786547893,0.353145431409685,0.23353233633345,-0.108076680439222,-0.142813638914034,-0.131923291817985,-0.0401864916441618,0.0737971527869844,0.226038605972737,-0.184688391910383,-0.163464615236025,0.0048975440045306,0.17409202193489,0.16585922547424,-0.0335016604071315,-0.0961104283270509,-0.0239962558548029,0.0748442142280289,-0.0220360914661412,-0.111196932718023,0.0012538045200324,0.111283366939435,-0.0700024645491865,-0.0431734451743224,0.0087419206977048,0.187481519337652,0.0262531597710574
1919.in,1919,1.00000000115295,-0.140231954797863,-0.0535034717753994,0.261427717983407,0.139868388688942,0.249229593769107,0.0851493673028621,-0.359335245830126,0.0262826964982984,0.153850415952315,0.471213113080744,0.355063926791721,0.13038787595623,-0.113370436101456,-0.0500380807789242,-0.125509510801728,-0.0013455796433116,0.0803088285437411,0.146955942730334,-0.206509089887736,-0.162883949600275,-0.00172882260528,0.214431052226335,0.142554050845362,-0.0308095138795203,-0.117883578127957,0.0082908779212947,0.11654558079124,-0.0178813285442718,-0.110361734465673,-0.0007498589845601,0.0801281419347264,-0.0739744038494229,-0.0398413695415045,0.002762796849867,0.175921930629379,0.0286707073015408
1921.in,1921,1.00000000085006,-0.20467444648417,-0.0030322241179434,0.23179671685994,0.191323549711466,0.188578673999586,0.041622934654055,-0.398142124651,0.0467754946262998,0.115047489385661,0.483691208813968,0.374593686923987,0.192323219521169,-0.0951722642883564,-0.0835091880995524,-0.163242054227869,0.003056268752646,0.0634002688927764,0.181360725666837,-0.207262005445757,-0.173432051134755,0.0227666523671842,0.20705399278502,0.161182815320679,-0.0409283138808115,-0.116171528012764,-0.0013647954822185,0.10619076659653,-0.0303365064298725,-0.124537325164918,0.001164380491773,0.0890459451699163,-0.0675498176807238,-0.0442914908370376,0.01398472910869,0.194071304658647,0.0226751610600957
1922.in,1922,1.0000000009816,-0.164054947834256,0.0210828093346918,0.217172739856164,0.226721195843257,0.158597494135719,0.070743642883674,-0.373237778645114,0.0362281960123425,0.1433160684247,0.512832381740935,0.393864250112802,0.20972295714824,-0.108992292365723,-0.100853076268675,-0.142533576030365,0.0118647433006893,0.0714538337679966,0.19466841890628,-0.208021009613174,-0.160571899889204,0.0047538996848814,0.205879134390756,0.169489624839962,-0.0334175258497327,-0.120279870553136,-0.0083317540975583,0.0974092508472795,-0.0244988166811179,-0.115320454732585,-7.34564992657496e-05,0.0948028867634937,-0.0725785115774268,-0.0442003152178264,0.0168284400524573,0.205864448938909,0.0181520104441457
1926.in,1926,1.00000000117817,-0.0517312564359264,0.0528440395297575,0.117602216243451,0.237174533050903,0.142385809450094,0.0064125916355327,-0.274707460234208,0.0109518487483627,0.169507370472785,0.33425092839371,0.228048965265208,0.241549330363791,-0.11371773444326,-0.116489783901094,-0.10947258634763,-0.04266121586917,0.0405529377223971,0.100932873259518,-0.117271339125194,-0.0575529488081142,-0.0511328796834494,-0.0208153726670804,0.161744674048074,0.0544316615978392,-0.0530290923985245,0.0121475239469914,0.035772270605134,-0.0371177488540433,-0.115569052495715,-0.017728914674868,0.0855481111192447,-0.0533992204245692,0.007775529501044,0.053631980808358,0.128620703846083,0.0114104952802559
1927.in,1927,1.00000000132953,-0.171590728768503,0.0621590679731468,0.0974868338949737,0.263071715966535,0.113473851030729,-0.0645962545041676,-0.326569831785958,0.0437380481575712,0.105559980639255,0.331921176398,0.242207903701393,0.263787702573441,-0.0880092630377661,-0.130294937188465,-0.181978025198191,-0.0384990041027017,0.0030314326022675,0.113999063075083,-0.112069727451957,-0.0933460566621273,-0.0034038491441538,-0.0223680159205652,0.172813862733529,0.030105986036488,-0.0545509328883946,0.0099736173104787,0.031921548410812,-0.0627689488045397,-0.151252134143401,-0.0177531116739728,0.0880644874576528,-0.0429493358793594,-0.0101881275039684,0.054493887487438,0.136948965911482,0.0098757328447333
1931.in,1931,1.00000000125908,-0.0998283803456314,-0.0319032847210015,0.204030034135105,0.175323841501291,0.0984445902890737,-0.018952934265049,-0.284644601194663,0.0192230682749729,0.145745836715203,0.369233316954873,0.260645400830723,0.191539230320591,-0.105975239242431,-0.0536478296946052,-0.144626694260607,-0.0022849238995206,0.020552796033868,0.0537283966378937,-0.136364655795178,-0.0681258362444242,-0.0374620290093754,0.0154475133773928,0.160120628203911,0.0483664886147578,-0.075735458904822,0.0294353891694116,0.0624989507137693,-0.0512127808763813,-0.13032324370345,-0.017988005562704,0.0632673886523911,-0.0491940177915516,-0.0016073459307784,0.0560167247283698,0.13574051301362,0.0088533104203209
1934.in,1934,1.00000000119407,-0.119909793943402,0.0297912084828659,0.130659905918182,0.266680177334517,0.005089645621065,-0.0428927385864496,-0.30606778453065,0.0242973642355369,0.130352380445093,0.393283149302372,0.298297199129477,0.26023645339588,-0.0925871562408925,-0.128132524088451,-0.156017380736678,0.0166341269351193,0.0208773879338522,0.103974892142415,-0.130971138350825,-0.0801202949687291,-0.0207918718361302,0.0157418115719023,0.185676327056997,0.038156434578665,-0.0734421572773068,0.0215362418100333,0.0447075196141364,-0.0509494135610785,-0.134826088178229,-0.0174485027501885,0.0797404217348502,-0.0471468366211263,-0.0045629355413333,0.0664068034588899,0.177967604079824,-0.0070412821588218
1940.in,1940,1.00000000071709,-0.121452238599643,-0.0222729289796092,0.189716249063042,0.242513755381038,-0.0796592258822053,-0.0342547815547413,-0.302714931886833,0.0264614159434649,0.134002581214406,0.440695110127533,0.328278270060164,0.233240155496389,-0.0998468572868857,-0.0917308074171927,-0.156810126994109,0.0646314919720667,0.0169958321586389,0.0724798327126495,-0.151599954987379,-0.0791334963257776,-0.0260123379144715,0.0454842671516589,0.193179907751416,0.0406653543032206,-0.0933089748535494,0.0407333013117789,0.0606835041537872,-0.0523515099558634,-0.137950482426149,-0.017709506136782,0.0640447249300979,-0.0488925713596252,-0.0023228050788521,0.0763873183532301,0.193149188026776,-0.0148222515172162
1941.in,1941,1.0000000009866,-0.266716686144101,-0.0126372225506489,0.170649924095875,0.264148462954407,-0.0941962764396018,-0.115276441979234,-0.352508279382558,0.0582212928324139,0.0614952388876827,0.442964760307731,0.342763108608823,0.253327058685058,-0.0569077412989611,-0.11186282389849,-0.237859086409579,0.0706333109924727,-0.0218024459345366,0.0816107946483635,-0.146791866922462,-0.121901950671196,0.0275415816730161,0.0429175789515493,0.2010250675445,0.0159221738788079,-0.0921415962094164,0.0378887262701801,0.058648882752524,-0.0772458989392716,-0.176500204381412,-0.0201268398935267,0.0698802464347657,-0.0359133415110824,-0.0197962030778926,0.078152347513348,0.207125558908442,-0.0198216775596647
1942.in,1942,1.00000000144205,-0.196493656690397,0.0244106919057212,0.158495176577985,0.291107464818063,-0.1234560849481,-0.080165132875608,-0.328774553473721,0.0409369642603679,0.0949276130495038,0.464781584327595,0.360368438228484,0.282692976529291,-0.0745791185105132,-0.133209857853444,-0.198167537174991,0.070701827512704,-0.0017452304002532,0.103599286344833,-0.1506208196532,-0.100038003331576,0.0028616715498159,0.0464033545535328,0.210871648681033,0.0268635604694921,-0.0932673160829865,0.0312274647142595,0.0534671290358821,-0.0664093251582724,-0.156514631482622,-0.0196890770231563,0.0756578499467825,-0.0407143280603082,-0.0111199213529915,0.0840765321115129,0.222294951013442,-0.0252752922402429
1944.in,1944,1.0000000011311,-0.0468931927750561,0.100438243915607,0.159644222190091,0.218939995231724,0.201145477227161,0.0040116488479228,-0.277599036092577,0.008981225427898,0.172501995602126,0.366483112992611,0.267750976717394,0.271214207874183,-0.11758277488457,-0.0875595457752558,-0.113416198026677,-0.0822297897005906,0.0400245043726771,0.128319731396288,-0.130734444969901,-0.0559332832832644,-0.0506524224150826,0.0111586051648437,0.169993028613118,0.0538847065188366,-0.0730853276302494,-0.0050399687206347,0.0529686456427828,-0.039363049965813,-0.115302055599756,-0.0190259760002067,0.100672812467587,-0.0541401528723531,0.0072013457353914,0.0460063291169566,0.148907719000515,0.0167021720526166
1948.in,1948,1.00000000086353,-0.209613313386063,0.189420005900322,0.106132923031375,0.321856957015993,0.109057185557585,-0.0891608645380536,-0.335449577327218,0.0441662605901512,0.0880576030782618,0.416877149624978,0.313771839150651,0.355886862484668,-0.0750129340627007,-0.171265986208874,-0.201399813020832,-0.0775520686801818,-0.004302192877511,0.186563157619374,-0.13142183229641,-0.103556856866733,0.0062300472735024,0.0048402194260153,0.205670558572513,0.0276475817976998,-0.0729168137897029,-0.0220799882188146,0.0304049556928005,-0.0686442356700503,-0.162610412343515,-0.0190035595555887,0.119084403512488,-0.03810634905526,-0.0125659217542552,0.0606975126052307,0.200051272529897,0.0016461142290308
1949.in,1949,1.00000000140169,-0.080286091907188,0.0226260880929668,0.235858147356961,0.154290700072883,0.158259359513144,-0.0158692774552176,-0.290282159002645,0.017422672001671,0.150790929702085,0.395578534005208,0.298999637936099,0.222161430657388,-0.108016674472148,-0.0361676764979287,-0.132156891789854,-0.04087921550767,0.0306437171155348,0.0831433517747411,-0.154602836841093,-0.066172494030395,-0.0370502386468328,0.0471639557809812,0.163865731153013,0.046788324510904,-0.092268101230339,0.0169658682489861,0.0790948681256201,-0.0453552506585952,-0.124852448343429,-0.0178281156224422,0.0789660190197858,-0.0507151728026115,0.0020633408399961,0.0490804897503598,0.159400433446839,0.0156668749573208
1953.in,1953,1.00000000115368,-0.265954772555594,0.108120766904595,0.174713107345695,0.263434068639228,0.0563065591872859,-0.107473368399991,-0.347527338485616,0.0599532427212191,0.0574048983810883,0.445836699156561,0.338433959827141,0.307286560672175,-0.0568387245899639,-0.111585017836522,-0.231261434471935,-0.0259557467003885,-0.0223033560766905,0.145592186986661,-0.14912872169227,-0.119206014878079,0.0248330245032628,0.0472411736418185,0.199145347931534,0.0144992641388948,-0.0921249908462232,-0.0019339594267994,0.0567147802400287,-0.0782430455104096,-0.171902153985379,-0.0171839402064569,0.0967630309104261,-0.0359101385505813,-0.0176462256025498,0.0653738905383437,0.204503314165189,-0.0023437465166938
1954.in,1954,1.00000000140899,-0.204717488846625,0.129357206558035,0.155160814521694,0.296807895791321,0.0110799560971598,-0.0700468706755411,-0.33201559693326,0.0454508551590899,0.0936159894980518,0.460866457526067,0.352148127722943,0.330610166623782,-0.0797098979892714,-0.127933145506728,-0.197612981819429,-0.0175150356979857,-0.0056762303593592,0.159819161804735,-0.151723602341135,-0.101434233984083,-0.0007607383140313,0.0464219474126695,0.213018570304833,0.0276857336691828,-0.0911009384373866,-0.0024611889115679,0.0510445154843864,-0.0670559426902925,-0.15631084569966,-0.0168354141995706,0.10497851361008,-0.0402989239836585,-0.0133842973076357,0.0717550209925561,0.213878866196519,-0.0055492732646227
1956.in,1956,1.00000000092621,-0.0423823370163557,-0.0321501687984778,0.267837460266325,0.15884543409496,0.0405614240541792,0.0061219406938531,-0.278646623363535,0.0098016061548061,0.172045984567818,0.456411307359596,0.345768553586077,0.212399910038457,-0.116770503034371,-0.0244331810638205,-0.115851641751923,0.0221802389163776,0.0398932149700672,0.0660021815754103,-0.171078109140887,-0.0587301945650076,-0.050555285641479,0.0792224274198494,0.180008605096881,0.0542421774930519,-0.110228527844939,0.0322292425161208,0.0927107695996988,-0.0395080461583612,-0.120257005104279,-0.0187002446535247,0.0672528909162627,-0.0518861749367361,0.010377421536287,0.0631765344664755,0.193418190647211,0.0005712277957937
1964.in,1964,1.00000000089088,-0.120926537772455,0.19268627281012,0.180956066500186,0.237001815153056,0.237370183439067,-0.0359563465812353,-0.306232069977146,0.0308743002063624,0.135484713980327,0.434202649369618,0.33669841297336,0.339821827194308,-0.0984829695294803,-0.0957418841007346,-0.159304426150329,-0.121364428627431,0.0222167788257729,0.189625758547809,-0.152054870722845,-0.0781592422311307,-0.0216152175381252,0.0446493738360351,0.19182153493597,0.0396716311835883,-0.0942401024495031,-0.0330086101330802,0.0601783420145056,-0.0506663447020843,-0.138162585516692,-0.0177732442180483,0.122414312308842,-0.0473444311511634,-0.0009736657935898,0.0465071441170174,0.192587187479171,0.0163189339822608
1967.in,1967,1.00000000096743,-0.0900768796391944,0.0640869557446293,0.293620562851694,0.127735921893148,0.23182389060153,-0.0219827638848716,-0.298891120077707,0.0205569162868384,0.148352759981028,0.435336226294713,0.325563271322493,0.24360914693782,-0.107819746028514,-0.0022384089399266,-0.139796385495463,-0.0874520042580905,0.0268278545314071,0.110037196416398,-0.173782371823093,-0.069164473030041,-0.0322353369350433,0.0764885526754781,0.169235908062127,0.0462517449115991,-0.109695595217235,0.0024346867736743,0.0993485795919306,-0.0460178682659368,-0.128723907685019,-0.0175706785190516,0.0920244194143879,-0.0506235912064336,-0.0002817657398516,0.0413930107929534,0.172578935634192,0.0226560676773685
1969.in,1969,1.00000000078755,-0.177750632453422,0.110642824615911,0.256463630468073,0.181922694139898,0.185801926434704,-0.063635167681794,-0.32152007842713,0.0402859163322894,0.104860409221217,0.46924517505636,0.353243452385298,0.283862379619912,-0.0814911713626759,-0.0483999073654999,-0.187513211676175,-0.0811028619239141,0.0039999049120074,0.138713246589716,-0.169599848754161,-0.0958917617252592,-0.0045758777972983,0.0780611058190883,0.187327680904371,0.0283323617680608,-0.109870427540856,-0.0106404827814194,0.0868379425487907,-0.061883635587668,-0.151980048292986,-0.0181399862998354,0.104481290740689,-0.0434469056609562,-0.009821595849447,0.0464755777715751,0.20081307803192,0.0117513529781856
1971.in,1971,1.00000000079442,-0.246132641383901,0.153297697343381,0.225196103800872,0.238033260984772,0.130985482283677,-0.0982104374234452,-0.349742579336048,0.0544939067126035,0.0715823839567467,0.483055648953208,0.379902805703526,0.327367338780928,-0.0659518124614506,-0.0763167352665388,-0.225707598335077,-0.0771034743606393,-0.0169832278376263,0.170396713482417,-0.171444632214415,-0.117412741290881,0.020383196183986,0.0805030567484713,0.20593159859932,0.017234217695141,-0.1107460958776,-0.0180459236297336,0.0750192682644537,-0.0768426010255306,-0.170509019796624,-0.0182405848878527,0.114382956615587,-0.0374775531684076,-0.0205717168526621,0.054161518186823,0.219683846596,0.0059863495318798
1977.in,1977,1.00000000099335,-0.260911580489347,0.113138413548225,0.275690497842115,0.206136208195789,0.0709745503907245,-0.109765712438962,-0.347782756949585,0.0553752538626969,0.0657442584303426,0.528769245385243,0.404288643119054,0.309452054000545,-0.0556733614355505,-0.0515029203587349,-0.229057915561029,-0.0365575546210748,-0.0189853167701906,0.150379849653613,-0.189470436596207,-0.11651724729164,0.0246081494250218,0.112308911221827,0.21073672316379,0.015238043667362,-0.125479487712983,-0.0020057366308954,0.0956177665186733,-0.0758302594176863,-0.170919739409791,-0.017832724934333,0.0985307330606884,-0.0337171684641208,-0.0195412173052838,0.0650067827281482,0.243371491626566,-0.0046727929180707
1979.in,1979,1.00000000129888,-0.0864710632707765,-0.0047403421194968,0.0897785406782083,0.213182762587292,0.196220387760189,0.0082029262088381,-0.339541198288953,0.0200171502654234,0.164221744591529,0.302852807496871,0.220678769212228,0.214287829570497,-0.116125723032246,-0.107022755124549,-0.142428237716422,-0.023849037963313,0.0524233761107526,0.10348702774377,-0.128658904095739,-0.0893077095599127,-0.0273918467933206,0.0023187512018623,0.147427728547015,0.0279227540039839,-0.0569758406078509,0.019011112907905,0.0430084385864779,-0.0393023883654005,-0.126229724579386,-0.0138523880968247,0.0831125998572841,-0.0628366618723816,-0.00739702686848,0.0405255718380852,0.110121627423421,0.0190639587456918
1988.in,1988,1.00000000096206,-0.116417953760902,-0.0096125932311555,0.0983439420716877,0.273807751796165,0.0423977679559594,-0.0190244974239148,-0.355745286159967,0.0268199614116455,0.146962913618465,0.379609908998222,0.299277401450821,0.262102788899175,-0.111740023606003,-0.144670862494942,-0.154082469102948,0.0259368336350751,0.0419261538662728,0.122238067815561,-0.144166711212295,-0.0947092417929885,-0.0102392349508939,0.028967449423226,0.18227498624259,0.0239581636958066,-0.0772804902220116,0.0251308199503143,0.0443966075710583,-0.0479222209734003,-0.13539609117342,-0.0162002396677056,0.0799692926458032,-0.0594910592284014,-0.0112167313281207,0.0571879069980501,0.168540522507485,-0.0009156234267645
1997.in,1997,1.00000000137609,-0.0884864727864559,0.0315619940028397,0.144252093836822,0.187339242396409,0.277533851378939,-0.001616400048259,-0.341639677519249,0.0183770880878924,0.158873395385732,0.340868147072298,0.259413823144443,0.233259588279237,-0.118634188128857,-0.0889017081470266,-0.137407500862649,-0.0721191313996365,0.057402031792037,0.131443697872512,-0.148410088365039,-0.093118857078954,-0.0230581191635985,0.0325871545390075,0.150008317311846,0.0258428925596711,-0.0741951419905204,0.0021296117345423,0.0612813296121464,-0.0391361315522709,-0.12530010911867,-0.015331061275028,0.091730516643155,-0.0610082832958852,-0.0093072860859055,0.029438021705204,0.130975930314741,0.0264993504226762
1999.in,1999,1.00000000127427,-0.178321360903281,0.0808828216988043,0.106148504053563,0.244683975144921,0.214248289018099,-0.0451314565512661,-0.376145641110167,0.0398611664188645,0.115522728207455,0.353630295974412,0.278533964670822,0.282792989775598,-0.0960631813298771,-0.123229675375186,-0.18398696263414,-0.0645678170372514,0.0286367565264881,0.160465368028784,-0.144045262065657,-0.115050353967727,0.0065592337605654,0.0298312391279497,0.167453442884746,0.0110996632178915,-0.071950728625463,-0.0048479493941202,0.0492012119200182,-0.0551227481311279,-0.147781869467732,-0.014619625891551,0.103382246638925,-0.0549796067923232,-0.0197672946653093,0.0393288349447438,0.148409604852115,0.0220262514884624
2000.in,2000,1.00000000101043,-0.129879700867945,0.10027382549392,0.0903238520016317,0.281379801517465,0.184694067897404,-0.0203637085525506,-0.35995335801956,0.0301445986893561,0.137099844742275,0.370854992679392,0.293627535269938,0.309861895492247,-0.108451609097556,-0.14744663477213,-0.154079379071583,-0.0659026524768901,0.0377018838141155,0.182517036379277,-0.146198598228631,-0.102968445429104,-0.0073094615370326,0.0336073736828124,0.18247834926536,0.0190191830092722,-0.071525886833287,-0.0103958026200888,0.0441366294670812,-0.0475911386035763,-0.136700604021639,-0.0157713432037907,0.109665511774473,-0.0558928193463818,-0.0128720141434507,0.0417326733457195,0.165154815003457,0.0177693489769769
2001.in,2001,1.00000000075366,-0.262272506823318,0.121084871891916,0.0800636807829114,0.300331386213156,0.160158408676118,-0.0885800450955886,-0.402590519602674,0.0573591055591539,0.0759150612884184,0.387095435082014,0.302451758492606,0.324055783879812,-0.0735931959518704,-0.160295350212177,-0.230646335717465,-0.0596607160370572,0.0048520620410557,0.191510588343211,-0.143052885795836,-0.140703485237464,0.033665955244972,0.0317074842456182,0.188719187461224,-0.0030197231482969,-0.0740847336466474,-0.0130066735634674,0.0397156836305829,-0.0723385918922046,-0.172364767791178,-0.0156029445765267,0.113768713218278,-0.0481391231389578,-0.029291215993355,0.047176333527668,0.174567789114022,0.0108834614985522
2006.in,2006,1.00000000122546,-0.123525558536834,0.0597679147647402,0.133997519045927,0.249372839962717,0.107291460174327,-0.0245442418385224,-0.361548688441265,0.0259709321928232,0.143741777707071,0.40747667717065,0.333038513042887,0.292308296399249,-0.106805148366992,-0.117311037732602,-0.160035833852965,-0.0158057090652787,0.0443470146275844,0.154729770492203,-0.161570911179472,-0.101545636294908,-0.0091720562579461,0.0619100438843486,0.186150904279625,0.0200294856047648,-0.0902854490346153,0.0092316744051561,0.0608894762230057,-0.0464450149436305,-0.134893205256275,-0.0165909658955864,0.0953395920442028,-0.0593937183144503,-0.0108277429264834,0.0509596766492096,0.18560002632924,0.0048987942409173
2011.in,2011,1.00000000085258,-0.184271661878858,-0.0340303712203024,0.207310139179389,0.196095442612003,0.0638094909199143,-0.0450488987583373,-0.368206831633451,0.0410482377724397,0.114574556141873,0.4416579239519,0.355281642059254,0.230532992107036,-0.0963161423953116,-0.0630741766013737,-0.186927904139344,0.0306702917564939,0.0249401718695664,0.106009396013474,-0.182453313001277,-0.11395979856588,0.005599895020349,0.0986449433910505,0.180142299830492,0.0133340265950722,-0.108312812215151,0.0280438159866715,0.0838683828307702,-0.0567519765665046,-0.150861328389424,-0.0153748365154975,0.0726335784774824,-0.0545244843367831,-0.0208474410239966,0.0539981243570029,0.190316231456787,0.0054592656332299
2014.in,2014,1.00000000111465,-0.214188679996988,0.0381384922664027,0.166663923450768,0.266390673421479,-0.0189788110726508,-0.0689527788098623,-0.388757424665706,0.0466816095140396,0.0965058721440965,0.481296616061083,0.392432236857514,0.302992998954032,-0.0828982221924671,-0.120186170425302,-0.208472977015185,0.0405870057327549,0.0197694154487322,0.152820017894409,-0.182560785475653,-0.123280461352672,0.0207084928536104,0.0971400155487004,0.207169811853937,0.0054308230011924,-0.111316778946628,0.0185167561385265,0.0722067042857117,-0.0636039553302494,-0.155977135291894,-0.0155413949656724,0.0894271099259603,-0.0519134754432824,-0.0203994133948312,0.0659245834919917,0.228020386784456,-0.0102333508253126
2016.in,2016,1.00000000089017,-0.0404292607115062,0.100943123936898,0.177595187157865,0.193967293736172,0.312529373430683,0.0210268184016426,-0.326496356456506,0.012553477319161,0.177744015941976,0.394769843938724,0.303736485334329,0.280552059386118,-0.130271740047396,-0.0793644574108251,-0.113754157847606,-0.111165161712415,0.0662306833518237,0.174749198299955,-0.163827922289993,-0.0792353310130126,-0.0407071905276953,0.0644341284051281,0.167360428584534,0.0320794191237117,-0.0935845755214146,-0.0204255868133971,0.0709216543890671,-0.031090920616795,-0.116209299963387,-0.0143503546599594,0.109120708171814,-0.0659696287407407,-0.0021817084654392,0.0283234221052602,0.158186401603757,0.0319771366535828
2017.in,2017,1.00000000096884,-0.173974940080435,0.134107009835975,0.166767819735583,0.212532870635692,0.296950055224592,-0.0491740138305625,-0.372024851405601,0.0366659980774425,0.112421665165868,0.405429361476554,0.319106604623386,0.309255226016147,-0.0889859006080341,-0.0997748087586086,-0.187253743154201,-0.113675082069053,0.0313174707171317,0.191487978899767,-0.16418385001933,-0.114733597935537,0.009537634878294,0.0659585018569685,0.175716528740738,0.0097942548737005,-0.0925012179188021,-0.025234547015684,0.0709359229235888,-0.0565786841314844,-0.147421390735371,-0.0144624405611671,0.117030264639271,-0.0535552293020185,-0.0147114202291536,0.02936609552346,0.177242110257444,0.0274172840294929
2023.in,2023,1.00000000108886,-0.184471277893073,0.0832703787861308,0.210932834776017,0.199521881418153,0.219358630522186,-0.0449111801646416,-0.376553187346523,0.0361455780942084,0.117856463686313,0.43661489188295,0.351851056358861,0.286863782382882,-0.0945546936365654,-0.0621148072766662,-0.187146763852177,-0.0733849071015934,0.0310912165750393,0.170565457106798,-0.180183704647917,-0.113789689187377,0.0061505817730953,0.0982359753833189,0.18187487162998,0.0117897321216618,-0.109540605326965,-0.0047252622565938,0.0854809013006529,-0.0569520232850094,-0.147555112663017,-0.0158186697829488,0.107516228230877,-0.0546574250471003,-0.0191320551696016,0.0373476888795268,0.192022734655468,0.0184319507502206
2024.in,2024,1.00000000097057,-0.122403452728172,0.104143339770969,0.192336402498545,0.218556092999612,0.188316551876207,-0.0184065045520348,-0.352802338073184,0.0242825959930509,0.148642211485313,0.455103553645067,0.370811883695286,0.310826749431904,-0.110483837094595,-0.0800571362870081,-0.158088834800371,-0.0617631655966502,0.043694225133695,0.175317805942321,-0.180966697615082,-0.0958467599828972,-0.0141627859388749,0.09537965289915,0.188092238913429,0.0240535020773475,-0.112669077076519,-0.008877195204101,0.082471146118489,-0.0474689795673035,-0.133070713782895,-0.0174454864098305,0.110750195252325,-0.0608995459182491,-0.0105800305199336,0.043452157521366,0.202603423600017,0.0132150527283061
2034.in,2034,1.00000000138428,-0.041625952689375,-0.0318514120841571,0.0210750017593173,0.257468905090255,0.194159879562942,0.0362637354140441,-0.378203285260722,0.0113685629437895,0.195047544640319,0.286820186169263,0.239037686068942,0.235681088104608,-0.139401399905326,-0.163264960855009,-0.117285047043629,-0.0014110952423323,0.0906301465134624,0.136866902942026,-0.13921940745677,-0.0987107923216203,-0.0267033543306583,0.013875124189365,0.148988376955062,0.015011492953875,-0.0562367971860836,0.0218148657102601,0.0357936277746938,-0.0280799828451046,-0.111948788409933,-0.0126124157201218,0.0844064452408601,-0.0778928019564702,-0.0085361530404776,0.0334805395692756,0.117057962291889,0.0198379314112772
2037.in,2037,1.00000000130821,-0.249703397415913,0.0359414673862237,-0.0014372099820362,0.324587235122723,0.128751324055389,-0.0650532826215297,-0.444795386848838,0.0563020975045334,0.0885919260026433,0.332804438135143,0.270184515474166,0.290799244355106,-0.0860573792929884,-0.211389100315202,-0.22468592237078,-0.0021062140327997,0.0335306320677853,0.182520185046507,-0.140744092687794,-0.155680451167033,0.0406223141675047,0.0168176338949296,0.174984204275986,-0.0194861716018407,-0.056339855568945,0.0068760959059283,0.0254744946783688,-0.0613105107954192,-0.166747399130449,-0.0120925810168335,0.0976665842773137,-0.0606790661549948,-0.0373641148488734,0.0440530359101067,0.14775158343982,0.0130985443744023
2038.in,2038,1.00000000089168,-0.202286550193502,0.0527042670797499,-0.0363165666235118,0.363089879013833,0.0953549207538391,-0.0498982423417413,-0.442777461051324,0.0446254463487103,0.116520101899908,0.333103750878549,0.289468595415276,0.325737274259262,-0.10007228997404,-0.234661287057998,-0.202626568273934,0.003666649238206,0.047364432926127,0.201981549388174,-0.136525461216865,-0.143389370616841,0.031150659880207,0.0165068452094155,0.186277374328146,-0.0114164727161304,-0.0598716400409905,0.0048682717115084,0.014360681025129,-0.0550158186659025,-0.155718483722603,-0.0137000922816183,0.103770523011764,-0.0657342098134167,-0.0303628970505512,0.0440567141756337,0.161483234031614,0.0050819704191364
2047.in,2047,1.00000000080329,-0.172477488103998,-0.128910336227504,0.129264407360848,0.223605714738429,0.0250504379232,-0.019944565047469,-0.418645172779445,0.0371865371929866,0.134267177629143,0.391300686311868,0.326759642412756,0.195387295281635,-0.106745413528514,-0.111120159203249,-0.182121192174446,0.0943097015665563,0.0579169746263731,0.0984227630243474,-0.176752828298477,-0.135722363588883,0.014685780987993,0.0902664005645918,0.165804027425541,-0.006966619929648,-0.0955492815120406,0.0537591476287149,0.0721266939965753,-0.0476184217313304,-0.146012702465621,-0.012022592777873,0.0592496921694111,-0.0674348628835928,-0.0268950353149885,0.0514176849951055,0.168823360151094,0.0009313018941079
2050.in,2050,1.00000000106295,-0.209581083762681,-0.0440478053090204,0.0671782305089314,0.306626372314968,-0.0576714610472979,-0.0561539239549241,-0.444395963701495,0.0483448888396498,0.103961231595136,0.414015400148338,0.362105824193921,0.278784521786405,-0.091565342876934,-0.177225776633774,-0.207628715277387,0.0986274267478574,0.044460877780847,0.151621041297926,-0.174637770776458,-0.145314317142822,0.0333172684307205,0.0866881558425578,0.197569583436038,-0.0165223032796454,-0.0926421402504953,0.0391445462583229,0.0498563841030101,-0.057479288542093,-0.155112335826069,-0.0120805570447331,0.0744014097546092,-0.0606694023122693,-0.0276853587003761,0.0625761999183962,0.205539251551321,-0.0139795566013955
2055.in,2055,1.00000000090796,-0.260043293625567,0.0824700636978958,0.036822571219729,0.306397122715759,0.195612028721695,-0.079232604682407,-0.455580057630214,0.0588205686060202,0.0821406302086629,0.365156132584382,0.309963064373511,0.319841387796069,-0.0816313404241094,-0.186099283666714,-0.232743780965924,-0.0439754092548779,0.0304721629659018,0.208217123617174,-0.156765704007524,-0.159415374801753,0.0484472668779394,0.0486252991368789,0.18204043717573,-0.0214885220779708,-0.0746799536069627,-0.0070492934867452,0.0388101520620097,-0.0668006797359601,-0.171082594200062,-0.0121972661951642,0.111410120788194,-0.0586784249705439,-0.0368902005731499,0.0366022256798749,0.171597479405507,0.0170600969298793
2062.in,2062,1.00000000123838,-0.204084697461848,0.0507263524904971,0.0827057900169706,0.312443697293616,0.0960353579410074,-0.0454646437561467,-0.432142229627701,0.0484132615454742,0.109758191020266,0.418429382334811,0.358821009193221,0.317278739572935,-0.102152343950694,-0.177018637018454,-0.198497233253286,-0.0003989230789376,0.043737780917914,0.207069382157795,-0.173104485735989,-0.144895264815434,0.0289656090229008,0.0876767910762063,0.196291355960563,-0.0138940437476097,-0.0928191700314259,0.002910998554412,0.0519322831606188,-0.0541920323276929,-0.154648516819414,-0.0131936475094346,0.103844072067358,-0.0644969724864185,-0.0337926382068131,0.0456458302573684,0.203798276415765,0.0065249002285546
2064.in,2064,1.00000000150632,-0.0430899343161386,-0.0933352046153148,0.19844071400875,0.166603174244862,0.120662587633885,0.0437922416421343,-0.376165998217092,0.0114988876615119,0.193817213036828,0.422653517358049,0.342166712318461,0.206526371081657,-0.13772324719528,-0.0690201688437464,-0.118068607413184,0.0491818906512952,0.0895461048599874,0.111020544244941,-0.199164686318897,-0.0990852086933687,-0.0275160906216771,0.11532013304753,0.164245359188545,0.0137085159382719,-0.110956837533636,0.0397034057512063,0.0937570578635558,-0.0286963037646871,-0.111432458857201,-0.0112043986159952,0.0667046080096025,-0.0753867750260029,-0.0080965583008111,0.0418697673275306,0.172179318323455,0.0093474694279766
2071.in,2071,1.00000000089825,-0.174038934782262,0.0940724256838451,0.119455665349187,0.223232649215147,0.319570970381795,-0.0358131923229442,-0.424268639717642,0.0356490875587811,0.12619922076477,0.3808295464985,0.322065314967387,0.305862213130272,-0.102943081435581,-0.115981105076817,-0.188387593833243,-0.0952346752882425,0.0531762800108491,0.207010478117306,-0.174279787491382,-0.134988567610339,0.0185693978983511,0.0787237046058924,0.166490555575015,-0.0064314164247085,-0.0929382830588163,-0.0186582304075364,0.0700222122417991,-0.0512235224642214,-0.147948004887395,-0.0126713173430163,0.116392744659355,-0.0647551887858665,-0.0242791491039582,0.0219659319158982,0.165986705816817,0.0304927639058407
2072.in,2072,1.00000000117374,-0.120615337467441,0.12233848859909,0.118592733161641,0.254109499341106,0.287257780676771,0.0061464407624854,-0.404508881898137,0.0285205473604146,0.161818356692806,0.401988220052465,0.336406297893419,0.324009845298186,-0.120058381508421,-0.130169299502307,-0.154742866365933,-0.0924124154692079,0.0659751575179837,0.225534787910046,-0.177239960096627,-0.115571646642496,-0.0056971635085365,0.0853720217730611,0.179584577080206,0.0032746788037451,-0.0945633361491271,-0.0243501853878928,0.0619808885696305,-0.0409048586174923,-0.130148624680242,-0.012661245013559,0.126064193492515,-0.0725965407543272,-0.0207203788000504,0.0273002413957535,0.17554152243128,0.02626620858089
2073.in,2073,1.00000000111846,-0.259185562099198,0.131490149217356,0.0908457017950308,0.270063565816365,0.283065072827696,-0.0737708700614677,-0.450092689646545,0.0558789302823906,0.0856663488640481,0.41526600380099,0.344223418111241,0.337710939324947,-0.0807175622428848,-0.150827423210209,-0.236298014486006,-0.0837043377479124,0.0353167952762016,0.231727783106301,-0.175174298150591,-0.159142731274676,0.046716468784793,0.0835813244729847,0.179630560312948,-0.0215018019827892,-0.0948158336928653,-0.028988361000496,0.0623882348368793,-0.0620024221694603,-0.169227764131057,-0.0114480797749012,0.12496319803731,-0.0610058593798044,-0.0362553102809573,0.0271300058268124,0.185838994663763,0.0237763297886312
2074.in,2074,1.00000000098676,-0.21815263813314,0.162963965438181,0.0670102387693232,0.306681236631133,0.244353898655847,-0.0451097637959754,-0.4337281846857,0.0440063786123499,0.117513365176097,0.425579160966919,0.351039177379728,0.365233896215307,-0.0954165484364757,-0.169909001839417,-0.206977407996232,-0.0836039077585855,0.0465801062978192,0.257526785723835,-0.171192230170893,-0.142491955554981,0.0295528228868471,0.0802271523002462,0.191482753501797,-0.0138803090815103,-0.0935154201515916,-0.0334466768214568,0.0513766352518823,-0.054979447865678,-0.153487127292571,-0.0155218722885191,0.131113979731261,-0.0639353655425609,-0.0326888879109481,0.0328179406376491,0.197755477836898,0.0159589054513284
2075.in,2075,1.00000000107722,-0.0924264418917746,-0.018627750426034,0.207032557435826,0.137190860317757,0.305068622258864,0.0152619319631175,-0.391263906782673,0.0167566721965469,0.172440731932743,0.404685909205679,0.334422329840866,0.227174673503089,-0.122104591930179,-0.0435448365468431,-0.14495930050904,-0.0524879331334758,0.0785015622677116,0.146195481652826,-0.197924318119856,-0.114699802744579,-0.0136886288016441,0.118120236440186,0.153015156910719,0.0082971859575015,-0.113233856546442,0.008427954304009,0.10070407081829,-0.0342733952201687,-0.124883958419262,-0.0127547330635827,0.0901268245035905,-0.0751031765222813,-0.014928618076277,0.0217419207753886,0.162993550628201,0.0308182823347031
2077.in,2077,1.00000000123775,-0.174510261980387,0.0427337889851735,0.17922929892631,0.199154125433287,0.250253364979009,-0.0303026909153858,-0.420847791797785,0.0381300453493256,0.131291032728653,0.431419112993631,0.360957238688858,0.280990644648311,-0.106211015662805,-0.0843661976205603,-0.1841827422636,-0.0532592571625601,0.0529336597695021,0.18348074323519,-0.195853951573831,-0.135063903624301,0.0134433182067194,0.118958554599449,0.172576137529067,-0.0056671620998915,-0.114433026445802,-0.0024988857789875,0.0884857677852714,-0.0498040464659925,-0.146476612343339,-0.0136311395836194,0.10464854168542,-0.0662477020279693,-0.0251319615768479,0.0292014466984372,0.18812963984906,0.0228593352863224
2078.in,2078,1.00000000122514,-0.123109601611508,0.0628616120978747,0.160223693600558,0.228034155089757,0.225765100680753,-0.0129708472442097,-0.40516399059726,0.0282950048953192,0.150246259030103,0.44324329193708,0.381919474081643,0.304302839014764,-0.12082064992687,-0.111141352547437,-0.156861722643595,-0.0526705231697752,0.066786038968856,0.197495933654758,-0.194713900678174,-0.11760806532331,0.0029850190153946,0.116550416270999,0.182925673189307,0.0038435842809183,-0.115539089434646,-0.0059094915964672,0.0798578468004735,-0.0416973227569213,-0.134133714644669,-0.0141167764802481,0.103266539055087,-0.0715914148579533,-0.0220476663745973,0.0306958431595574,0.199155761717927,0.0218968536158095
2081.in,2081,1.00000000096752,-0.0889437626886744,-0.0752589505222052,0.272675350520975,0.107750982398513,0.214420954768938,0.0239129666685521,-0.38819777016032,0.0171272442646444,0.17592680768074,0.447938568932737,0.37217814691675,0.197085972737933,-0.129908649394005,-0.0062537567813931,-0.137109810196314,-0.0039057230276134,0.0788609724867447,0.11827784198715,-0.217802019312868,-0.110264929224234,-0.0163655700885066,0.157548464587867,0.158632871120149,0.0105790025084594,-0.130818245594411,0.0294967570955303,0.120329099689098,-0.033717244358007,-0.120675015217698,-0.0112926523135181,0.0777130939794783,-0.0724921749914631,-0.0140254717245804,0.0321171148820924,0.180307323018903,0.0222408822287888
2082.in,2082,1.00000000108998,-0.0386967075205527,-0.0470271580202753,0.241543703861396,0.151967075999291,0.182753322039325,0.0497242852124876,-0.370077633451309,0.009360696118245,0.198808650909773,0.46237187611249,0.383895532226727,0.21996373588703,-0.138090890810988,-0.0453431514224569,-0.109072133819126,0.0058293913258433,0.09335033784648,0.135477502772915,-0.213798269167541,-0.101011851544048,-0.0300388192097412,0.151648476559182,0.169643377713287,0.0157922722222385,-0.127478474766633,0.0243466341913507,0.11150590827015,-0.02330330345383,-0.111124974063217,-0.0107283064159665,0.0787584110269232,-0.0759574246397282,-0.0092737447381262,0.0350330736234011,0.197679054205839,0.017906536371991
2102.in,2102,1.00000000086016,-0.117899290368508,-0.12971117129255,0.0708595006480481,0.265858162279482,0.0281088856742029,0.0248207759612457,-0.445302334877721,0.0279983319945265,0.168011241889228,0.38862280223165,0.338476753948914,0.219724952581217,-0.129532835710714,-0.154435140599339,-0.157482186058323,0.108468793625051,0.0939824210113073,0.140284471135883,-0.186295162901253,-0.140430949706814,0.0076084577714962,0.109344611239705,0.170358725824924,-0.0166344325809836,-0.0953230810786446,0.0476838444084216,0.0629202028137215,-0.0316651484169561,-0.129766894105376,-0.008449491217733,0.0658865740222052,-0.0804133480782394,-0.028338039564828,0.046274131522019,0.173488278046893,-0.0004516006998008
2110.in,2110,1.0000000012757,-0.21589817498358,0.0729094173980258,-0.0247272522245647,0.352546871619207,0.197291885075864,-0.0207060376588387,-0.482155859963775,0.0507798127689876,0.121842229729116,0.361736427624043,0.321259119365144,0.339179108950437,-0.10918852429204,-0.22314142629455,-0.199937571870685,-0.0274143787199244,0.0681306223622048,0.253035156799684,-0.166674988657052,-0.165841383118403,0.0403286593947923,0.0716876860886672,0.183693100936738,-0.0326660270082283,-0.074610832488947,-0.009679794535578,0.0312493473050973,-0.0493227744673551,-0.152319576427789,-0.0084736374838119,0.118903932978082,-0.0742036108227486,-0.0427784176368859,0.0284349786533943,0.172404034925751,0.0184989135234329
2117.in,2117,1.00000000094442,-0.0814792648662477,-0.166985325631368,0.177725249444559,0.147521356867855,0.184938042675514,0.0291412743219898,-0.442566182122887,0.0158120203780222,0.189841974123144,0.38830796581139,0.340457115942529,0.173082902096834,-0.138288322412912,-0.0669490774865842,-0.139181890028255,0.05200625452718,0.104635441519856,0.112570642675106,-0.20961961224218,-0.13053358664256,-0.0020383217715837,0.13736019075508,0.148752170043438,-0.0102549315065813,-0.11310593236251,0.0528248653231691,0.104292191071142,-0.0269583215507529,-0.122845284698063,-0.0128628045028203,0.0618417152639795,-0.0850682843844547,-0.0238803712508986,0.0255955018659385,0.161685839327899,0.0162382044114801
2129.in,2129,1.00000000104525,-0.102124721666656,-0.0380140400655061,0.170716047491872,0.153127607274615,0.331596439570333,0.0359167351366968,-0.446165362332679,0.0252269278789919,0.178784531984536,0.384942918475974,0.328800729961055,0.231423478723353,-0.138424708841143,-0.0630151814636454,-0.142708211907122,-0.0471093922985435,0.0989641045264455,0.181430975634691,-0.210095240014547,-0.130851475410633,-0.0003120446926165,0.137063000030755,0.148393177577411,-0.0122779745231288,-0.108627739537796,0.0093553492896444,0.10013027034774,-0.0311610111228287,-0.122065093078304,-0.0072803682519309,0.0950854112134612,-0.0824633915376544,-0.0260212974620252,0.0144616705630562,0.149374870086121,0.0388847590342899
2130.in,2130,1.00000000087996,-0.039803332455582,-0.0230472183518635,0.146247355882053,0.190834790242469,0.299389272937621,0.0634069375729074,-0.425540022804575,0.0068851231689704,0.214210357741245,0.401465117250623,0.347443721182779,0.254656459573819,-0.152759267091299,-0.0905933821216243,-0.113852995858894,-0.0370002642350879,0.11446572422984,0.190945856928881,-0.204952096242139,-0.115915652244956,-0.0182860043018811,0.134423032168161,0.159387380833609,-0.002415548816494,-0.11047586663049,0.0061155815588007,0.0907773057151746,-0.0208328925950379,-0.107997252607293,-0.0108744824217197,0.0956570351968051,-0.0884338237011645,-0.0183193442887242,0.015812273328023,0.164057901120783,0.0317051167482433
2136.in,2136,1.00000000113484,-0.0439541234221561,-0.0774931885943072,0.20166206683333,0.151633955602731,0.229006825640908,0.0602752490547675,-0.426090470746944,0.0118473412660807,0.205912608149983,0.442126113263872,0.387626956597341,0.223011803486846,-0.150881690818867,-0.0554407706669188,-0.115003984294632,0.00932383857007,0.117820733328172,0.160446460142178,-0.226724830248344,-0.11533545853794,-0.017710498294545,0.170978871428755,0.161356163433173,-0.0029216769358956,-0.131647004549096,0.0243617406700558,0.1133855494687,-0.02001981380614,-0.108680596934692,-0.0084485771317835,0.0818893374822327,-0.0883967703488483,-0.0154944371082064,0.0225242323343249,0.186712648045164,0.0222205122736211
2139.in,2139,1.000000001113,-0.0702245288769485,-0.027900605482032,0.0891287022253181,0.185075786948641,0.188512501268587,-0.0732771528858266,-0.377354374449269,0.017280460691474,0.167442471654551,0.281094449376113,0.238645939600661,0.279042612650853,-0.127338310070292,-0.0803598488602454,-0.166654208356383,-0.0342005843450671,0.0436973059918327,0.0789975704881257,-0.138171418579209,-0.0545561386845286,-0.0294723995249038,-0.0523005210678212,0.164441392085747,0.0603654830266511,-0.0700201249201522,0.0361473859258035,0.0469118826555854,-0.0600793994555663,-0.150163419612593,-0.0246847637112852,0.0801519143680634,-0.0589473452210955,0.0140211096255939,0.063433170419084,0.11979472045005,0.015836046981985
2143.in,2143,1.00000000100881,-0.215950514580429,0.0512649924981937,0.0155680385999843,0.301693136464749,0.0785536382788506,-0.157182092577574,-0.431890698219855,0.0509724402477443,0.0853557509259078,0.323853205535225,0.28774879215532,0.356447761869344,-0.0809106924824705,-0.168662174500876,-0.249297016250813,-0.0181354757081311,0.0028681113806372,0.134673894161127,-0.132417085617778,-0.0961014660848722,0.0249217300947532,-0.0555720431356045,0.196790369681653,0.0322247299608183,-0.0703387672373676,0.0211353330947192,0.0237827488758609,-0.0858938424582822,-0.190629413657496,-0.0270816499623611,0.0920969321847534,-0.0484564796305887,-0.0071807143847689,0.0749730727593743,0.168621546454443,-0.0024429769611993
2147.in,2147,1.00000000102526,-0.134116278802119,-0.0441932399650271,0.108368080499346,0.213958273512463,0.0495170746693082,-0.119266386170309,-0.40239053111687,0.0317139840467538,0.131299067702721,0.339341618596465,0.302345117666784,0.299638546463973,-0.108743253532798,-0.0925297571846427,-0.202449242916824,0.0209218748610212,0.0259188597649611,0.0769632096350667,-0.156717608000805,-0.069854663644127,-0.0031405707867883,-0.0274222004431362,0.186558829611413,0.051124260957197,-0.0884743289124959,0.0510888218605069,0.0539701137495906,-0.0736188218647421,-0.168562827348536,-0.0261668693909097,0.0724751906625448,-0.0542412925058961,0.0066311003350263,0.0790733783086348,0.163580708095029,-0.0006793417260191
2148.in,2148,1.00000000091797,-0.0877405419245926,-0.0214937346418504,0.0899130454502101,0.251467907732464,0.0220767179544462,-0.0906652470089623,-0.380978898892751,0.0178461420807123,0.153395543900718,0.361361269662954,0.314821545422956,0.31903055506033,-0.115470254421596,-0.121238967570585,-0.177105222041402,0.0242327590785203,0.0392340316815407,0.0984405841363298,-0.151494251767431,-0.0623171474745795,-0.0173215161715284,-0.0210757744752031,0.196635528997668,0.0537231716751547,-0.0871903817885801,0.0420947392135645,0.0456035749193499,-0.0618855299224325,-0.155357094117629,-0.0256117587197676,0.0751403727246772,-0.0558308457774597,0.0134225026459244,0.0805797480851676,0.180578479729462,-0.0077448602997568
2152.in,2152,1.00000000088138,0.0010015192035667,-0.122064865191913,0.171701315717904,0.168361740836173,0.00272453048543,-0.0422617279373098,-0.356362130096394,0.0010574059466623,0.198005975173057,0.375746385659321,0.325597902848221,0.253165620175108,-0.141567235497576,-0.0455518398914275,-0.133622477440804,0.0638899799625588,0.0646322186012889,0.0472239148551918,-0.173718207507216,-0.0352620181291793,-0.0488418631606716,0.0142473256727832,0.182948198055935,0.0707539485334612,-0.108404348982157,0.0697040438272667,0.0791941624593859,-0.048797417510523,-0.13089946689349,-0.0256586017392919,0.0551623810827945,-0.0646815821205823,0.0235170186109884,0.0839202938983832,0.175839165397179,-0.0081253751039423
2156.in,2156,1.00000000075212,-0.188812279343244,-0.0411421536482403,0.116831918726828,0.278856834517706,-0.113631709532615,-0.13927038298555,-0.41789783027165,0.0426940268072479,0.106011975877571,0.411489870220531,0.37031801933539,0.338939821302004,-0.104314120194201,-0.11906570851488,-0.22311989350499,0.0743276109428851,0.014475593905901,0.106249130288917,-0.173517246268198,-0.0835302258290685,0.0143906877103685,0.0131457191570309,0.220785955569379,0.0410542037552363,-0.104462878823001,0.0537366696145148,0.0538116274557086,-0.0816641218402738,-0.17815268991205,-0.0256913403325192,0.0719117604367883,-0.0521509533041222,-0.0041077448865619,0.0986858426304709,0.216288740277717,-0.021089590001185
2159.in,2159,1.0000000008902,-0.137888056779784,0.068887135105027,0.112879154242493,0.214581644324766,0.210932379712804,-0.113368507258222,-0.399634732060196,0.0309919264200393,0.13449852183208,0.34498716556248,0.300834737967079,0.343176990567159,-0.107445464382405,-0.0935735653514282,-0.201565073832595,-0.0787984188531998,0.0249070481301349,0.136971335116368,-0.154753507367346,-0.0727077224141921,-0.0024636408382372,-0.0225565999152162,0.186040963724279,0.0467888966973968,-0.0873137154442502,0.0124134365614265,0.0547401304889231,-0.0710885842751562,-0.166799468730528,-0.02749334995772,0.101609126149394,-0.0544368825536088,0.0032343050662452,0.0620650553379567,0.164110260509448,0.013698794174191
2161.in,2161,1.00000000122023,-0.237127795597824,0.127904021376421,0.0817486511992514,0.271117418394755,0.158502608959806,-0.159708454831282,-0.431955042204999,0.0525489743875143,0.0826058594186867,0.370133567394846,0.321405829808442,0.39545095111753,-0.0823089912728587,-0.125398793793362,-0.255167747729104,-0.0767089232357717,-0.003481393907789,0.173637030539099,-0.153846795474913,-0.0999856572570821,0.0275610965162201,-0.0212156541400601,0.206199878922574,0.0316928293279538,-0.0866745248636441,-0.0002763001894239,0.0440355518588876,-0.0905915924202669,-0.19097987006026,-0.0257113551158798,0.11611680362179,-0.0454653188366533,-0.0075279398746666,0.071404932400656,0.186851297851665,0.007525202382011
2162.in,2162,1.00000000092828,-0.171985861040619,0.143352963733639,0.0543142823670962,0.303672265172041,0.129539218103214,-0.14285839610779,-0.41641738149092,0.0371366502052696,0.109266161547273,0.375370193370261,0.336032155947642,0.422855090935114,-0.0960135088146156,-0.158510178526745,-0.222887967709997,-0.0706341789933226,0.014479630854449,0.185312979771605,-0.148810659574142,-0.0807927648320566,0.0134044122091114,-0.0251355207579029,0.216075553232238,0.0394962457247364,-0.0862578234279638,-0.0015244828528503,0.0365493632080587,-0.0796489744980582,-0.177532257833451,-0.0280257992749737,0.117207326977507,-0.0504561136640308,0.0021807162361366,0.0715214444013859,0.201975160778848,0.0018001948510187
2164.in,2164,1.00000000096685,-0.0077740562274479,-0.0114910536552929,0.174172574272963,0.16796686433401,0.15832991524434,-0.0568841155716242,-0.35404637542926,0.0001109204700678,0.194974797857582,0.370860194418725,0.324205332841334,0.303656512874104,-0.140925128392472,-0.0548191194319849,-0.130269064912863,-0.0352265625919802,0.0612630124537489,0.098189231913174,-0.1714385442548,-0.0325625375822995,-0.046879275674788,0.0061438061415262,0.183503735273199,0.0698816541452238,-0.104198557624769,0.0332995735657097,0.0801519449569247,-0.0477439246435764,-0.132504535946363,-0.0262463103770037,0.0805094330095287,-0.0650144324577804,0.0216036989158746,0.0662776649453672,0.17542330965216,0.0087438100938165
2168.in,2168,1.00000000120734,-0.180650431523141,0.0761786325773043,0.104962389425632,0.279868124798908,0.0328035642946909,-0.135120142160052,-0.41897774522743,0.0453785351013131,0.114198002999091,0.415677274991488,0.368282303581891,0.386536200014441,-0.100010884131677,-0.11851404008599,-0.223713466122256,-0.0107618799127955,0.0148922615781314,0.15632727209575,-0.17075731465866,-0.0817160495888875,0.0108434070082071,0.0054798854224434,0.221496770231891,0.0410096476146888,-0.105728177913497,0.0199369497775094,0.0510851815544226,-0.0793534801958691,-0.177900800627478,-0.0259633152974487,0.105360025853688,-0.0524070509900734,0.0003431280280118,0.0850202269298873,0.21467325926385,-0.008931330032573
2171.in,2171,1.0000000008643,-0.144603291906113,-0.0508125089132395,0.21229598720538,0.169286648603261,0.0514589845490949,-0.116840285009,-0.403540576276161,0.035308576341839,0.12509716918475,0.424844007585133,0.374738244556499,0.293877932587588,-0.111241213092874,-0.0341660228078988,-0.202874360359203,0.0165207609006299,0.0223736204523579,0.0816139846272121,-0.192412316768882,-0.0716562728472839,-0.0006870452167437,0.039795467397612,0.197133885261116,0.0473444950184216,-0.12487520294727,0.0493010903154161,0.0904507338980883,-0.0737299192621635,-0.171372785170923,-0.0263006734500217,0.0735715895369366,-0.0536567066097557,0.0030827393196006,0.0783402049327576,0.200947475029712,0.0008175645475775
2172.in,2172,1.00000000113422,-0.094404636799345,-0.0172930085692463,0.19654099318543,0.197170301474545,0.0228994938951166,-0.0984159241594076,-0.391242445013311,0.0179207420996344,0.153745293855655,0.438353728966102,0.387019242288827,0.324747672965233,-0.115314284695612,-0.0505349931187211,-0.178265974135124,0.0196221973828793,0.0375437784103783,0.102117359805869,-0.190322960731207,-0.055797912152591,-0.019822217968945,0.0401768231240568,0.206790887102847,0.057664348149987,-0.123940042946396,0.0439526484208263,0.0849958793439168,-0.0656390113024172,-0.155531887759852,-0.026719622320775,0.0733771774104459,-0.056988247821385,0.0096953483601606,0.084903065735025,0.215880113151483,-0.0058645041159613
2173.in,2173,1.00000000116325,-0.226373706658045,-0.0032933876480352,0.184259695238331,0.220070577572815,-0.0011119337465013,-0.162082295220594,-0.427867810371598,0.0487268270686173,0.0898489602105761,0.451225809307454,0.398716283690256,0.339715923539131,-0.0839577784154804,-0.06865557382406,-0.249073929637545,0.0231840415273242,0.0014762471355126,0.113806920906013,-0.189247218956649,-0.0974625972755008,0.0252898599460155,0.0429693374872936,0.214671913485887,0.034032455439283,-0.124108450649143,0.0396133586702906,0.0805802326041805,-0.0864781229999539,-0.190725757391779,-0.0292843281847241,0.0821092746766353,-0.0467986710333149,-0.0061675131173426,0.0861740022399372,0.226968297333444,-0.0122779559802185
2175.in,2175,1.00000000150782,-0.052587970659082,0.0797100206874688,0.193854593482212,0.137091104384262,0.335434663665993,-0.0742594199774864,-0.36856043206397,0.0096306332534865,0.174848814372872,0.359273569426362,0.315275651255555,0.327277030487522,-0.128362540748339,-0.0256055384901018,-0.155088232591603,-0.131807902309057,0.0481144141559767,0.132597780675111,-0.171749073121306,-0.0475663605885195,-0.0328324874821722,0.0070714590626564,0.173703905462954,0.0632966855543327,-0.105177301323329,0.0028855159610194,0.0843866143036277,-0.0576871164729199,-0.145948069541762,-0.0285658633858526,0.10502601552571,-0.0607678977723974,0.0162283604450248,0.0474810467652797,0.162360887159581,0.0297126054126913
2179.in,2179,1.00000000111672,-0.230489842993754,0.171602102791903,0.127900836479845,0.246731855724077,0.226373446607799,-0.162578274310003,-0.431372661865011,0.0489425995865133,0.0874624411639559,0.401346702128921,0.354669136602786,0.4151230410816,-0.0870262516902798,-0.0944939638871755,-0.252686086048851,-0.118059116391837,-0.0012387253647022,0.198653436031893,-0.168562253798543,-0.096669794041648,0.0269078610271761,0.0079246039602122,0.210233722941458,0.0324093308136464,-0.104519617605789,-0.0143461640115084,0.0609654016691401,-0.0886675440381112,-0.18887812603635,-0.0263577966297276,0.127044822794531,-0.0461735483297984,-0.007109768447904,0.064597548965694,0.204568436066019,0.0136189944575965
2180.in,2180,1.00000000082067,-0.169200692339933,0.198029954154426,0.113281174710289,0.272102296010708,0.210689869885983,-0.129656334441858,-0.412586905634463,0.0382626241518971,0.109893828224187,0.41828988516933,0.370623413006301,0.435246356133039,-0.0969507863214777,-0.123294193375256,-0.220034752985376,-0.119953762743162,0.013463617078478,0.211924756265945,-0.167142672471955,-0.082594315535289,0.009741505420176,0.0074247295791142,0.219479643172664,0.0440621026163203,-0.103616189530734,-0.0176775549088283,0.0574009071004449,-0.0769535665913298,-0.177630246508493,-0.0266336901762791,0.13050238355304,-0.0521724141837675,-0.0011966727490689,0.067933181096584,0.21910804515661,0.0118313962000738
2182.in,2182,1.00000000134194,-0.006288944081276,0.0444188099270286,0.225128398254787,0.141300616662912,0.220311166847349,-0.0471890693687253,-0.359937105742198,0.00364190275765,0.198395642438329,0.406953325995104,0.366052380417417,0.329060568521321,-0.144938056601159,-0.011775613718938,-0.130595550501437,-0.0767401945255585,0.0607947740635347,0.122544833250727,-0.192919915252103,-0.0336642504539035,-0.0482242326194953,0.0409754567181142,0.18968481464284,0.0722338625362901,-0.1240889666041,0.0194212122433392,0.0948351417561453,-0.0493596202224778,-0.13371876844283,-0.0263274198286888,0.0969946946770136,-0.0646428732450318,0.0221053867778395,0.0609050789252201,0.191107168596487,0.0196908838953337
2185.in,2185,1.00000000080449,-0.22238979303799,0.106009601862424,0.182853961628613,0.214284044573221,0.151174081705801,-0.15680535307932,-0.43496843777303,0.0462064981619847,0.0941624402529542,0.445721466550466,0.387191151011353,0.387368638938745,-0.0824515440893012,-0.0655371527055933,-0.251593906240894,-0.0695922250567299,0.0015754643994591,0.167307078098319,-0.190263057394266,-0.0981217140564907,0.0239741935512505,0.0421035082287794,0.214789347078136,0.0344838278214774,-0.123075766923295,0.0053746209336074,0.080812451833798,-0.0869923774052787,-0.187092648428218,-0.0267614511419545,0.109918713455882,-0.047788752388853,-0.005786591373506,0.0718016281193401,0.222560908767857,0.003168043542576
2186.in,2186,1.00000000118758,-0.175379382996506,0.140268776614614,0.165538174337859,0.253989649320777,0.121363768856777,-0.130726820664875,-0.407280441894097,0.0342700944465729,0.119901434394495,0.464546957141718,0.410440027492098,0.413099334545982,-0.0981618931936737,-0.0845414929117066,-0.219793185146514,-0.0685223402100082,0.0148879042407082,0.18570450037653,-0.187807178436078,-0.08234732863249,0.0069568660678888,0.0431340588634978,0.22397228816216,0.0440937282871612,-0.123678109189682,-0.0043151088182305,0.0718976905007626,-0.0778178825735207,-0.175772868880585,-0.0273441335155275,0.117646544132979,-0.0528596130572421,-0.000667352976943,0.0761785241980504,0.238367236752599,-4.38492865552104e-05
2187.in,2187,1.00000000112362,-0.0501912607396254,-0.0317864443565843,0.302794384473253,0.0789265817320798,0.190504966567022,-0.0677185939402819,-0.368694162153465,0.0094947691105826,0.175481370535516,0.449195692952931,0.381096878660802,0.278768393506658,-0.127628439609651,0.0346503770018591,-0.158437586046381,-0.0340707084082917,0.0500386319853449,0.0816535439219122,-0.212899264686866,-0.047143756946182,-0.036545090492855,0.0731097159236059,0.181810432358704,0.0626373832865324,-0.141889949277975,0.0362606016127493,0.122057470256914,-0.0548988498676537,-0.142255495177331,-0.0266409109949135,0.0771238302324058,-0.0622755568817608,0.0162587946750559,0.0646802485551266,0.199043205692108,0.0120325346464231
2188.in,2188,1.00000000130834,-0.0084623730227598,-0.006338155208807,0.279635308979085,0.116180487983922,0.14429640124711,-0.0465343247326277,-0.356671427880535,0.0028950857490514,0.201178660636073,0.452420059644097,0.399924009676052,0.307062448969704,-0.142301995334897,0.0206631456354212,-0.132649823701655,-0.0304352915785637,0.0618033061603556,0.0989836127355105,-0.209948765310346,-0.0328548062400216,-0.048240449790271,0.0746923618915179,0.194926659753499,0.073471613344323,-0.143488308435195,0.0343332287467536,0.113142421173574,-0.0493457301169212,-0.131079114207764,-0.0276560280539924,0.0850763709712231,-0.0647824656900822,0.0214644955046024,0.0706592785901764,0.212755581661735,0.0073717147854936
2190.in,2190,1.0000000008027,-0.0944747617536207,0.028787420772019,0.244075184424735,0.171116794096634,0.0970073950015843,-0.0919584760104588,-0.38909557342164,0.0225118390396667,0.156287728358928,0.473818959905694,0.41861821419272,0.343081200256805,-0.117947251249541,-0.0220656350886904,-0.179860358582542,-0.0245458122505659,0.0391548969728077,0.126802398085421,-0.209329020465788,-0.0584059651821575,-0.0167778190538113,0.0722157114975854,0.210649506447105,0.0567563990554572,-0.140154199611006,0.0282192213072808,0.102449993612728,-0.0658891079089152,-0.154787967877779,-0.0281175131685697,0.0885699986130924,-0.0580732212805879,0.009260819387605,0.0769323999610011,0.231484228269013,6.01882712786804e-05
2196.in,2196,1.00000000077514,-0.0922297943855907,0.0026663827419567,-0.0019384514747071,0.289238331073849,0.125217746536656,-0.0711363223518274,-0.435066978610399,0.0205850178543547,0.165189345807965,0.29614583060244,0.274135956199519,0.342358429223711,-0.131421935040297,-0.165397879940259,-0.172456945742904,-0.0126200807427162,0.0631584859529937,0.151956175375859,-0.146000363572735,-0.0805354605342554,-0.0077181229739322,-0.0379356696661822,0.185677988719605,0.0373063698687616,-0.0682169325907497,0.0304095090197606,0.030256326433373,-0.0568386232054184,-0.152692333787774,-0.0232761182951853,0.0938679134012589,-0.0681593634596379,0.0019743372081663,0.0665481651062702,0.149020202060695,0.0058187814839111
2199.in,2199,1.00000000086041,-0.0574543057745443,-0.126091371969417,0.11157342232779,0.169416882038152,0.141556015993554,-0.0521472132744382,-0.425460639725802,0.0146826731107285,0.183457769153331,0.301337118872058,0.272163620140085,0.247810895820324,-0.143437916933158,-0.0775969363036561,-0.160829771525247,0.0251015898471591,0.0732451208721377,0.0766811101028753,-0.171938483523683,-0.0700734448236605,-0.0163328165084269,-0.0005139250386287,0.163412284334009,0.0419701579616754,-0.0885584206110525,0.0596267926131013,0.0657201335475678,-0.0520265107582351,-0.142655343125268,-0.0215039387774705,0.061013256523826,-0.072305273095255,0.0039922953439546,0.0583658559291868,0.131900548756061,0.012893594600374
2200.in,2200,1.00000000080526,-0.0114944930525092,-0.0977984672512592,0.0777202995912082,0.207450181505955,0.105148465624001,-0.027113919405894,-0.405552013358178,0.0024667353091421,0.207518699373876,0.320767616842655,0.286969629525224,0.273550206291517,-0.14979423928883,-0.101706974163608,-0.136072061213551,0.0367361181252353,0.0869130030662592,0.0934495767760856,-0.165698423832812,-0.0582426772469081,-0.0364416994749835,-0.0038994564579728,0.172708506689482,0.04989266440042,-0.0863483292457313,0.0546501578432967,0.0570295617930806,-0.0420345664696188,-0.131439092188751,-0.0221576500459262,0.0696933611460142,-0.0753006980074645,0.0137977934198804,0.0665499273175533,0.146509567865559,0.0042818499913894
2205.in,2205,1.00000000127589,-0.0554038192265384,-0.180281181574831,0.155301271665024,0.143131922594531,0.0569959538751538,-0.0525957746363931,-0.422322686808837,0.0104292401358548,0.18940893195888,0.351057736946025,0.316196263954301,0.224984126132243,-0.139402106472157,-0.0399274175751335,-0.162076858165066,0.0773430509051935,0.0722342774626549,0.0457567489361017,-0.189087152321879,-0.0672489269966518,-0.0217461552975892,0.0300286785134017,0.166174267094285,0.0445749945647905,-0.108800047038778,0.0797097046164418,0.0872087307997009,-0.0512007062008143,-0.145039108226,-0.0259470031372307,0.0499811175510525,-0.073364880849129,0.0039745908931907,0.0735110097583502,0.154698061896207,0.0003084125187904
2209.in,2209,1.00000000115128,-0.213174498570573,-0.101787014724999,0.0927970542838209,0.249180579505645,-0.0515532144796744,-0.138826092747262,-0.478953349284537,0.0445267346219061,0.109251972088938,0.389821858716267,0.359897811321416,0.307908488432132,-0.0989810614118479,-0.115096591871207,-0.245675971301915,0.0937481257800541,0.0302246361181039,0.0993464978919187,-0.183662500354343,-0.11218431370415,0.0303711198662041,0.0252993789788919,0.202742947577676,0.019605290992915,-0.106213368791672,0.0660406004594859,0.0647934188805451,-0.0792012393995555,-0.185834772451857,-0.0258374370235435,0.0673528881675617,-0.0605897487224253,-0.0117017060578196,0.0885917780407768,0.199047705193341,-0.0158716209309143
2210.in,2210,1.00000000101859,-0.168998272897571,-0.0630771736083174,0.0646671648996237,0.285195846519018,-0.0668231805082075,-0.115705286043037,-0.456702549118969,0.0318653950752148,0.132722708570091,0.40847010597861,0.374804921131042,0.33791930141174,-0.111193541574301,-0.144734975363207,-0.224451115639964,0.0993063914894301,0.0457635324153314,0.12171490156617,-0.179540256679511,-0.101889538489548,0.0159812993397723,0.0279584649707811,0.212951271314846,0.0244602283542625,-0.107315047164099,0.0543893555179339,0.0527034470676558,-0.0695257091014963,-0.174751666146976,-0.0248766797972138,0.0729243777656992,-0.0639692649531281,-0.0056852740361417,0.0878947584129548,0.212597698514086,-0.0214361692004163
2214.in,2214,1.00000000106903,-0.0936354270060817,0.0608219822681463,0.0456692863545966,0.250312660082416,0.209443067169315,-0.0847312521716714,-0.438331681991758,0.0174418364907659,0.165475866638832,0.335950990749841,0.314087236805137,0.374256853323183,-0.128046675065636,-0.141712169697971,-0.181430171335552,-0.0570157258409725,0.0652425476933392,0.17599481974864,-0.163642834042244,-0.0816158143421115,-0.0057282428614632,-0.0087349144728102,0.190268444902257,0.0369413992230859,-0.0861912358750739,0.0124919314028319,0.047749153613061,-0.0601943673008279,-0.154006457878228,-0.0255981721116494,0.105383390735414,-0.0686465881626044,0.0043807939930783,0.0597999266108578,0.170925687841878,0.0102255470167871
2215.in,2215,1.00000000123016,-0.222709004678767,0.0755363095714939,0.0331028822172705,0.279971717848634,0.183305349616115,-0.138125628261044,-0.481313265761187,0.0490697677308958,0.105395861254925,0.34808039693555,0.319835434324245,0.386433660868593,-0.0974719883121223,-0.151551503902788,-0.249141740981516,-0.0544253744971669,0.0279373411045905,0.18907927386395,-0.165513976490591,-0.115298590772167,0.0356212116988769,-0.0064736030698586,0.197929619781071,0.0141832146023504,-0.0857720585862959,0.008838904263353,0.0443501636659475,-0.0807883238869283,-0.185921836883371,-0.0248068445179356,0.111433826939282,-0.0599643889628789,-0.0136352094296513,0.060448918119372,0.176808698697246,0.0093692852409361
2222.in,2222,1.00000000105128,-0.182110889722463,0.0332866979915775,0.067680584218525,0.287763719613675,0.0662691807565379,-0.113729361644722,-0.46688110089434,0.040993715566339,0.124712760693744,0.400041114644883,0.367196230813164,0.381569229563862,-0.108278462415412,-0.141018929026153,-0.226812916254084,0.0010613786664982,0.0389275794257523,0.179267343933006,-0.181340778123407,-0.103239364886591,0.0203264032757516,0.0265684117363923,0.21175389034792,0.0211297829379534,-0.10301719955793,0.0223086151816305,0.053899183261238,-0.0727379164146748,-0.175458209109392,-0.0218367874909696,0.103710850510056,-0.0631812124533657,-0.0094250561295777,0.0761399020815258,0.207362613718156,-0.0047763450739431
2224.in,2224,1.00000000096721,-0.0050844634005145,-0.122239790668906,0.204602473488914,0.147361894244426,0.104125657939166,-0.0272765991310666,-0.404609926225347,0.005787506771869,0.206170278608678,0.396242830863232,0.370354101335303,0.265022764398189,-0.150314820433316,-0.0356407595539726,-0.130760420852145,0.0375305784757784,0.0874229527679976,0.0876572568018389,-0.205827128159954,-0.0578600295694946,-0.0313063970095233,0.0662477277509855,0.180533697665388,0.0516396192140897,-0.126831056991065,0.0599841050863623,0.096910212460349,-0.0427780295810009,-0.129553690349125,-0.0238242476902726,0.0634345404370988,-0.0782583615124076,0.0108619402670273,0.0645106655931084,0.183579694653747,0.0072056547126126
2225.in,2225,1.00000000098072,-0.127667816337151,-0.0956729293912709,0.177365999307235,0.168357525962189,0.0779227782423268,-0.0936620917886664,-0.447257776009559,0.0289269783042993,0.148077623997053,0.414956971868411,0.37544878980526,0.285220042552246,-0.121585486753239,-0.0514708672243378,-0.200130941094068,0.0436860716134449,0.0534847230480101,0.0973195255912213,-0.205987005956704,-0.0915752197204138,0.004202341938029,0.0627918569676308,0.187285655451511,0.0304877096039927,-0.12762142804262,0.0540034692379252,0.0929865491701422,-0.0641242941093111,-0.164280192297626,-0.0232752824568982,0.0685719206568519,-0.0677280485114459,-0.0033364598088705,0.0682188699881339,0.1942356154872,0.0019505564636794
2226.in,2226,1.00000000114281,-0.0738376417130076,-0.0643432424941069,0.159298008969127,0.197724647929534,0.0587303915299009,-0.070427252977636,-0.434999828922658,0.0185103609441821,0.171101330753279,0.414327507462318,0.392083047535156,0.316426736942525,-0.134947024396402,-0.0753416864921082,-0.173500539139595,0.0435092354055079,0.0724309854782477,0.117592239644449,-0.203817357063088,-0.0748179826183428,-0.0069865892199323,0.0619165400475594,0.200466795395825,0.0401525041982767,-0.125370182008433,0.0514746575441881,0.0874348945225156,-0.0562005947634714,-0.148230018200559,-0.0231405566910493,0.0744615413800711,-0.0707639929105226,0.0057366012039891,0.0714096148311409,0.20943710705316,-0.0004260475658828
2227.in,2227,1.00000000112499,-0.2256142873024,-0.0544607621993534,0.145938065973298,0.230552160830289,0.0269843383485282,-0.133196625187854,-0.481067922091653,0.0497962989596472,0.103096675833513,0.427715329939412,0.392436064110334,0.318932738555526,-0.0969813208274977,-0.0906148147830425,-0.244948675523053,0.0458384515948284,0.0280572037896089,0.128640576387208,-0.200502865024899,-0.120441931108378,0.0366476591484241,0.0642575964098566,0.206793140025227,0.0136744738345399,-0.121476788388744,0.0497837419273038,0.0810018690635785,-0.0787313462109916,-0.185980101064574,-0.0235994114764787,0.0782285784908489,-0.0595249821420376,-0.0173119314019828,0.0752457083445983,0.21490879262086,-0.0057367085046627
2235.in,2235,1.00000000092819,-0.0546380603158726,-0.0168029141209252,0.210210831666759,0.118405671669055,0.292183778068801,-0.0503988272625944,-0.421974773796937,0.0169974693043684,0.184285177397549,0.38456449375204,0.351190455436089,0.299137172871188,-0.146008100177665,-0.0091451905859392,-0.153239865574352,-0.0761142292444004,0.0697877273185738,0.129550460540767,-0.203853580324927,-0.0697693604251697,-0.0225745217552529,0.0640637637360593,0.172161506140828,0.0459090546205111,-0.125455909881709,0.022484449097273,0.102221479504882,-0.0535883934249928,-0.143220790262048,-0.0221890224941762,0.0922529524601758,-0.0723003122305573,0.0029511655721217,0.043188146005969,0.168728240829672,0.0300102667441617
2239.in,2239,1.00000000113524,-0.2284811205712,0.0732706945514211,0.138167053084393,0.230627009013639,0.188983496326678,-0.131841070142387,-0.480971545981113,0.0502304955316485,0.10606701409207,0.430088975990598,0.388377014762258,0.383348968623667,-0.100006913904856,-0.0872568885458146,-0.249066778402585,-0.0568868006481758,0.0284475717295776,0.193038202664046,-0.201328415584716,-0.118443362523338,0.0323897953307062,0.0597520837413435,0.204250529834208,0.015647980886775,-0.122811134934757,0.0055833564926962,0.0802700740298643,-0.0803095671955762,-0.187342437881206,-0.0225083835327682,0.114977502513427,-0.0606033216130252,-0.0160213247740759,0.0634834577306375,0.211298067093994,0.0111265396378407
2242.in,2242,1.0000000012553,-0.0120588154347287,-0.05585547515406,0.246982779326365,0.126683188616549,0.180048693735933,-0.0306764862847648,-0.40559928857988,0.0025480742246105,0.209565063865287,0.441675921822305,0.398883682172661,0.294910094606549,-0.150331429411257,-0.0018919609405204,-0.138240042569095,-0.0149659288271449,0.0829497594288398,0.120242071241615,-0.221060775687517,-0.05414073507043,-0.03580380795871,0.0958106997788637,0.185273348074515,0.0518956734040528,-0.143682397625371,0.0379404565239405,0.115084139620365,-0.0422979636773415,-0.131808354934382,-0.0247155984628615,0.0806652087852972,-0.0750173047487406,0.0112704492653094,0.0605605229038741,0.204462404420429,0.0084665249940879
2248.in,2248,1.00000000117087,-0.0101239222315282,-0.0789173441862606,-0.0080705495856343,0.232487671366258,0.212079021717505,-0.0091759272559179,-0.456236652415922,-0.0001907339892628,0.223596298930286,0.258760750156376,0.254999919672714,0.291035345613378,-0.16061770288111,-0.142109619483172,-0.13398051796737,0.0044475435293489,0.113008051659023,0.138589550106271,-0.161090072821632,-0.0764213893243359,-0.0264495547536569,-0.0148212405769164,0.160197762982374,0.031689537300096,-0.0704551202909142,0.0449005323423333,0.044484052204724,-0.0359152074905812,-0.127578075140931,-0.0218324600059275,0.0850896650131576,-0.0875804731764024,0.0057186473695346,0.0492204638048915,0.121219297853197,0.0167965143220273
2250.in,2250,1.00000000098944,-0.0975459475913741,-0.0324162073195288,-0.0407134137099483,0.302499159448297,0.159183080366103,-0.0517725156446473,-0.483078422406811,0.0236802553540428,0.182160492864318,0.279871670898619,0.278959735166018,0.338091327043016,-0.149706922751108,-0.180838746224766,-0.175018799094199,0.0007071390721101,0.0828201425793821,0.170739002178109,-0.157333009001991,-0.0981336886738498,4.38898080257214e-06,-0.0220464001816777,0.17820814550312,0.0218401408998769,-0.0696618943138794,0.0331047044551283,0.028153566315784,-0.0517276393765552,-0.15462808422702,-0.0209070222737267,0.0961130900631301,-0.080735449296452,-0.0127527518252872,0.0596281852811065,0.139276998299864,0.0134149385879728
2251.in,2251,1.00000000110341,-0.22207954897113,-0.0123054791077815,-0.0622566993547942,0.310864400690945,0.13842394683257,-0.127744794021643,-0.529887508099273,0.0495195633083611,0.112634926644201,0.285721209872878,0.293245192616855,0.35765243656941,-0.10625818025635,-0.201945768419288,-0.251542064733274,0.0109802448197081,0.0523639294453977,0.177461262733809,-0.158012188333012,-0.136304210547318,0.0482962484261518,-0.0213984767991946,0.183586723598274,-0.0038094635714103,-0.0703420168484887,0.0312536122596558,0.0240442366371905,-0.0750643466108502,-0.186922181310019,-0.0213439965083372,0.099224138026585,-0.0703166649369821,-0.0212026197934662,0.0597732101551446,0.152782064261439,0.0069106022061128
2253.in,2253,1.0000000013933,-0.051155254271268,-0.17372134760485,0.0677347140664778,0.174514182782118,0.159063264361957,-0.0308687039730874,-0.468435888629922,0.0114324078450244,0.196673829959546,0.292326615375854,0.279164746013065,0.234922931352059,-0.152670729816886,-0.0987503568634327,-0.152279755964718,0.0518591861488102,0.100568276428222,0.0882356616375897,-0.185369299386234,-0.0900927238683491,-0.0117472598344007,0.0176216001502896,0.153792501572118,0.0243062989351729,-0.0887855082916005,0.0680252372284373,0.0688327229543477,-0.0435469898291742,-0.13723359013735,-0.0194933783240395,0.0584436991325543,-0.0839324420422869,-0.0006283033657988,0.0495848394185782,0.126969604419688,0.0152169965297316
2256.in,2256,1.00000000127521,-0.0888368739405087,-0.0970628592101501,0.0177319695594607,0.265914378339938,0.0790299104101059,-0.055009763003717,-0.491048147148727,0.0200491994572033,0.183635832757044,0.318581224397945,0.314128320738537,0.31373442826148,-0.144748114347318,-0.147916970552983,-0.176051903910806,0.0531688948090636,0.0852831579272515,0.139795161715909,-0.177823769260905,-0.0975900706747091,0.002425532952585,0.0123547965377503,0.186677439120523,0.0217353359192521,-0.0876077576574697,0.056547970594473,0.0538945219124178,-0.0522999344513958,-0.150866267351501,-0.0240419421293116,0.0779971222139791,-0.0812707979991729,-0.0065530590933109,0.0658759524922225,0.158858791011064,0.00281899428321
2260.in,2260,1.00000000110158,-0.0098834073197821,-0.194664299322201,0.104846678879254,0.175402904987449,0.0658089856540582,-0.0158263727962561,-0.450199358872941,-0.001178709517296,0.221099764853278,0.3449816511532,0.336631385817418,0.240884123639557,-0.160491627156429,-0.0839039068607306,-0.135349530436132,0.0944327279537855,0.110083318111477,0.0802354480302232,-0.199186540027068,-0.0759227963847798,-0.0249258465378078,0.0501852962374614,0.168972516067663,0.0333551475617067,-0.109386072496445,0.0775303108616559,0.0838433119213121,-0.0352076296963361,-0.130904955492032,-0.0234674537034591,0.0513389007246299,-0.0865437871092284,0.0052490294933901,0.0651773403537088,0.163906274012835,-0.0002246177229837
2262.in,2262,1.00000000105223,-0.0861495624708403,-0.157255504615508,0.0634434851732462,0.240715757668999,0.002533217727632,-0.0525768716661944,-0.482851442305395,0.0217622591714773,0.179505082401764,0.367740907091753,0.352718317200638,0.288337357669711,-0.147669737269699,-0.126161735707795,-0.177457497951584,0.108937953344371,0.0894505981363932,0.11347570871671,-0.198462529367343,-0.0974064861455918,-0.0005864740327022,0.0457166519877013,0.186458779423877,0.0189734103287187,-0.109407521089411,0.0685330226866574,0.0659188795399276,-0.0513356472060844,-0.151229807920563,-0.0194624629700275,0.063278014840534,-0.0827336848568351,-0.0068923679341581,0.0711049908988948,0.178577643499793,-0.004386377965774
2267.in,2267,1.00000000092256,-0.13123436884036,-0.003573347335145,0.0316427959370246,0.233156313995596,0.266607877027458,-0.0778562719228311,-0.500417284398596,0.0331041046461173,0.160280753493546,0.300657985020986,0.304837786114996,0.336401693280033,-0.131834986833865,-0.133234265765047,-0.194834626055007,-0.0545189715428577,0.0746669895650277,0.178781083470101,-0.180370647241768,-0.110848157406261,0.020184490855658,0.0164141132966567,0.173246738975053,0.0122075611049959,-0.0874807865768733,0.0246875994193318,0.0568525809387434,-0.0588667692490915,-0.161181866303463,-0.0229052087810321,0.101528884169922,-0.0772269094297445,-0.0145882409198305,0.0425388764907488,0.148611760038351,0.0238614184228895
2269.in,2269,1.00000000116845,-0.230178237668865,0.0406510948713651,-0.0071204159091764,0.284704224545185,0.224928760249311,-0.116125135567105,-0.531022136473542,0.0507084197215732,0.118593897913416,0.331412106991989,0.320942193339895,0.376091699848678,-0.10732981813233,-0.163368981298573,-0.252421127581634,-0.0399534441699379,0.0520091337096564,0.210313387357279,-0.175934098376377,-0.139888552325981,0.0442690141195528,0.0165223615266194,0.187357387307781,-0.0051749037888686,-0.0880842476962016,0.0100016271579651,0.0459792168420399,-0.0744083297596046,-0.186187884714497,-0.0218765441113717,0.117074624585198,-0.0712940357432112,-0.0243790266647934,0.0524254550289671,0.168550811436584,0.015822099689957
2270.in,2270,1.00000000130709,-0.171165352221489,0.0521483718952939,-0.0303766646206488,0.321831768632113,0.180446757473036,-0.0978142961019702,-0.513715019138959,0.0385400846377464,0.136201277723899,0.343535347771236,0.335444720108447,0.399737683424319,-0.120227258874051,-0.201768208785095,-0.222919355901884,-0.0248327161931599,0.0692393451861757,0.224350315629945,-0.174938665351272,-0.124966730541555,0.0317026981260847,0.0110014516126875,0.199862853228214,0.0019854733972638,-0.0868962068315471,0.0093252044099899,0.0344803595786499,-0.0648102996542744,-0.173569499262405,-0.0196630951705563,0.111854160583668,-0.0744139658426445,-0.0159325898118896,0.0567730383469306,0.183451295996045,0.0101544782953046
2272.in,2272,1.00000000114724,0.0002605385611781,-0.0833506308677718,0.098196916851931,0.178504058958531,0.213549534183184,-0.0211301209575545,-0.456851768954436,0.0017936650092458,0.215396946132019,0.34306759512534,0.334085798319497,0.302888757890485,-0.165598584965067,-0.0904795747037525,-0.128981980314356,-0.0062751491459107,0.111958816500842,0.142691172155285,-0.198891585535242,-0.0671920799431646,-0.0204577825261029,0.0418713520171157,0.17102822692759,0.034532548395358,-0.107833147337254,0.0413461558814042,0.0819761322146379,-0.037662606292308,-0.125175164983289,-0.0230701001209878,0.0805738575526328,-0.0887529028724225,0.0050618400532474,0.0450138548867195,0.158915000347472,0.0177399119048619
2273.in,2273,1.00000000085411,-0.136153091452457,-0.0556099350158792,0.0707642987753334,0.207843344403379,0.197760545753166,-0.0735916526497923,-0.494010907867231,0.0258930738043392,0.161055825368917,0.351857294451697,0.337608284128123,0.312427236935803,-0.128883546605684,-0.104287564589707,-0.204918401311284,0.0056593351230152,0.0766010200483703,0.151881408909844,-0.193578524798674,-0.113312797816426,0.013296102900098,0.0468266460234103,0.174609680718887,0.0102575733440536,-0.106454798368906,0.0346796760545353,0.0711360564853627,-0.0577100807418064,-0.160995995569494,-0.0215439809656256,0.0886800022428137,-0.0780908398702691,-0.0094976584092686,0.0517008431569884,0.166756586957904,0.013239418524938
2278.in,2278,1.00000000119717,-9.40988365328056e-05,-0.147158149763525,0.152784682085727,0.151883900982816,0.129585668465871,-0.0039630451288284,-0.454284659469939,0.0005217519783541,0.227495547191826,0.386539910135133,0.359404859885379,0.26633756040549,-0.164899183950159,-0.0510123329358252,-0.133333201287768,0.0573325277670726,0.116692498616603,0.109091705074356,-0.219985940610098,-0.06954897912371,-0.0315026860774283,0.0802806043817659,0.174291102102318,0.0347049748967669,-0.125241725699215,0.0612923509463427,0.0993520715145906,-0.0362310196314339,-0.122471187210201,-0.0200684528552733,0.0669438015189625,-0.0888589690004065,0.0067101090477311,0.0583255489735126,0.174071141581871,0.0077907880858281
2284.in,2284,1.00000000094459,-0.0081217368649685,0.0363959394646592,0.103743847338365,0.179681384199764,0.375919239435854,-0.0117928372448129,-0.452092444542432,0.0068142663727117,0.215386950382906,0.34477836394788,0.332217080569332,0.346663728587804,-0.162983231948615,-0.0889200092998024,-0.133332767550878,-0.102717542556462,0.110838504917838,0.199652128033103,-0.199424458779678,-0.075993342495398,-0.0213411904391266,0.0493569338832396,0.171148508986543,0.0327944100610048,-0.108628676388944,0.0045696492108053,0.0806882517704089,-0.0355140472793526,-0.12970628925732,-0.0203851725902741,0.112787991531706,-0.0855857638732279,0.0028200054883751,0.032907708536763,0.161348565993802,0.0360620020710752
2286.in,2286,1.00000000109708,-0.0943875543573087,0.0709326992596919,0.0536046912340886,0.244194246665964,0.30113462317661,-0.061937039384288,-0.489086897525045,0.0206373004471412,0.179559648892094,0.363501906468172,0.351461272936704,0.396177868267993,-0.144499582589387,-0.128368046564222,-0.182399677475861,-0.0849297040241589,0.0855904044422137,0.22715163972351,-0.194720572124656,-0.0965998122332443,0.0009955836201842,0.038253038219691,0.190918007255856,0.0193482461243908,-0.105384320782543,-0.0024987733104247,0.0646639946903662,-0.0538740768032924,-0.153958194241423,-0.0212150375069029,0.120867198657405,-0.0807925034409844,-0.0053490698339462,0.0473881388692845,0.180345770632824,0.0255610559819664
2296.in,2296,1.00000000076366,-0.0020419842119254,-0.092444920618109,0.194080631754295,0.128986726303642,0.209238591179051,-0.0155751859714029,-0.453970479756368,-0.0008860586949385,0.222454919498596,0.419965141282249,0.403155400151802,0.295248963243242,-0.161025063994971,-0.0251904938778687,-0.13340172707274,0.0050816634622746,0.113532877128866,0.136318347175901,-0.236123904317913,-0.0715121843596112,-0.0260696125961275,0.112189169095836,0.178875932167971,0.0335184477158687,-0.146113196316198,0.0431324502136323,0.115244361715144,-0.0360915396043576,-0.125844973573078,-0.0225157023060036,0.0815742460911114,-0.0879453576824512,0.0063098481070928,0.0480336250687929,0.196652248839839,0.0138382445101537
2299.in,2299,1.00000000089896,-0.0518919400843029,-0.142278462530195,-0.0325935083820091,0.207811363934718,0.285050211709669,-0.0224146389700517,-0.526500547557514,0.0122652566736834,0.20969283802937,0.22301388767662,0.243299817782686,0.265890692545039,-0.1620974502854,-0.140672521704066,-0.164219941555251,0.0090481991156071,0.122074930104563,0.140177594743003,-0.175910439309924,-0.104618174483862,0.0043469519255266,-0.0029047280678193,0.141009731666517,0.006886066899981,-0.0719588465691572,0.051213745230051,0.0486010755003759,-0.0393258865240031,-0.139766948490467,-0.0199619274056054,0.0771587438663839,-0.0962083041011888,-0.0092335362342859,0.0337768650581352,0.0959633274426067,0.026248438060972
2320.in,2320,1.00000000142833,-0.217498999110435,0.0025369246185185,-0.0539253735934207,0.295440836481125,0.238885641832603,-0.103456745073844,-0.585143918604945,0.0479420158643125,0.128995530348136,0.300034350728335,0.327131986269512,0.379770686845329,-0.124061347120315,-0.186826335846045,-0.247790214356148,-0.0204599619542791,0.0785513467105601,0.228465737291398,-0.188317762002767,-0.153411384033377,0.0555218448589577,0.0287838893662709,0.182550137525829,-0.0202764382974948,-0.0869973430334092,0.0203405398996075,0.0428831975350653,-0.0676445637333281,-0.181960296935985,-0.0189433175089275,0.134190386573813,-0.083356680593604,-0.0313787375987139,0.0415594170964038,0.160158880247535,0.0214612207016702
2324.in,2324,1.000000001234,-0.134834167769621,-0.0997555138488141,0.0360951682443213,0.21621928476729,0.21768585237156,-0.0564425711859262,-0.545557485132828,0.0296996596907937,0.172249371064521,0.333032065416575,0.343963486917829,0.305758309687681,-0.143256958690008,-0.118008669642802,-0.202846070579856,0.0234572781335867,0.100398573220274,0.170140230303453,-0.209739121167347,-0.127883602952094,0.0265320979736061,0.064779938289428,0.167789004376678,-0.0067173694606534,-0.109780503635518,0.0431337625478222,0.0727752467619942,-0.0522061693385095,-0.160558806596609,-0.0183627985288107,0.105873906921946,-0.0896669014388552,-0.0209594980319385,0.041475989485552,0.16087011124589,0.0196047232997328
2331.in,2331,1.00000000115246,-0.0592144925426711,-0.0305265862349238,0.0827901669158826,0.153646892249497,0.439100932142919,-0.0212641592197271,-0.521186381913149,0.013223459008848,0.210665984319968,0.312769424671625,0.321347693526804,0.315996613230332,-0.164327327110915,-0.078997925323672,-0.161134869504432,-0.0879911781826164,0.120004618902044,0.198907070425272,-0.21226864765216,-0.107812307172787,0.0022436297271043,0.0663997261486294,0.14991282958923,0.0062209395291604,-0.11057624858623,0.0129288303688787,0.0885240291600653,-0.0392050833776132,-0.140033896695041,-0.0199586967151447,0.107495679067333,-0.0961960191977778,-0.0124263495334299,0.0167718813764805,0.134633071562745,0.0459739924172158
2346.in,2346,1.00000000112209,-0.188005317374132,0.0088028386832049,-0.028803070302116,0.287361294818494,0.0953967284369365,-0.208072503277521,-0.512106155448949,0.04378386374699,0.112931900202002,0.275847551960721,0.306760616833008,0.42296547863147,-0.112430148761452,-0.15096885296526,-0.265265009757537,-0.0154183923936196,0.0226423853455937,0.136914657258776,-0.151802172242374,-0.0758868365709187,0.0304795371496104,-0.0954670700421199,0.206923813219464,0.0488002694954084,-0.0804903919533977,0.044687151530285,0.02481500954158,-0.0975443461423285,-0.208035349056895,-0.0346782316075019,0.0958037741655448,-0.0592358208178213,0.0044160222058796,0.0924392397207726,0.166272800695455,0.0003711451803804
2347.in,2347,1.00000000100289,-0.142038408571421,0.0431099207179954,-0.0412517025580029,0.323584732285771,0.0683382887950666,-0.177363593917794,-0.489625192385962,0.0328984709091139,0.141475738318186,0.301545461842787,0.319009754208588,0.447545059581159,-0.123913111945327,-0.176534314010569,-0.237523641189202,-0.0163927706711016,0.0344483989388149,0.159504008897481,-0.150768456015252,-0.0631680903885219,0.0105559329923795,-0.0924623216626315,0.220161432792321,0.0582593957025379,-0.0809007307340887,0.0372973896539146,0.0196066488622213,-0.087086593772157,-0.194508420497433,-0.0350863577664309,0.104680585627313,-0.0619062681206503,0.011747276081442,0.098227287742409,0.182788289034508,-0.0054844162717243
2348.in,2348,1.00000000077084,-0.0364035032989519,-0.143326372427183,0.102300355545911,0.147110229455162,0.127694145392229,-0.124053490769701,-0.451786368538176,0.0050505399839642,0.196774630078227,0.282733446912743,0.286104333422361,0.305454472230231,-0.149820157563783,-0.0438757143442155,-0.182929215821959,0.0175712372122641,0.065296944874656,0.0493779830614909,-0.178278294065308,-0.033061078265474,-0.0275175716232031,-0.0598638069410132,0.17862784965708,0.0768626145670853,-0.098333458833122,0.0790910733764093,0.0713132457642131,-0.0681799504746438,-0.160616703588036,-0.0351389706339002,0.0610163006375531,-0.0701701931654053,0.0283897333670528,0.0840887902807084,0.139088046371969,0.0033385095751099
2353.in,2353,1.00000000088291,-0.134461268970473,-0.0259061474533676,0.0112056509518772,0.292569828753932,-0.0073478436095066,-0.177981563068239,-0.486735903257117,0.0289613149076287,0.142137716974304,0.344116145233572,0.354360339975185,0.417791860534377,-0.120729854111017,-0.1515904128563,-0.23863436717461,0.0387604321571158,0.0400684058409067,0.124507276963707,-0.17131260426708,-0.0630257617456968,0.0108452253976844,-0.0596702125136429,0.224192150959862,0.0589631506462381,-0.0996314749449037,0.057831118731184,0.0390909565913273,-0.0853282864465108,-0.191614303004246,-0.0334946411315502,0.0849378995660161,-0.0630704148638845,0.0147126772906981,0.101816910800371,0.20416947624991,-0.015776597219019
2355.in,2355,1.00000000087785,0.0251873665680433,-0.170665960781969,0.140123363244831,0.145795475471824,0.0259496824047735,-0.100490415533408,-0.432986407215363,-0.0052696718265732,0.220890137573411,0.343108765628828,0.347340614585323,0.309428487902159,-0.160536576486775,-0.0303855388863858,-0.155180427901976,0.0698967911324327,0.0834246199406779,0.0395434009516187,-0.194496763470087,-0.0123276703172869,-0.0461257212738702,-0.0229622315815691,0.193185802064559,0.0867213210344174,-0.120716549982242,0.0905681950005313,0.0826665355608351,-0.0597233404385711,-0.148864115617548,-0.0341253381391222,0.0545929592906701,-0.0738136797813428,0.0370392810699067,0.0981536066960253,0.179923955039898,-0.0086339702231164
2366.in,2366,1.0000000015694,-0.0246463857932729,-0.0871687138631,0.156831172259397,0.113235896953782,0.204388805728889,-0.127384610642043,-0.448342455213428,0.00421665072119,0.19284736001548,0.32721197960691,0.331055438312902,0.333587416808461,-0.150158516921123,-0.0181949935060626,-0.178398281006395,-0.0274750981616715,0.0699552471321862,0.0783479181609122,-0.198192028525618,-0.0287073561275592,-0.0263705550145989,-0.0233335163138882,0.180631904670378,0.0768854053729529,-0.118561273815796,0.0592705804279747,0.0920800552997278,-0.0672197148516737,-0.160490666921977,-0.03334529473403,0.0765247907307613,-0.0713098928187657,0.0291607536167564,0.0745978274696344,0.163102940744089,0.0144028465065142
2369.in,2369,1.00000000101692,-0.0532767967615533,-0.0091562152585567,0.102092802552394,0.200384987574179,0.128633720262596,-0.145775562688221,-0.466018767737784,0.0120393409689803,0.182007683122432,0.358793922640902,0.368119553504483,0.409299547699952,-0.141425347448354,-0.0736011985856208,-0.197882639249749,-0.0233596853437911,0.0594168800772678,0.127991956741228,-0.189798476974603,-0.0361322695266446,-0.0157017309172032,-0.0275415484136737,0.210283949618393,0.0730705950827496,-0.119712445421285,0.045728862835472,0.0721384967338115,-0.0699219395979213,-0.171284387679514,-0.0361533565812018,0.0924020911221109,-0.0675215890571746,0.0270613124274492,0.0901738816395823,0.201258750292518,-0.000181152672977
2371.in,2371,1.00000000121656,-0.139616673065724,0.0339076996464263,0.0638539380637436,0.263191406721075,0.071068173004096,-0.191355011648271,-0.492305201947538,0.029658444123114,0.138271440947853,0.385329933605473,0.391557691138193,0.455542708170235,-0.120324494548886,-0.11348128675812,-0.242112475415116,-0.0137647399064682,0.0357238656188362,0.159342230863012,-0.190134922856711,-0.0583528627298131,0.0144151076708353,-0.0322820251758277,0.227025054578089,0.0589534187361119,-0.120010171751514,0.0350864815756766,0.0582015147079859,-0.0883481308451222,-0.195314225801626,-0.0361055312145864,0.100987370646196,-0.0622250007600545,0.0135597609299659,0.100845568479179,0.223343575410701,-0.0094154591422327
2376.in,2376,1.00000000108878,-0.194792688431054,-0.0562228770463707,0.130687615764876,0.19757396728613,0.0128212051370647,-0.208456234598374,-0.508714620289087,0.0392568298054848,0.117513231809484,0.411831933053741,0.407893619927151,0.392729297044876,-0.103187451264312,-0.0573555971658921,-0.274342970166677,0.0439744476184578,0.0227354764566576,0.107751317153515,-0.207476611425616,-0.0769427265903739,0.026913104729246,0.007775505447591,0.220242698693429,0.0461173646963529,-0.135686760603709,0.0605515768170828,0.0828511343112159,-0.0962152215639055,-0.203341407775575,-0.0359809658566415,0.0803195103159336,-0.0581618010944082,0.0083561171861976,0.102567269523503,0.225938641448411,-0.0155186689112993
2380.in,2380,1.00000000154056,-0.103235949505516,0.062376038933751,0.12413536685487,0.16640496315608,0.299436649013474,-0.161322679280033,-0.474914885840965,0.0207416222506961,0.161697397798507,0.34912883501446,0.344610243536683,0.421878489749568,-0.128956083922937,-0.0528998744833232,-0.220786884770063,-0.111997959160719,0.0492988520233901,0.158403523217337,-0.194914653521612,-0.0509477349731358,-0.001419952697502,-0.0290887755414986,0.197325801819428,0.0635594911245746,-0.116568808322782,0.0173801543007745,0.0803606048650891,-0.0809196846348003,-0.182602632047831,-0.0352618852679697,0.110387377689016,-0.0657449684447894,0.0201798684355966,0.0713693874476063,0.18268817337593,0.0195054192733555
2384.in,2384,1.00000000092334,-0.0187265449441974,-0.0293149451568511,0.20253131741841,0.0952607116863319,0.282269217707739,-0.12647936611297,-0.44654878988538,0.0009930074706498,0.198312406977149,0.366728209757146,0.37036731790091,0.359007159311053,-0.149395457746037,0.013071793700151,-0.176695115595202,-0.0773769462729238,0.0687411914009816,0.10236938828194,-0.210791970408969,-0.027003038300827,-0.0296011107318036,0.0048727971962713,0.188161258938391,0.0802088994336044,-0.137199539220919,0.0420879918091227,0.108251509640868,-0.0658092892879116,-0.162749052537865,-0.0365133610806377,0.0885978004042809,-0.0710004285534548,0.0301910449655297,0.070018119669109,0.187146571575839,0.0203839767491443
2386.in,2386,1.00000000120632,-0.106682407922892,0.0060578267697372,0.178398709087319,0.145472807281972,0.220359174884836,-0.170736967705663,-0.484960357486113,0.0260791919276719,0.154876718450342,0.386709999564762,0.389905535437306,0.403684877541785,-0.133211275598134,-0.0185493699166936,-0.221547764946201,-0.0697111491238204,0.0432454010381528,0.134722267313143,-0.214032727553253,-0.0486557683719038,0.0026779848595207,0.0037283438058533,0.206182233299225,0.0651274034102218,-0.138633833179261,0.0365193340739187,0.0969067845451786,-0.083699431424775,-0.185106934117471,-0.0352199823735081,0.0953152541775588,-0.0645868180526577,0.0163201746887074,0.0795781782095682,0.202453810714196,0.0142122783230729
2393.in,2393,1.00000000105059,-0.0526871438416768,-0.0246397573558003,0.193735922176962,0.157274073049065,0.114007320972151,-0.142803527769437,-0.45902690670064,0.0106848728027228,0.181934819264295,0.439247056752073,0.440113481368445,0.402304501514853,-0.139456491866268,-0.02131960046128,-0.195737511645523,-0.0136429536051332,0.06067441316702,0.125793218995027,-0.227647321078437,-0.0380807212860423,-0.0168547888674742,0.0379624096527263,0.220866131838605,0.071882964407194,-0.152953845557212,0.0474398583872874,0.103395371327352,-0.0714191961068148,-0.16885140130381,-0.0353620355070103,0.0882500760297872,-0.0684929117621243,0.0251466100615421,0.0904263604649761,0.240754839838408,-0.0027064274963994
2406.in,2406,1.0000000007661,-0.184506833198148,-0.0917206527481986,-0.0191828676399746,0.263330897373152,0.0507872951462058,-0.184573394268226,-0.559552318184152,0.0402945577661291,0.129571533302548,0.31240024310465,0.336547244853139,0.386535475704257,-0.121185740528159,-0.136720975057525,-0.267754808818153,0.0544261414588681,0.0539304895712526,0.12728317290321,-0.185333177206301,-0.0981594192369924,0.0363125673167965,-0.0373411259761755,0.202567912353171,0.0315150911685798,-0.0994192772339002,0.0649186547985625,0.0463722251744346,-0.0881694260035897,-0.203022045547837,-0.0290655518497494,0.0822259893759137,-0.0711359701896312,0.0006457067109005,0.0949773953666096,0.176777753446873,-0.0057996369421355
2415.in,2415,1.0000000007937,0.0202816706142259,-0.0437148577606337,0.031169292275057,0.192273525379021,0.277535033300263,-0.0804250849870083,-0.483417952344417,-0.0035678513949921,0.234018365143343,0.279106262652355,0.306887680507979,0.37721762939775,-0.175107855240612,-0.0929438453133018,-0.156355670149795,-0.0514788079219306,0.107421510694541,0.141811927407032,-0.185853492681738,-0.0378816991228946,-0.0321354814595221,-0.0420192430273603,0.179320980375845,0.0651944815614646,-0.101506250197067,0.0421698671718702,0.0616244316840462,-0.0531579038091966,-0.149032902143407,-0.0334199372857195,0.0938147539611821,-0.0880497431032539,0.0251058431908995,0.063467192202954,0.147056072423657,0.0198433717290693
2418.in,2418,1.0000000014415,-0.178934598410128,0.0266603204909373,-0.0266656311108594,0.271680577067599,0.196136194982621,-0.191614248442753,-0.561455419534804,0.0403436258067038,0.126832202349288,0.304646511300587,0.333990413314311,0.445002943274325,-0.115419056256908,-0.143956331980409,-0.270722069303909,-0.0473287255177179,0.0462435250820841,0.188105584158116,-0.18222127120234,-0.0963094518199205,0.0430657158229001,-0.0440045655891184,0.205481638766754,0.0283321772949098,-0.0963966029092938,0.0279326047542618,0.0454854139017521,-0.0905150164592631,-0.201237338883421,-0.0334479436622207,0.110638102872995,-0.0696439884451136,-0.0001797698596317,0.075035065224427,0.177808594696347,0.0051998793219859
2444.in,2444,1.00000000106811,-0.0225984776455443,-0.121059251240047,0.214425715299421,0.0656091704356292,0.232492912364279,-0.108066499697985,-0.499839486868399,0.0035077781990814,0.212251970604508,0.39369486395717,0.405740833500184,0.336846753949052,-0.160131601824449,0.0237752122135896,-0.1802826666536,-0.0093111620302296,0.0978443450189113,0.10189186593537,-0.247561189219724,-0.0473986324261979,-0.0188951946889301,0.0593305563055716,0.183444485282799,0.0590967971450801,-0.158428665481057,0.0619130961596481,0.129581683780823,-0.0608140341786286,-0.15866803698364,-0.0326881315576264,0.075996957904415,-0.084567395867568,0.0253695523771815,0.0702005606941835,0.193895478997167,0.0142641568113695
2450.in,2450,1.00000000114888,-0.0895928179461247,-0.108725609211735,-0.0733166859681769,0.241695085581005,0.212117350096979,-0.120608256863863,-0.573292799986608,0.0224082815653068,0.183248782069527,0.230625789210357,0.282018857261282,0.36794047196259,-0.157111262026172,-0.15423488286805,-0.217311201775393,0.0083266880351132,0.100752262093,0.151406633672097,-0.182815276608711,-0.0906628293607558,0.0154147185936445,-0.0522217631297931,0.177066411980138,0.0280945447735048,-0.0839435655891064,0.0579609437741728,0.0405875471034594,-0.0673440678593714,-0.17672935030741,-0.0261617618112275,0.0867524429680388,-0.0884285568740672,0.0043771418817777,0.064884734643542,0.131354465584374,0.0166456706878967
2451.in,2451,1.00000000118113,-0.0501539912384299,-0.0762798622852387,-0.0868189445483866,0.275740666587733,0.183820940617302,-0.095767755870466,-0.56120620797513,0.0112093925538712,0.208699743439891,0.243890158888222,0.297426105772873,0.397017302937813,-0.169011060916512,-0.177613854803806,-0.190275492599767,0.0107833011384765,0.11177426279327,0.171276138296767,-0.180499553621904,-0.0772432461787523,0.0022870857696676,-0.051309975213296,0.187657724850558,0.0352542177644644,-0.0827020017286372,0.0537992196240093,0.0334280051664766,-0.0598223063870072,-0.161740704159221,-0.0286180441161194,0.0934449555674638,-0.0936739860420885,0.0069104350635163,0.0678642786406088,0.142611697302194,0.0108323504040172
2452.in,2452,1.00000000120568,-0.177820317306074,-0.0736437380887177,-0.100899617476026,0.296861797523068,0.158685207323083,-0.175905518794847,-0.610245579065445,0.0439958779700233,0.135024246567823,0.245140362820053,0.307094191811072,0.412465735845996,-0.134861204612484,-0.193681848049544,-0.263750751978107,0.0155089925808553,0.0742051871759476,0.176547600593649,-0.179412230616604,-0.110566221873255,0.0497592993547488,-0.0595069395947241,0.193686055930008,0.0144012261649327,-0.0840672510051239,0.0511602949407159,0.0294504463775458,-0.0846352275461036,-0.202131625334485,-0.0296166276803038,0.0931930498024868,-0.0823802669777431,-0.0087176459016448,0.0726829742311413,0.149270163457182,0.009206962811329
2453.in,2453,1.00000000098418,-0.140861460550343,-0.0471952414728601,-0.115071199557282,0.328690816428462,0.11684949999162,-0.144667477775355,-0.589711424865223,0.0300392592394838,0.164199935892965,0.2711849873427,0.321441697705957,0.435561912803006,-0.145682382561032,-0.209524463894276,-0.241209547327561,0.0278765816554883,0.0868624270329021,0.19426974359855,-0.180245167171911,-0.101514708357204,0.0315949789091087,-0.0547454929511441,0.204185671981487,0.0215963231481134,-0.0843093444486213,0.0477506524716564,0.0240346714075919,-0.0753263594690001,-0.189333824489595,-0.0299876216126798,0.101347634132907,-0.0872322350533917,-0.00623317568907,0.0806729252538702,0.166336997923731,0.0020289770444835
2460.in,2460,1.00000000120689,-0.0161526076360503,-0.27923515067508,0.0682494718850749,0.13214060592281,0.122121927645474,-0.0912098383172708,-0.557895133994252,0.0089579549605134,0.223182892625211,0.28453834338398,0.332455051352822,0.28032837534303,-0.182494241354671,-0.0471210858670633,-0.17948373684029,0.0977838292290446,0.120535232766441,0.0639964793067514,-0.221268279017162,-0.0658490236145178,-0.0060326725029413,0.0103504199424926,0.167577702810939,0.0443280759078755,-0.123256474837908,0.104698135170191,0.0896345070564937,-0.0562668860801344,-0.160129031484593,-0.0298539101736223,0.0465614565458576,-0.0964201080236439,0.0106991456666964,0.0747935546163732,0.140675123564995,0.0071958555519604
2465.in,2465,1.00000000093737,-0.0233388173286334,-0.107123560107274,0.0216882688592753,0.149045876446874,0.347031586308199,-0.0889320692881976,-0.549635865862778,0.0029539733402855,0.23183759818463,0.251743113896011,0.295434601789217,0.355670381681815,-0.172708976612761,-0.0716390042331133,-0.181820095654483,-0.048046196888165,0.12009716050965,0.144677528155969,-0.201495970080054,-0.0673177962885798,-0.008139962580624,-0.0192302843420068,0.159726794008917,0.0439684461734855,-0.105953622778929,0.0498927900620053,0.0730554113638378,-0.0541885463725719,-0.156554099772649,-0.0328602459232942,0.0945892844843023,-0.097924159525684,0.0120221211212315,0.0503660630902557,0.124816535316356,0.0265527205497781
2466.in,2466,1.00000000075515,0.0288146227291485,-0.0726306077170779,0.0065525371576546,0.19849021982206,0.308979727792063,-0.0590678650723307,-0.535380718673423,-0.0012080397532954,0.244779106046836,0.255793840136978,0.312393541628387,0.378684188286073,-0.192689449140001,-0.104485177184007,-0.146231649575524,-0.0508690153326336,0.128951067432708,0.16736726410356,-0.200047548808585,-0.0539007482212056,-0.0213821778838378,-0.0204321488969379,0.176152314971592,0.0507783331787583,-0.101383699042241,0.0463655301786093,0.0658480352680343,-0.046623291917104,-0.143825408519259,-0.0292846696738966,0.0955114534749167,-0.0989317569826986,0.0149210482944773,0.0528841212369907,0.137096937837463,0.0292120850772015
2471.in,2471,1.00000000137266,-0.0221008825539464,-0.160699529074031,0.0674925058066196,0.133757540377552,0.266030142980461,-0.0834321935529157,-0.549984117583446,-0.0005091858140073,0.230907895392893,0.291381582567399,0.324941890361159,0.323789319459697,-0.173372864732534,-0.0537052898254118,-0.177935428014,0.0057638651819963,0.120949841669276,0.115763941736176,-0.220829713450021,-0.0680418824503724,-0.0116158383340566,0.0116128245432447,0.168538754697365,0.0416632527609067,-0.119016684110809,0.0713035352286885,0.0907963502377669,-0.0534211328993131,-0.156105208835515,-0.0307346074986861,0.0759443280464363,-0.0963502976165697,0.0145299437418657,0.0572863726086847,0.147337589198829,0.0174900083880876
2476.in,2476,1.00000000117498,-0.0137690349653231,-0.215717163390786,0.111861455524273,0.101319949226006,0.187480887421157,-0.0861579418474937,-0.548879791458982,0.0006990113927931,0.227543356135293,0.32750909134237,0.373866622576386,0.30379782159155,-0.17391841171087,-0.0236093911810246,-0.180245361550568,0.0595523763223511,0.123692086127494,0.0896474205196221,-0.237369545334191,-0.0659837125632668,-0.0093127013424749,0.0460334079570027,0.169896204122838,0.0397748039069059,-0.140327922973039,0.0852115456425176,0.106492744063783,-0.053304544869976,-0.154241078462515,-0.0299716948210791,0.0804044239771071,-0.0962397656545789,0.0167874737006728,0.0606449349298706,0.166180110190093,0.0119377019891615
2479.in,2479,1.00000000128469,-0.0059183777981429,-0.0417872825429563,0.0719711946854987,0.129965831243309,0.42509143604567,-0.0846072356792148,-0.543051499237204,0.0015716006493687,0.231276419420201,0.29211394834162,0.331489623346563,0.376561446614611,-0.174379702529121,-0.053563548788136,-0.178333786933161,-0.0932761818906448,0.118867216526338,0.173309129210346,-0.21960339690866,-0.0665106856907355,-0.0079728869897866,0.0094911909413325,0.169113598099804,0.0427005762810431,-0.121366435516929,0.0305289935717685,0.0910187588715832,-0.0529031135057858,-0.155954458724408,-0.0315226030459884,0.103001913491936,-0.0963441817489069,0.0172098780861572,0.0426685974114087,0.147274292984629,0.0346159535904639
2481.in,2481,1.00000000151441,-0.106733534584373,-0.0038096455581262,0.0264940463214154,0.182597376757398,0.365844325554245,-0.140736282303541,-0.58582034632857,0.0214005631729398,0.179476628103208,0.30127105719727,0.358113431587406,0.424051166483515,-0.149569060026147,-0.0932581936786647,-0.229743074232274,-0.0804402295475538,0.0971853461388799,0.202833878432471,-0.216695850748544,-0.0917920489929783,0.0268451880445219,0.0071078356351942,0.1830840939264,0.0240287998002487,-0.120880996598758,0.0255772130048243,0.0778158671529423,-0.0703711927157548,-0.18092194513044,-0.0324406961648638,0.132466485478865,-0.0901259582392026,0.0030096549032889,0.0451030613983673,0.167201418714257,0.0291517730757163
2484.in,2484,1.00000000126399,-0.0141446417207592,-0.104997139036167,0.123201852709518,0.0944857713836773,0.334723522152573,-0.0909679474019216,-0.554912276977874,0.0009182691015856,0.222475182816178,0.324501295613934,0.370566877050171,0.354103034154974,-0.174241629057089,-0.0150224867188076,-0.180426833040673,-0.0411793552721168,0.118552716885582,0.14431536946275,-0.239744935000116,-0.0647150921357807,-0.0065136199050496,0.0432419034468121,0.170784352570502,0.0409857702428954,-0.140362007741905,0.0530268394139258,0.110086910775902,-0.0541114777035474,-0.157428501706604,-0.0302128941196324,0.11000587593137,-0.095176554543841,0.0130981603713231,0.0475679739609277,0.163714822190335,0.0283540408959338
2490.in,2490,1.00000000126847,0.0345527796852576,-0.16916367886151,-0.098460215607311,0.229880899193678,0.27523100150879,-0.0472860097634845,-0.573873958820512,-0.0126073021921081,0.266402252187572,0.21564446973191,0.279469882496405,0.347522489351637,-0.196462711358421,-0.159269444824118,-0.150346687204032,0.0200172942243533,0.157494321192155,0.153988192382765,-0.190391333050672,-0.0689328821055146,-0.0164426623441116,-0.0372999744785292,0.160160928602389,0.0341965577589361,-0.086682421489668,0.0613988607245016,0.0481922500271978,-0.0370958315260894,-0.138372255108119,-0.0288429834572985,0.0820637070493742,-0.109717172540552,0.0112740551846209,0.0504201962870372,0.12072966921259,0.0184805206475716
2498.in,2498,1.00000000101758,-0.0563666250649616,-0.18485900647409,-0.0718192099179376,0.25724885351298,0.141685387623449,-0.0920958172414203,-0.615195046158305,0.0127760338287731,0.215672993148892,0.267917811832772,0.341183907507965,0.361804176166628,-0.175104826697007,-0.169831014006142,-0.197518042246366,0.0732360409643778,0.133176967373668,0.160172168564053,-0.209773425570114,-0.0997076069226147,0.0214908124619938,-0.0030855907151758,0.183289652857674,0.0149680804285088,-0.104085976471966,0.0786177075011148,0.0570591258211778,-0.0537730461342107,-0.166214348130581,-0.0296822622850568,0.0748032292342324,-0.104419575343787,-0.0049187774539618,0.0667220529078141,0.160826748092213,0.0051991208845431
2500.in,2500,1.00000000107518,-0.0186501093428428,-0.305272482176378,0.0274581992080743,0.139933260710096,0.149083599569623,-0.0692156878854332,-0.596240967174593,0.0064853377884394,0.233547346617606,0.273549928273141,0.337957264694318,0.270235131801166,-0.186195494955956,-0.0735856210909482,-0.18041278747594,0.11687740428141,0.143668431649415,0.0842023607921881,-0.231871791037261,-0.0889145210143336,0.004638138628578,0.0333070900195047,0.157909579093304,0.0220308436545932,-0.122217763882147,0.104623437594008,0.0894370784238744,-0.0477306798432512,-0.154663888206471,-0.0251970632247008,0.0444378680410061,-0.106664286496446,0.0035136691391303,0.0613270758163898,0.137746208092861,0.0129674271817971
2518.in,2518,1.00000000127286,-0.245995021351233,0.0612217235135829,0.105453911102981,0.33927835713715,0.149037535990829,0.0236553708336074,-0.254549023687424,0.0532918068284126,0.117551920978243,0.400885327037651,0.241836901072749,0.16338179241665,-0.0777494460352953,-0.149196118607274,-0.185708294175188,-0.0480327101015472,-0.0265950035958302,0.0867817744376943,-0.0948721419722566,-0.145874988178705,-0.0310033212746918,0.0228575632569841,0.182077796738293,0.0260213883196779,-0.0467535164169813,-0.0054494505975775,0.0146228136286829,-0.0588433617518576,-0.159396237012928,-0.0103298999528429,0.0970530130645647,-0.0374509983199268,-0.0253439524677296,0.0419866784189058,0.147363947863763,0.0171400783602846
2521.in,2521,1.0000000011176,-0.273201391438661,0.134441677430481,0.0527192958171655,0.432457133667551,0.0599468142563694,0.0062925746972754,-0.261410712543455,0.0628714528214228,0.104177423559447,0.436103244330813,0.275392622187606,0.226022765412648,-0.0741103941361914,-0.214375294656702,-0.197728983781265,-0.0435026145015201,-0.0335348085430365,0.130417418448318,-0.0904210805691855,-0.149161760311902,-0.0219731673152573,0.0143102663588316,0.213421853737269,0.0271760369711446,-0.0442229297318671,-0.0168768649804381,-0.0060309726236108,-0.0655684315852215,-0.171358737407628,-0.0104426982640187,0.108926050224984,-0.0349603632854299,-0.0323160974725673,0.0566692854593772,0.183136620572545,0.0046958475438416
2528.in,2528,1.00000000133639,-0.169381463088038,-0.0889358036100588,0.239879741171275,0.240580270707711,0.0368950507754237,0.07898012110881,-0.222713071755786,0.0370517330067505,0.166937969381247,0.464934786539863,0.281687869996134,0.0598040502122566,-0.104034415136905,-0.0478378181876727,-0.141394211303349,0.0444270821978638,-0.0077397472164936,-0.005769521884668,-0.12663230524613,-0.122790216302618,-0.0694309318575783,0.0858624597779289,0.177945845746245,0.0452138930868711,-0.0779903841766994,0.0405988319725364,0.0595507320162127,-0.0421385799060957,-0.140988140386794,-0.0104078377384466,0.0563722450847165,-0.0451726298816534,-0.0193163616804246,0.056610068360623,0.161911813504918,0.0088577191770584
2529.in,2529,1.0000000011901,-0.125096542981138,-0.0582581754913196,0.215652886819115,0.272094261879081,0.0148169895462722,0.0890229501104247,-0.217442734457213,0.0298651466555755,0.186132988413886,0.468556199106126,0.295861659034084,0.0971180025955209,-0.114735834502355,-0.0719623762496161,-0.113198221069075,0.0363608838770244,0.0069782016113192,0.0185449563671395,-0.13020165405935,-0.108567582580267,-0.0817509849043059,0.0822137161061436,0.187167321756147,0.0523348926194211,-0.0794584505867875,0.0362982267594781,0.0539680448866307,-0.0365985656115617,-0.126365374262213,-0.0094654468994092,0.0640154620831997,-0.0502357249112364,-0.0105150591431424,0.0576180974505517,0.171341341884275,0.0029845973253039
2530.in,2530,1.00000000107572,-0.253736766128214,-0.0504960057042996,0.218183477012873,0.290472039647282,-0.0070067253995918,0.0246572427743492,-0.254280006546923,0.0524436923818931,0.117132257645533,0.490988870580597,0.308496427762584,0.10654899547855,-0.0765422479343061,-0.0918556798162467,-0.187423616489032,0.0468782574905649,-0.0290916352174495,0.0285459342292488,-0.128216356232144,-0.146123214032591,-0.0356693120760917,0.0840581682644057,0.194359942062862,0.0278461641089784,-0.0793612635816568,0.031920140221376,0.0514209518279447,-0.059096627246072,-0.162252717498237,-0.0112530018653852,0.06439124760415,-0.038530565262253,-0.0280639373400445,0.0601016871001025,0.186348092805009,-0.0018761062319223
2533.in,2533,1.00000000121433,-0.278383204346286,0.0187884922774425,0.16208808551225,0.373855278552097,-0.106313575875305,0.0184057159409355,-0.267677402284709,0.0595248056049413,0.10551981039537,0.525937907753452,0.343265186492469,0.171657016429975,-0.0712468396586687,-0.149274803685514,-0.201170455553066,0.0637557753190682,-0.0367444551488796,0.0731369400845156,-0.127200709921933,-0.15577808564557,-0.027292671110801,0.0863093699920717,0.22335033533948,0.0237393763149342,-0.078357131195264,0.0224032257311751,0.0352716012259324,-0.0633109231961635,-0.17030603663697,-0.0090530818245993,0.08289101863172,-0.0344341355752396,-0.030476222592852,0.0755655846146452,0.222098345899981,-0.015898372734044
2534.in,2534,1.00000000126102,-0.169482664035101,0.0611302383027395,0.180629168912971,0.266575447606004,0.269478038996371,0.0778381365660386,-0.221126020477468,0.0395757671143469,0.15780559453552,0.420018936736543,0.246587739816234,0.136423588264149,-0.103562259040146,-0.0841755041290954,-0.138959543856896,-0.103691634236125,-0.0072445706984348,0.0801969452033108,-0.107975504122542,-0.122071578016187,-0.066975592372321,0.0540866762314906,0.173010310987677,0.0439293307900098,-0.0633227082722249,-0.0123475445765652,0.0400673254146855,-0.0446646124235323,-0.139863884595551,-0.008053319898123,0.0987526432720296,-0.0439600428325841,-0.0197770453302471,0.0307676349030472,0.143920700447857,0.0311605390539447
2535.in,2535,1.00000000123248,-0.122876535518579,0.108948833519997,0.168063397326687,0.299411539548596,0.238991148172423,0.0933612655821263,-0.207661042613181,0.0250411180017374,0.182917890293236,0.437829968726024,0.261427951440911,0.172505129286,-0.111353304595831,-0.107627284619363,-0.118551354778223,-0.101407435852137,0.0060319364991309,0.10346228063954,-0.108950402086134,-0.109350760521285,-0.08031134719578,0.0493632334218518,0.182689215523318,0.0509911250885446,-0.0612415187041122,-0.0216510492834112,0.0349444010320172,-0.0343769527036296,-0.128971262191037,-0.010800215228522,0.108941381349692,-0.0476970419005119,-0.0124694184555914,0.0363572732372155,0.158777988620235,0.0258119675419773
2536.in,2536,1.00000000144274,-0.238564503919541,0.119789759005944,0.158442474944876,0.316012627780195,0.213056391560556,0.0314769025520726,-0.251075741689248,0.0510961478245237,0.12513904018575,0.442574361040958,0.272962713370315,0.185799890823192,-0.0824088800206667,-0.117917156138869,-0.17959122072887,-0.0966170939666413,-0.0258432571394049,0.110599666688011,-0.110562449256832,-0.140030596728682,-0.0381186748333988,0.050734766233041,0.190746063020184,0.0307371204162776,-0.0625357263158482,-0.0208841993518436,0.0319115708356872,-0.0579784456339067,-0.158704621289831,-0.0112694792898353,0.109220708235392,-0.0386704057851364,-0.0269850698914387,0.0373300969085489,0.167340098109688,0.0231763773324186
2540.in,2540,1.00000000129995,-0.152457290847249,0.0344520570513938,0.241458817672256,0.236877231546816,0.197406839777241,0.0714368427064093,-0.221131178578745,0.0342940945710977,0.160522561624767,0.46539853453941,0.290805294018841,0.125095813754461,-0.104419135934134,-0.0546393180654953,-0.135495020950918,-0.0591390677858604,-0.0025329417878283,0.0564621760185887,-0.131265322714865,-0.116213681107399,-0.0685687108244485,0.0831813991305765,0.178367579234175,0.0458278196629486,-0.0806872940586319,0.0005804104763132,0.0608432269994419,-0.0434124001276906,-0.137902126782006,-0.0090217010747171,0.0868191083762835,-0.0430048382068537,-0.014309356405381,0.0388956930994103,0.168347304097306,0.0258069230319979
2541.in,2541,1.00000000113118,-0.119171788871362,0.0536361810301615,0.222397355755531,0.276822682603104,0.164737077873926,0.106424536433997,-0.211912067474107,0.0260750713468488,0.19134591905322,0.473654970572039,0.290118015730381,0.150022858791933,-0.119530754744045,-0.0681441390464898,-0.112325043425438,-0.0617925772346032,0.0067247635587037,0.0816217898876956,-0.127529618529981,-0.104678474743528,-0.0870586078756958,0.0862087382763563,0.18973088656751,0.0531819266260113,-0.0788097183476565,-0.0043116390416742,0.0542895852066353,-0.0330330585909217,-0.123417761658388,-0.0093556922593006,0.0961982292514217,-0.0486900385988978,-0.012161568871805,0.0438776721508097,0.173359187828687,0.0170902138624699
2544.in,2544,1.00000000073001,-0.32615808184899,0.0965999222313169,0.178666399196282,0.346148677739538,0.0848974572154968,-0.0159697192272569,-0.28622620650483,0.0723859896071802,0.0808930826096173,0.510152833056563,0.321240947755363,0.201989446324343,-0.0590850109209115,-0.132782775877405,-0.227655703580726,-0.0364012568196899,-0.0498374104628386,0.11190349988952,-0.127780443330879,-0.163855753360011,-0.0078039508324243,0.0763183347174218,0.213689957787149,0.0166330517108059,-0.0765837577357481,-0.0091741139168567,0.0390487047507238,-0.0738493241706947,-0.181226763304875,-0.0090459786718128,0.102217628540612,-0.0314115464434526,-0.0374107727807609,0.0536011779003508,0.202559272537056,0.0073785072600742
2546.in,2546,1.00000000111002,-0.156646007415898,-0.0456942927735611,0.300105969332705,0.212994929636011,0.112482967466538,0.0765038373661367,-0.227366044970357,0.0348806728958383,0.159320262809985,0.505065149388956,0.323391764594319,0.0880727021428205,-0.103129421817627,-0.0298667262323782,-0.134586700784687,-0.00744167651783,-0.0036235060294641,0.0270809989224295,-0.150423306519867,-0.12215428378557,-0.0638389058623101,0.118697154689916,0.182644558785379,0.0424081036245072,-0.0954361365417829,0.0239527438019336,0.0824290999843652,-0.0428036806631183,-0.138883199902353,-0.0084191590832105,0.0665018022214847,-0.0424840744822117,-0.0169675616798197,0.0454683598388249,0.186135614502298,0.0151359093917065
2548.in,2548,1.00000000081975,-0.241318025515587,0.005638082960834,0.268964170904654,0.264574417065697,0.0635697145858394,0.0352601641225256,-0.250650409988974,0.0567211164716338,0.122186788112619,0.524329701801851,0.344517962519237,0.133408930843271,-0.0849717738957742,-0.0549243796216398,-0.173757063209332,-0.0014249740215535,-0.0301894300718827,0.056603628064373,-0.145922458438962,-0.141271493280192,-0.0410646284224279,0.117923379589738,0.20265629169013,0.0322549277249258,-0.0985866483415908,0.0155518479375242,0.0693133344798534,-0.0590051157579466,-0.157462070819952,-0.0082784107118841,0.0788793566546565,-0.0369725974527344,-0.0289890198006998,0.0550475448604425,0.205594646839869,0.0085308293897083
2549.in,2549,1.0000000012803,-0.193723921526087,0.0425558071959869,0.247819948209167,0.296055629006113,0.0533617470441331,0.0494857268507065,-0.234626870686132,0.0440225332209718,0.140625996717953,0.546835712560108,0.364018467713229,0.163962235078633,-0.0904022414535251,-0.0865824313238175,-0.15754885872246,-0.007304567801536,-0.0164830277483175,0.0810491245764015,-0.148036109659985,-0.131778197685149,-0.052533775392015,0.119924831584336,0.211592931566126,0.0370435444875574,-0.0983243790485424,0.004337838782439,0.0644222429467873,-0.0491980217750464,-0.151809095331845,-0.0107555495584463,0.0882621500766215,-0.0403512725627583,-0.0207741568468545,0.0559594116567174,0.224164176938999,0.002509501284717
2556.in,2556,1.00000000074648,-0.320708950376484,0.219366384125034,0.17861648693017,0.34285372382212,0.241224201523245,-0.0105616231830617,-0.27676223737679,0.0728380755326092,0.0801339648077164,0.510674369165792,0.329463250925473,0.253282538967376,-0.0589213575249077,-0.130971792138541,-0.226955981938341,-0.13579900406808,-0.0464833374779804,0.170189385039693,-0.125719966800292,-0.163698029735584,-0.0097503932056953,0.0831035796324375,0.210349097588121,0.0157942461254762,-0.0801937649236099,-0.049772983369202,0.0398496991040374,-0.0702886667125204,-0.180466775885603,-0.010450971097731,0.132353355238938,-0.032058645687199,-0.0369340158083662,0.0371060124564797,0.210587200786186,0.0216599487258039
2557.in,2557,1.00000000146938,-0.278137110577263,0.25014183759012,0.155184104488963,0.377773375296627,0.212448832400965,0.0160256747117571,-0.267618386783098,0.0634533125341609,0.0999370047951226,0.521945007303824,0.336613654898703,0.274554265713976,-0.0692805031475217,-0.155546980552174,-0.201471674966149,-0.133553295328876,-0.035247834214548,0.189881795789251,-0.127067338314165,-0.152206648645226,-0.0246551720793785,0.0835212267624619,0.224223776415899,0.0235866750513814,-0.0749184537562412,-0.0546532162204088,0.0315836582566608,-0.0626137065061611,-0.167474365516537,-0.0078361339694613,0.139078661014259,-0.0333311003534418,-0.0317403558914329,0.0413787022390945,0.221583430877238,0.0200199451148187
2558.in,2558,1.0000000008629,-0.164733427298789,0.0769869146597986,0.297116987124582,0.208757172744109,0.275016963098459,0.0751337479765218,-0.223607893560229,0.0328288462821497,0.157986075196603,0.507877489160819,0.318606417904222,0.14129791392454,-0.097888495973711,-0.0230451264535523,-0.140506007807709,-0.104389822364711,-0.0032129077419821,0.0844498779199963,-0.148777659275628,-0.123412487273133,-0.0677132687436757,0.119658546167988,0.183571663654287,0.0423495391260401,-0.0965359195946327,-0.0160934033386003,0.0819941598060946,-0.0441284855649661,-0.138986948534101,-0.0082974230275384,0.0995380860291864,-0.0416406010010523,-0.0153273599770275,0.0307025344388917,0.18679590153084,0.0294823150280639
2561.in,2561,1.00000000104829,-0.196692485818977,0.146709286873148,0.24273816870034,0.298514113954262,0.179567137370446,0.0572829639314978,-0.238801593426505,0.0435515729273696,0.144309743688012,0.540004869456907,0.353143737807475,0.213467790679745,-0.0971288657053774,-0.0837479862457161,-0.15417507205721,-0.0931432954715537,-0.0135140710907745,0.133675353903878,-0.148524962619814,-0.130278297751347,-0.0545950340152677,0.115827218367039,0.209483567897347,0.0380494302298085,-0.0972481371101498,-0.0285051700827354,0.0622805877979439,-0.0503930904940949,-0.145866453339047,-0.0089578117668827,0.116233723707844,-0.0429326313023195,-0.0221796318640457,0.0426965119532513,0.213874835563816,0.0192398891878752
2564.in,2564,1.00000000079675,-0.166771983207403,0.0056828743808717,0.34950435368694,0.184077766191599,0.194574770361497,0.0606579614617125,-0.232436893330061,0.0381543894063401,0.159203989738899,0.542507430010113,0.352155025649006,0.115401983124337,-0.0962722282902309,0.0022009525416445,-0.144956755130774,-0.054753979520895,-0.0058933476102699,0.0543568124520651,-0.166372089195554,-0.121534768712129,-0.0580673681989721,0.149807153042991,0.187089446630246,0.0410288359344372,-0.114904274695318,0.0072998912970386,0.101669132746948,-0.0433109954963506,-0.138931763215964,-0.0111298473343877,0.0814223844668333,-0.0414980056942583,-0.0155394824706085,0.0378704783172125,0.205313136286234,0.0198826534369725
2565.in,2565,1.00000000104862,-0.112413797464106,0.044328401578423,0.321806574275352,0.221015206237813,0.161161125851839,0.0984284820582905,-0.208056458996698,0.0248007425215992,0.188033648507405,0.560086021277891,0.374566798402387,0.141852059218762,-0.116075129231247,-0.0218017022669383,-0.11206900499492,-0.0501389089544261,0.0111154197985679,0.0753933125922853,-0.165377473401025,-0.107454682951846,-0.081601229638305,0.149030438929468,0.197864358381364,0.0511647235214069,-0.11619696627628,-0.002547021823238,0.0908395393488093,-0.0341860379922262,-0.126499282162589,-0.0098047647482341,0.0909998947181102,-0.0498260629481104,-0.0111419137601809,0.041751151315153,0.217096381723092,0.0184945917385456
2566.in,2566,1.00000000110854,-0.24254304097266,0.0531312104444611,0.317310799415792,0.237242744177358,0.129829612173787,0.0287342880030028,-0.256251260173487,0.0517593468078517,0.121522559358857,0.57047961716354,0.381237277817152,0.157023727690517,-0.0839185305756637,-0.0328337488520982,-0.179479301887464,-0.0436456935369298,-0.0251553932796203,0.0829774081157212,-0.168494706235285,-0.144190730205551,-0.0391260234377961,0.148197948515448,0.205117181078368,0.0306225965221831,-0.116252697198605,-0.0022415920079848,0.0896559628532941,-0.056366574546595,-0.162201514766317,-0.0103923090655433,0.0939459468555394,-0.039211285162203,-0.0273220409642899,0.0479985140354086,0.225599132216801,0.014588927110207
2569.in,2569,1.00000000117234,-0.291788679106768,0.138339551299362,0.264345719993361,0.32979656365468,0.0650822819099162,0.0113340353881035,-0.266178183183094,0.0644129617369174,0.0985354299411585,0.606145524223755,0.416828329128661,0.229682584173955,-0.0702683029373277,-0.0931530376517793,-0.205954803859827,-0.0438452653268555,-0.0401616295281579,0.139508711880376,-0.161853860344925,-0.157265612138746,-0.0234588155347312,0.150728644858962,0.232957826602867,0.0216663965521897,-0.114895087584721,-0.0211782034883876,0.0691894538162426,-0.0651708865053599,-0.172796469150426,-0.0082453114610045,0.112529312614994,-0.0333906770657448,-0.0341560319711722,0.058388587949752,0.261460583318627,0.003366648662575
2570.in,2570,1.0000000011395,-0.167526822161667,-0.020685196829494,0.0926055447373795,0.295375279973642,0.228890971983996,0.0909375645682528,-0.276138571409135,0.0355309319507496,0.172380036153294,0.359525880925579,0.208936055682432,0.102841156254815,-0.109402818998463,-0.131463101578391,-0.140998317508154,-0.0370896521833289,0.0218163261610033,0.0763559482694296,-0.105459319396147,-0.144957899129305,-0.0529591425618146,0.0418002951711722,0.15801218753571,0.0212218161914526,-0.0435829787212981,0.009080991397243,0.025506501521046,-0.035669466454157,-0.13792138689072,-0.0062712115869686,0.0871711241208361,-0.056127995777887,-0.0275260986138959,0.0260220350544384,0.115365263270396,0.0277206889602631
2571.in,2571,1.00000000142334,-0.110333535955589,0.0142313675266964,0.0697503459006832,0.33528297118525,0.189690258288253,0.118267035089709,-0.253962183892603,0.0226887045369913,0.200743610819309,0.37557246057549,0.230491349997821,0.137966261871159,-0.12898439337342,-0.161763920885331,-0.110315365837097,-0.0314296558494771,0.0361637644018579,0.0924429599624082,-0.102619276105231,-0.126602443845596,-0.0740773175976634,0.0354599481121045,0.170686909150248,0.0352290957353318,-0.041971323488481,0.0029888242965802,0.0172077736473382,-0.0269542647555625,-0.124465453390543,-0.0073671634333414,0.0918664045368136,-0.0604582875464804,-0.0182195089889594,0.0333968670005325,0.131258736186593,0.0234712797239958
2575.in,2575,1.00000000107805,-0.270574255978912,0.102770409163836,0.0055489882214492,0.444471542656113,0.0871236720914129,0.0384670115310597,-0.313890356950018,0.0599707949881902,0.119885302359591,0.425829657292234,0.268736529757708,0.230147385304171,-0.0894801363290696,-0.227609824608779,-0.196893950065847,-0.0230462439966124,-0.0110588871451244,0.158876935663808,-0.100561857116225,-0.166416896364152,-0.0173446029706899,0.0359421594741815,0.207494300388545,0.0073383053395367,-0.045290146978315,-0.0159335759939927,-0.0071650905801816,-0.0585150953952543,-0.164928652859063,-0.0072997722541078,0.117551227185383,-0.0493521121329794,-0.0399033052781862,0.0511886122708916,0.171386174475362,0.0071889640439451
2579.in,2579,1.00000000097597,-0.194788300054386,0.0008765171422663,0.102501249828033,0.35726987380449,0.0676463507131136,0.0686408384968817,-0.286925265646897,0.0393050194682428,0.157922554633681,0.440270829925739,0.27954056471211,0.156829299056531,-0.104420955300148,-0.171938779296454,-0.159281010328984,0.0179858586692495,0.0150644003727189,0.0983536582243703,-0.120664246966992,-0.148882695584527,-0.0409716675714708,0.0636806924817174,0.193776781085148,0.0179149932075374,-0.0606851535649765,0.0124029776870129,0.0266771059498971,-0.0436878497778286,-0.147430221533208,-0.0080912909230329,0.0856354834937788,-0.0520618813819078,-0.03009949837809,0.0484114325914591,0.172514109840678,0.006016073848376
2582.in,2582,1.0000000013034,-0.171336018577666,-0.126973681831368,0.191601101320602,0.251278418443895,0.0722809175226236,0.0927842596718327,-0.281482668121437,0.0402548056234206,0.173787442557512,0.439720023841842,0.28287730253853,0.0673014213929711,-0.120064272597815,-0.0729921702397151,-0.141033402180716,0.0579495151775538,0.0190055139292164,0.0211312569848709,-0.14138328391003,-0.140753128940903,-0.0549454936195794,0.0985764246855918,0.168595108755788,0.0257579002686271,-0.0786840700125998,0.0434629613378684,0.0569625745862034,-0.0393583768323259,-0.138020867184592,-0.0067246981273101,0.0574395594108265,-0.05771467640202,-0.0286773915716961,0.0444488372024091,0.148674098515199,0.0142717285621808
2591.in,2591,1.00000000067116,-0.19666441944217,0.117101891379299,0.095246330000653,0.365187082792623,0.216232423516834,0.0765246586774088,-0.285362761124836,0.042332191564192,0.15536871824438,0.440644622148482,0.282152062186585,0.208618541461625,-0.104997633689637,-0.167832914380285,-0.157073128737226,-0.0820355429126896,0.0107766105049568,0.154956904558224,-0.121920934843174,-0.152107552301888,-0.0430043521171114,0.0686673794946357,0.194933919798454,0.0190178831269267,-0.0622707817706949,-0.0268887351446938,0.0238499582933801,-0.0417913556063295,-0.147198241537521,-0.005822652453998,0.117592727265708,-0.052764296386906,-0.0288892270048912,0.0350507774180607,0.172905725436933,0.021475662986865
2594.in,2594,1.00000000133471,-0.165658293203189,-0.0126117268159056,0.197393423297954,0.247702033198747,0.22617567581659,0.0917346691594839,-0.273197874969936,0.0364692016700402,0.169019510998106,0.443634275103815,0.28591716028029,0.111870146051318,-0.11316844618642,-0.079986638464633,-0.138880784249306,-0.0379476833357899,0.0201645206742557,0.0773987148163778,-0.142177763477271,-0.141352458721251,-0.0545033623123914,0.10365993747232,0.169177912600897,0.0241869887706017,-0.0776352076842538,0.0069728984575916,0.0604265634681044,-0.0387870931997863,-0.137422583453157,-0.0048255561307022,0.0832096961440651,-0.0548267997185679,-0.0249281484451307,0.0285647550372537,0.15550134050229,0.0299985021389402
2597.in,2597,1.00000000126433,-0.186038566120108,0.0507344825296067,0.153951550526725,0.328204212652476,0.140103720964486,0.075974226424714,-0.286277021780761,0.0418803593019056,0.159119187649652,0.485870350947992,0.324312499106077,0.180742369542043,-0.107933305088403,-0.137147780452023,-0.1528669640963,-0.0274618104296208,0.0142514872652005,0.125645983043962,-0.142030473817536,-0.147056919015875,-0.0427694122851589,0.102430727454336,0.198172135405153,0.0188376667756269,-0.0802581611641008,-0.0060178587322909,0.0466450606513154,-0.0406317180842744,-0.143997952973229,-0.0065606232149247,0.0998907143076458,-0.0539336829907373,-0.0295842193268378,0.0401815417210652,0.191336207217563,0.0156932632260923
2603.in,2603,1.0000000013245,-0.182815757737707,-0.0148307713138968,0.203476367248963,0.306233842344958,0.0564081912989018,0.0765770744020443,-0.285284331892545,0.0403951106082383,0.15861662238518,0.524380354107712,0.358919011346378,0.149799329031378,-0.107621680049017,-0.111023766328128,-0.148475166648759,0.0223942985523963,0.0135176874362819,0.0920173893336288,-0.159719116817147,-0.148278406746531,-0.0456425807010779,0.135101772395375,0.205015314104802,0.0199166689593599,-0.0963978299072134,0.0153556751180561,0.0624670530751533,-0.0419758919696305,-0.141312894818027,-0.0064258465447937,0.0813990722815083,-0.0530052069941226,-0.026991301228127,0.0465476788794828,0.213252813471121,0.0065985713583655
2604.in,2604,1.00000000085956,-0.333409505302311,0.0015280507150868,0.19104716982911,0.326909424624701,0.0251584861729966,0.0067728114670684,-0.33562000070855,0.0727947750257664,0.0967186768979894,0.530632462977923,0.365706042305377,0.17157662003035,-0.0742458581639441,-0.110361862338736,-0.226744479192262,0.0207943462116733,-0.0267826841466477,0.110149696637794,-0.157386614925171,-0.186781475211431,-0.0007649429224312,0.136892967680264,0.211895883975371,-0.0032861824976855,-0.0974367503149194,0.0112994455851128,0.058807690812994,-0.0666017372085099,-0.18110279185912,-0.0069693748399205,0.0916328628855181,-0.0434091738871575,-0.0495609914825085,0.0539423322819854,0.218398791770856,0.0031895589131053
2605.in,2605,1.00000000068471,-0.286114237938724,0.0432460944291632,0.16658846091575,0.368721192285339,0.0125536831139356,0.0391857483863567,-0.311425128542961,0.0633671122167711,0.113762379858636,0.544629372206742,0.384772239650237,0.191122426854003,-0.0835488891042344,-0.145061853822325,-0.199607700577194,0.0234006328854956,-0.0139611164379446,0.126689278719897,-0.153910225879933,-0.177865110087994,-0.0139497870009686,0.139522451169473,0.220333644993239,0.0021575803947023,-0.0962401804005446,0.0038483750146386,0.0493179725219642,-0.0563953191271279,-0.166322489197063,-0.0064271094460633,0.0970313359266717,-0.0467836671700241,-0.0439807550332352,0.0530211044487153,0.232818976662976,4.96571474560847e-05
2606.in,2606,1.00000000100359,-0.16326569662151,0.0936495616326865,0.19846545511584,0.242013877991348,0.369455835286478,0.0883317807748463,-0.279585904568542,0.0321638372887739,0.173598604091633,0.446740663042846,0.277462174921482,0.167081314863357,-0.112054646035742,-0.075775706555031,-0.142740890594973,-0.128976829342528,0.0225769095199129,0.13514234100038,-0.143193867619212,-0.140280185703092,-0.056310439762597,0.0997574912064986,0.170469792497305,0.0229714783429413,-0.0784401913021032,-0.0287725161245092,0.0626348956514805,-0.0380033006890716,-0.136470869005136,-0.0074042505673273,0.11559258937468,-0.0564185758854447,-0.0234856576540695,0.0162405985125254,0.153828686995226,0.0416929103721056
2610.in,2610,1.00000000079995,-0.333929887164042,0.187790264637938,0.125372069525069,0.357472257333489,0.271895125174087,-0.0015018840870088,-0.333688352373374,0.0704969069328207,0.0887861297683827,0.483889445449944,0.327693163341894,0.251174020432854,-0.073507969366487,-0.156426411359479,-0.229735562357352,-0.122431947541565,-0.0237220304908455,0.191071271516481,-0.140336355436926,-0.183994911825642,0.0051265865624381,0.101005336439654,0.204216498677686,-0.0063202689720479,-0.0785098389939725,-0.045811641023481,0.036374049718518,-0.0686162436502327,-0.178381930142318,-0.0065002271557762,0.129857847266673,-0.0439088148174352,-0.0453101020826739,0.0266970621075834,0.197974584457805,0.028509717057519
2612.in,2612,1.00000000097777,-0.161868287736421,0.0323175914138212,0.257563399081924,0.220568408909608,0.297557759236206,0.0923353094545578,-0.279828473907126,0.0349595367011678,0.175272062168333,0.488009336574762,0.318351780478455,0.14177255421624,-0.115464742584003,-0.0424314422284643,-0.138909134637916,-0.0874973787560522,0.0205440086642283,0.106709146713936,-0.163914390481433,-0.138050258088287,-0.0547302240304503,0.134313797087516,0.175988274417531,0.0258027428922659,-0.0994838383162358,-0.00957993368777,0.0796974044009584,-0.0377963410368014,-0.133213797305431,-0.0072492786296506,0.0995527685019444,-0.057364491622434,-0.0260850255774305,0.0192960594896936,0.170956189981532,0.0359774265742752
2616.in,2616,1.00000000080858,-0.324509203844584,0.119143559238908,0.187158194126995,0.325169345713808,0.189896076537507,-0.0013776110861085,-0.334162875838807,0.0726653059514411,0.0926676501464927,0.530649693255924,0.372248471648416,0.226054967230111,-0.0720236795579438,-0.119442386163994,-0.225561029309948,-0.0759469627963945,-0.0221760193573308,0.166305869613713,-0.16049547365289,-0.186826193784246,0.00299386462814,0.130994757025445,0.209884891124614,-0.0032118287306285,-0.0992851390260388,-0.0266347876920285,0.0569039859752341,-0.0687591824116979,-0.182030067898727,-0.0071098870011602,0.118274718506377,-0.0438091459412697,-0.0450702312995669,0.038028755913234,0.217472136529831,0.0176546564819192
2617.in,2617,1.00000000103592,-0.268922632689243,0.14659628583888,0.159029296666846,0.367419557566095,0.162732151015565,0.0308467099483635,-0.315828011162989,0.0605717492844059,0.119544666348618,0.539161164631995,0.38223375761913,0.244800957819968,-0.0863832414572267,-0.151352034888068,-0.198106498644502,-0.0695357531602358,-0.0091486492241428,0.180847241350295,-0.154037906495066,-0.173683369150592,-0.0146598197994601,0.13057227483916,0.221571090454048,0.0048318272716823,-0.0948835530981611,-0.0294156486581794,0.0475697320548203,-0.0570742205405053,-0.167388669958888,-0.0072072656765685,0.121465039364585,-0.0476962891062127,-0.0402910807777046,0.0393309502311048,0.234934291384315,0.015318955149987
2618.in,2618,1.00000000097569,-0.157647285935137,-0.0317938580185065,0.296568391604887,0.196150977321836,0.218783604036601,0.0982495596543437,-0.277780889339469,0.0319011675588638,0.181586912053172,0.523840704791152,0.356108027081588,0.113481608218656,-0.121998255835109,-0.0095486285563481,-0.139539468496593,-0.0349298968185581,0.0232653949246742,0.0758342168912611,-0.179237824839878,-0.138198943696206,-0.0616427927452793,0.168093828877691,0.179256549469626,0.0295007932834531,-0.117406872628644,0.0077457373866367,0.0945398128011349,-0.0375728420487244,-0.137139729454991,-0.0050704211998222,0.083167561903668,-0.0585776917370649,-0.0233281811146001,0.0304802984515884,0.18765868729517,0.0304120492184039
2621.in,2621,1.00000000081036,-0.194906945546373,0.0504286169399757,0.247716454568701,0.285926791372072,0.141854729825815,0.0784679072371296,-0.284937434711506,0.0435104157609921,0.161458833822923,0.564704498143013,0.394964768094729,0.174635653210318,-0.105584596706578,-0.0727123343053773,-0.159291095550285,-0.0264193733246114,0.0116464996085755,0.122425025320788,-0.174852767115561,-0.150970004691581,-0.0443134490231279,0.168155742470771,0.205932332196561,0.0178341431247273,-0.116453491033895,-0.0055956858447559,0.0790606319143467,-0.0416128241466163,-0.146025887418001,-0.0083248862706348,0.0996156636406385,-0.0541640746520877,-0.0328118638298586,0.0396631208484913,0.229523048682926,0.0138366591852469
2623.in,2623,1.00000000124467,-0.283602106870767,0.0929189945789165,0.218213448012828,0.337306109792625,0.0823004099199622,0.0367374319785296,-0.31836694595284,0.0626604706311552,0.119754382613803,0.582445942864693,0.412954616799997,0.219575629045602,-0.0848205300604912,-0.107145154400797,-0.202200111207811,-0.019196585880139,-0.0110436399221204,0.155347106630848,-0.173739026159645,-0.175696703401272,-0.0169919210261317,0.167942301544734,0.224276429268316,0.0044881031313577,-0.113377424324897,-0.0116644428746654,0.0674996148317425,-0.0577724402061637,-0.167029923655576,-0.0063251187291999,0.112129139824595,-0.0472636283959043,-0.0418848480828908,0.0512697399914716,0.248901833810994,0.006239842327906
2628.in,2628,1.00000000126992,-0.32971770520146,0.0425906279004246,-0.0096554528955408,0.407814210383277,0.157097456903925,0.0270674900540461,-0.38369369026049,0.0718833777261724,0.100487736920742,0.391222165160927,0.256172239341446,0.192994679378387,-0.0806502915875629,-0.227719911589136,-0.230097849681,-0.0081137052119988,0.0027911674894193,0.159180021502933,-0.115210665599383,-0.207747576055232,0.0123375463455084,0.0580542085970236,0.185516823476115,-0.0246696712745406,-0.0430659098457517,-0.007052389554558,0.0039380828210766,-0.059374565337335,-0.176329723919832,-0.001956398230429,0.107342087628443,-0.0543404344427554,-0.0542117386711523,0.0343928965455712,0.151940536915774,0.0190416641225095
2632.in,2632,1.00000000095932,-0.235979144964337,-0.0626637091811992,0.0765554735292684,0.334924076396758,0.120487571343225,0.0761706336323405,-0.350322972754267,0.0533157357075549,0.15054258929069,0.412048166795494,0.272262418188214,0.126342154479484,-0.10980082131019,-0.157804211030022,-0.181525687588079,0.0343224730089954,0.0261018833696155,0.0970818828113988,-0.135981039541874,-0.181755051901169,-0.0217904603841889,0.0892724939180513,0.177377583425359,-0.0045939329825939,-0.0614548280377292,0.0224474546822826,0.0306995547823481,-0.0454502624755933,-0.154130981191714,-0.0024401615475518,0.0826112923488913,-0.0614786485218564,-0.0428441125249326,0.0350958162813566,0.149564566326212,0.0172743844902506
2636.in,2636,1.00000000072434,-0.169514428005702,-0.165006906305461,0.159730061884681,0.25364557428105,0.103086090311651,0.103070160095992,-0.325109569939265,0.0337269172011764,0.186029950389624,0.436399029866693,0.284378628413632,0.062814596241254,-0.122979921956847,-0.0946151041942868,-0.147585858184673,0.0771168940455646,0.0452192226172236,0.0422735890328242,-0.154263772186101,-0.159568881104117,-0.0448753645108321,0.120035354152231,0.162279377529051,0.0048284979857959,-0.0825762070158057,0.0447475352847106,0.0634775683271423,-0.0330926193303649,-0.134296136189787,-0.0055431668884073,0.0572248592354066,-0.0691967442954399,-0.0326912987838415,0.0345121394317001,0.146489801150934,0.0142254494430189
2642.in,2642,1.00000000112596,-0.159553578410686,0.0084985990798153,0.112913819682211,0.272829321370881,0.334671102082455,0.114537752303809,-0.323098556778546,0.0366487604416354,0.187086929241157,0.389413745358217,0.246310514468967,0.133758495030776,-0.12768125312473,-0.122020593798639,-0.137901625348954,-0.0719008544062215,0.0474136801212722,0.127466974470798,-0.13871630550427,-0.160539577930162,-0.0466561968718345,0.0893219325387662,0.156274032149933,0.0069060142268461,-0.0626690865417515,-0.0083090652988292,0.0457211776297185,-0.0301224306571026,-0.134834675382077,-0.0022764744363313,0.101738985624829,-0.0677372857574028,-0.0324761698890934,0.0133791539786548,0.125719839414785,0.0428934845964499
2648.in,2648,1.00000000099515,-0.163167730535278,-0.0561414038627121,0.158406610400625,0.261200549158048,0.258366226372649,0.116097285820568,-0.323137183177423,0.0386994458965696,0.184332927509529,0.432351870480025,0.281980755111345,0.105004130000741,-0.129623292455572,-0.10032042578591,-0.137862183858452,-0.0227672589414434,0.0458538627681758,0.0982485283758269,-0.154823789187539,-0.162246833059309,-0.0461530380348221,0.120619444153189,0.161194999968381,0.0062912118479351,-0.0798491761927059,0.0087109039596156,0.0600289428336315,-0.0311389623141649,-0.135269154341115,-0.0010014333355088,0.084782225405741,-0.0680228309210692,-0.0357281256394145,0.0179556463302798,0.143128399883652,0.0368091718914941
2650.in,2650,1.00000000101612,-0.241524207021438,-0.0091336674273778,0.122597307784413,0.308202633410927,0.201139093857282,0.0619369620063264,-0.35686910938021,0.0515365608460872,0.145442308490203,0.451440269523341,0.310696539686654,0.153828815698085,-0.101961440645951,-0.136505164955651,-0.189246369748945,-0.0181264206026791,0.0202124530132789,0.125194437316489,-0.152263360122692,-0.183675325313381,-0.0158741313753204,0.116494045037483,0.182664979833944,-0.0069264507785846,-0.0803481431916619,0.0026510484091624,0.0502859693148607,-0.0466065374325243,-0.158694776991751,-0.0060812661465338,0.0964759387691685,-0.0612909177475627,-0.0424021853866106,0.0260902045907307,0.171987190219021,0.0214735069864841
2651.in,2651,1.0000000008697,-0.199471163185643,0.0129414262933027,0.1120381500308,0.339601827771105,0.169859201561841,0.0952847731254037,-0.336992044011373,0.0405180143097142,0.173684569039001,0.463871452533367,0.314005606223099,0.17737440621513,-0.118196482341795,-0.147462846766954,-0.1582034846113,-0.0166879521691794,0.0362259540629083,0.145419666723962,-0.152748356456356,-0.169191446783055,-0.0364550086838131,0.121038038100728,0.189594748668453,0.002284961466188,-0.0786160803740886,0.0001514093954364,0.0450773576048901,-0.034885900658323,-0.14265960721016,-0.0055481064478241,0.103916830483479,-0.0649806852723561,-0.0398681011560404,0.0316379767623304,0.179052646039405,0.0189988451235355
2656.in,2656,1.00000000114318,-0.244952423008533,-0.075827094259203,0.178325345501252,0.285362149259693,0.121693619784218,0.0712737271472128,-0.352499518407168,0.0533582469220952,0.152726349594663,0.490704439890966,0.34246266573453,0.12629892663718,-0.104891660114005,-0.0988363887940751,-0.184986290824137,0.0366573783555653,0.02279709595005,0.101902674269295,-0.172159097002389,-0.177608402516685,-0.0167293550759848,0.151984841237446,0.184934194828922,-0.0081562353799827,-0.0992499036171861,0.0232409909051297,0.0701423960930297,-0.045003776630738,-0.150935690153301,-0.0055187531496505,0.0788990102892165,-0.0617731213089409,-0.044837191209597,0.0349249657127355,0.185398590192027,0.013362998523827
2662.in,2662,1.00000000116288,-0.240570818542638,0.0996571629500229,0.123333678754059,0.314206366626453,0.351204169582111,0.0660926988377852,-0.355845624967718,0.0526827727747378,0.145547501105181,0.449310960618809,0.307030501125893,0.202133740285056,-0.10580315829976,-0.134633708289224,-0.181906639096416,-0.110418890467926,0.0231202100496015,0.183269360986182,-0.150858368158695,-0.184295568740344,-0.0131971489568354,0.116344077756886,0.179275971725485,-0.007915885205876,-0.0791712193211201,-0.0323855779320657,0.0490303175926083,-0.0452988326090111,-0.15869030667074,-0.0046366614957917,0.122346226054087,-0.0628156128485014,-0.0456023868169068,0.0115852547158872,0.164686340376368,0.0406819629153138
2670.in,2670,1.00000000137157,-0.330868488692709,0.0788543320234865,0.139321863618412,0.339827203082029,0.229878843142582,0.023448649008229,-0.382996540505931,0.0735297046850619,0.101150494277862,0.513751823082546,0.364912774637559,0.213883444845973,-0.0815480861733624,-0.149648561324509,-0.229184334180483,-0.0511921557863753,0.0020605751167282,0.185644782225977,-0.167837740858459,-0.208980425974046,0.0142012506865046,0.150176674225277,0.200491315083265,-0.0256426565190519,-0.0984078790589549,-0.0228381114645128,0.0548315043174495,-0.0594518010504617,-0.176574436356909,-0.0036784989897551,0.116601814525582,-0.0543722049561965,-0.0555937227725463,0.0257322815432795,0.210938284695491,0.023172049800803
2673.in,2673,1.000000000879,-0.117648572785004,-0.0383072103829812,0.244482731876871,0.239438979599093,0.219052088572919,0.130235918457735,-0.307851318468559,0.0251487155246392,0.206637073824142,0.526480322786891,0.376760138002218,0.125686805652486,-0.136855433859272,-0.0640925307088052,-0.115122760828043,-0.0150939402137896,0.0569945747721069,0.110521178915769,-0.190067282215108,-0.146730547289435,-0.0581047570115156,0.18561280965932,0.183896987877583,0.0124643659983554,-0.116976427121212,0.0082252455534681,0.0903746301000965,-0.024120275660612,-0.122964920966034,-0.0054981741112234,0.0851885549461899,-0.072467056699737,-0.0313109441063209,0.0226648054586394,0.201379329428404,0.0273886576678981
2684.in,2684,1.00000000120391,-0.16645897633822,-0.147040120511571,0.0748790162077383,0.288097897858554,0.213334342575074,0.124302820550839,-0.381860713839432,0.0392650420929683,0.194744573109555,0.368436647269529,0.250434650599773,0.0779102031728603,-0.137106973887706,-0.144488207325273,-0.140418322905654,0.0369467282355125,0.0655534524834735,0.0921400200232701,-0.14950655634865,-0.180765213343232,-0.0289751593411754,0.109399915318107,0.152291861927936,-0.0142571501487571,-0.0614663058019088,0.0354645062717659,0.0447971783405161,-0.0262863130680305,-0.131656304008499,-0.0024351402157108,0.0717799748084338,-0.0770377625476946,-0.0454594039121581,0.0144823044297596,0.118770429777019,0.0319602383191614
2691.in,2691,1.00000000117145,-0.117822700642137,-0.177282307049304,0.107852668312256,0.289145740054821,0.0984164275802952,0.153941772463993,-0.356520489600882,0.0226067853346249,0.220180074717172,0.432875399920687,0.294044908179643,0.0814095247642159,-0.150915972034769,-0.127680136636821,-0.120270429720451,0.0974669498133209,0.0856204939325335,0.0838244094365617,-0.166078725355752,-0.167606652508195,-0.0520118500284838,0.142242355938778,0.165352458914133,-0.0043298101294894,-0.0832841586895168,0.0450918367019027,0.0579213173449204,-0.017702710676517,-0.117105453773305,-0.0003198354410611,0.0635306472369722,-0.0848253416255621,-0.033332752042683,0.0294220804866471,0.145647584146693,0.013539739161883
2697.in,2697,1.0000000010236,-0.116323542292259,-0.0150796037457362,0.0419864848130155,0.330395698187716,0.331251212083218,0.161343858020546,-0.353020157688502,0.022926925700607,0.223099276267099,0.38582762064825,0.25519351950582,0.142292474614334,-0.152215323810881,-0.166706737134767,-0.113718142468153,-0.0406230147686003,0.087108096791503,0.160601628707489,-0.142583895328161,-0.168361984582205,-0.0568461018587443,0.109667339178817,0.157166343690255,-0.0061244863393928,-0.0618510178514592,-0.0078734873902004,0.0338667763720879,-0.0145767756149195,-0.116201719969948,0.001790479194345,0.106980632217219,-0.084039639706265,-0.037743740380855,0.0056434271140498,0.128453644828801,0.0403385128456164
2698.in,2698,1.00000000093238,-0.231652343471008,0.006531632883168,0.041217238432971,0.339354615206491,0.320328687094434,0.0932502623368871,-0.397118796891561,0.0493257249537771,0.166404371718087,0.398211995635962,0.276667089678588,0.167462986760386,-0.116862508544089,-0.18363736153282,-0.177561565232306,-0.0534141780260972,0.0537418156872353,0.175270496472787,-0.14895192672137,-0.202198762474082,-0.0105518196558529,0.108079808451453,0.167379201892977,-0.0238124095656197,-0.0636520429332367,-0.0107136873599078,0.0364546490666109,-0.0357259366685762,-0.151341924649504,-0.0020209094638719,0.109844085233733,-0.0748516665424369,-0.0519792213029572,0.0080630680974003,0.144625815686121,0.0377436153328938
2699.in,2699,1.0000000008728,-0.182258107736373,0.03331933535365,0.0157375150201324,0.380005095562782,0.283770705584845,0.121309597309771,-0.386390346105378,0.0383915691337261,0.19384521179513,0.410320683721276,0.288195955452603,0.19281639329315,-0.131173938746973,-0.207809912192328,-0.150051271362041,-0.0427993485147659,0.065521974208346,0.193693403945306,-0.145971259455777,-0.188018535678271,-0.0275063264717464,0.107020421269663,0.178407076178249,-0.0177541267389265,-0.0620493311930928,-0.0135941927547973,0.0254211564808437,-0.0275427598533205,-0.139152833851004,-0.0030688791262794,0.115251448475841,-0.0798160116846606,-0.0468225858473975,0.0141464362752454,0.157592631028247,0.0314425892107815
2703.in,2703,1.00000000104469,-0.12054423437016,-0.0578023706562685,0.0919120545918584,0.295400534730864,0.269212108915984,0.159147356444112,-0.365337529886401,0.0243434199273552,0.226842935217264,0.422589370687251,0.29590066734131,0.135415454560563,-0.150087414738576,-0.137241045242032,-0.119929080573297,-0.002297963291017,0.0863007637353798,0.14106299160257,-0.166128061093092,-0.16938749829677,-0.0534669568019423,0.140829492094581,0.164804579188112,-0.0038595950085454,-0.081425522065992,0.0076353497714023,0.055778805892412,-0.0155738564159311,-0.120139687608383,-0.0005056551308707,0.0940142893757707,-0.0860973814075535,-0.0337057440417577,0.0123970782556458,0.146267294900801,0.0324098881756128
2706.in,2706,1.0000000010062,-0.316286477486537,0.0044156246766658,0.0603580508071213,0.36621503654899,0.178295874679763,0.0393778351906729,-0.43807082345893,0.0707502335904944,0.121376907617668,0.448717136443654,0.336527993427485,0.202900991748474,-0.0991232405060724,-0.178501638884443,-0.224881402181121,-0.0020815205282216,0.026743356054559,0.184312206722886,-0.165681621774324,-0.219483193048454,0.020600008016072,0.139009914268769,0.193511635477633,-0.0369331881540948,-0.0818590984502752,0.0010370994364697,0.0433368825685447,-0.0548786936089451,-0.172315209445584,-0.003348227927885,0.10977223119317,-0.0681001109484066,-0.0609637448772309,0.0265599408353175,0.182317714693072,0.0213118073501241
2734.in,2734,1.00000000112769,-0.158545164754951,0.0441980765287377,0.0368892634423895,0.360791632258128,0.132128716045362,0.003742038940373,-0.313153724459344,0.0337012273017201,0.170104782303133,0.383175427722899,0.264205391240286,0.246913349755822,-0.114645469883469,-0.169405986334796,-0.177426367423941,-0.0367512929173869,0.0094530654294334,0.100624117495629,-0.111035217400621,-0.107357433063346,-0.0513586960095336,-0.0203534101090138,0.203915103364443,0.0539292819169751,-0.0569028824636903,0.0092573853314048,0.0098197933209525,-0.0589592448259442,-0.162343691010667,-0.0189100062859854,0.100610918448469,-0.0538899512263491,-0.0049284103689585,0.0638024629930839,0.163375368186265,0.0084940666385898
2738.in,2738,1.00000000096919,-0.082959885919133,-0.0619064716513544,0.131568592290351,0.272963528211132,0.0940609945276916,0.0476256368964447,-0.289404236460472,0.016530169968008,0.213244212562821,0.403993950882336,0.272670242994427,0.177812736076585,-0.137697166017797,-0.08784342686365,-0.136944935304081,0.0097124040156773,0.0301661025154974,0.042198207143681,-0.131181970693137,-0.0837759352167037,-0.0786924043518545,0.0127802220625085,0.192250507085763,0.0696542073875746,-0.0739268159840911,0.040086534949291,0.044787278963566,-0.0457387011235436,-0.143596536427405,-0.0189083457879367,0.0756057005449234,-0.059374354895505,0.0040490867713044,0.0698627172488515,0.156946235605436,0.0062548534006286
2739.in,2739,1.00000000101458,-0.208830575017692,-0.0335876987291472,0.111655268290854,0.305932670999866,0.0893620791998804,-0.0175774728073037,-0.333834350158186,0.0475808658833783,0.145293680425282,0.405499957183849,0.286406913819373,0.192655466419866,-0.105903241023089,-0.117683943109271,-0.199053888719762,0.0015387184131152,-0.0036423510865283,0.0605204931418115,-0.130273580157705,-0.122730321545381,-0.0337606570075268,0.0138841670086821,0.198973879164367,0.0435513481824506,-0.0715352512828571,0.0341181023973699,0.0347850567244758,-0.0661036293333466,-0.175996886667041,-0.0176566671191126,0.081195788735194,-0.0491032903893115,-0.0168100008994376,0.0671261606751424,0.169199652793633,0.0081256927355086
2741.in,2741,1.00000000129994,-0.290088202202849,0.0105623863699891,0.081781979118401,0.360319191573807,0.0353532423114156,-0.0596417490574464,-0.359977206738855,0.0604394607580768,0.107315172562997,0.430506942090265,0.310715889068024,0.23552625585498,-0.0844392338422917,-0.153720370401655,-0.241222231688583,0.0095546861156715,-0.0282893354076721,0.087099886491611,-0.126283468893084,-0.148298986940966,-0.0080920426028065,0.0132687192059554,0.215756480075309,0.031169782683304,-0.0717510798366141,0.0259519200714069,0.0250444458188092,-0.0794850306309538,-0.199128628468676,-0.0195262608225004,0.0899651606974807,-0.0432666087203736,-0.0266259393474539,0.074407185306433,0.190964692604488,-0.0008844389465202
2749.in,2749,1.00000000097125,-0.111047491471073,0.0271249142004124,0.157206164475272,0.240449057058551,0.294909194031392,0.0216986485254246,-0.304621493865477,0.024687710631689,0.19368464677273,0.383129632629342,0.255682240315076,0.207523045190524,-0.130877874387973,-0.0818435260001562,-0.152559201328585,-0.0981180257509701,0.0236601048142445,0.0845408465755025,-0.135566975936035,-0.0954523399351742,-0.063153891466923,0.0119687425051317,0.180482449871507,0.0600343499224644,-0.0734782116606425,0.0077276548205666,0.0518640383943471,-0.050917185714226,-0.149749423476043,-0.0191433884375538,0.0974945480095847,-0.0569867494878421,-0.0006727635575968,0.0420403689475319,0.142305818874553,0.0308327177302917
2763.in,2763,1.00000000077333,-0.22061697253699,-0.0539377370658997,0.216537542798475,0.252206734159456,0.0761961741058288,-0.0305536998704655,-0.338459643793496,0.045407174713842,0.143266422089597,0.48762260864506,0.360597492762331,0.191439785518806,-0.101994873327391,-0.053494849958313,-0.211522171856706,0.0120449269723881,-0.0065140886182025,0.0497671464669331,-0.165743932326496,-0.124063754260413,-0.0327620145374669,0.074966114425971,0.208375909092857,0.0461219877527189,-0.108701152599966,0.0384274710766646,0.0703526924609008,-0.0698131183926049,-0.180855489675222,-0.0192867886867154,0.077393080935919,-0.0500156696806484,-0.0151484768825401,0.0699494654663636,0.206080925193973,0.0048160583888761
2766.in,2766,1.00000000100661,-0.255563297808323,0.0325191249221491,0.156591503915413,0.334686434456582,-0.0006056386421738,-0.0450531211349161,-0.353090596159065,0.0573050907744803,0.124922609441498,0.519343164116822,0.39087848055036,0.269465227332608,-0.0912043655484911,-0.115759027640239,-0.230256482802441,0.0177626062351959,-0.0169921022837326,0.109578337575934,-0.164795977814959,-0.136299848840731,-0.0171337706092656,0.0736999378685267,0.234862368096413,0.0364997422556433,-0.107837651649365,0.0203680016848673,0.0509043377452221,-0.0763812902503969,-0.18897656611191,-0.0184814665108367,0.0966191399745267,-0.0461579785374276,-0.018551185801048,0.08216240581817,0.238223294144507,-0.0092417901540841
2769.in,2769,1.00000000086078,-0.212117163057728,0.125976097667186,0.167386457884649,0.273025961086546,0.31954187017708,-0.0260460591921757,-0.335162933054564,0.0500129532495278,0.137047667668783,0.451012580483718,0.323672783872128,0.27070865844863,-0.10257021329295,-0.0826070747581774,-0.206973744704629,-0.141582851549027,-0.0075870796474719,0.140922363552418,-0.149895471454103,-0.123803411117589,-0.02993414275804,0.0479860015837496,0.203187654778789,0.0440727481760125,-0.0935447216012928,-0.0228807108196689,0.0549016690134428,-0.0699440417875934,-0.179144444526646,-0.0157526180622214,0.122090038160875,-0.0469726070968951,-0.0136492520652961,0.043285298848693,0.188496561246013,0.0324679052511983
2781.in,2781,1.00000000088418,-0.209569715906662,0.0177787068250971,0.265296981605415,0.225550333457898,0.167680892583362,-0.0213505739155839,-0.327759162053884,0.0495763418310622,0.144114979233145,0.532306169377404,0.389378312278887,0.218618449293653,-0.100585117911885,-0.0267942619887991,-0.209047684462018,-0.0412646842880192,-0.0077968469061273,0.0854071377498663,-0.181458726732872,-0.122408427990679,-0.0340464744726355,0.110929888042261,0.21371785327087,0.0440076292453285,-0.1262537430637,0.0142553271154407,0.0908378265577844,-0.0685530148658039,-0.178509412585455,-0.0192203513196631,0.0928812761009969,-0.0468635840323315,-0.0148032777192582,0.0610198717294713,0.229132397393295,0.0132742966375475
2783.in,2783,1.00000000098677,-0.300888825484154,0.042668265471023,0.229389542548384,0.275851805790477,0.112633784295931,-0.0742886699884646,-0.359942998693582,0.0642204234947482,0.095725065388859,0.543786579103509,0.424824457370842,0.255753291647636,-0.0784958431461295,-0.0684675385596377,-0.246380978574409,-0.0316849986399313,-0.0251268428352387,0.110380779797814,-0.184283692647261,-0.149770822943373,0.0006709597600168,0.111956455521564,0.228602921380993,0.0267950180197068,-0.128719275648301,0.010889771614673,0.0781150084881666,-0.0808452765766886,-0.199423113336976,-0.0195819093178582,0.0963216777519619,-0.0422295743739242,-0.0251135939172159,0.0641872887847008,0.251393293933617,0.0041572761238592
2785.in,2785,1.00000000104451,-0.126406149037112,-0.0657940356130839,0.0592572911875864,0.284831138253947,0.244032597488285,0.0393070954222154,-0.359616029031349,0.0296548943073482,0.203098375602143,0.322087590173861,0.226196616603482,0.177223189636508,-0.141577173416855,-0.116299066988521,-0.156164854130647,-0.0411974556139217,0.0393370048597707,0.0791952798447455,-0.128544476130002,-0.118712728537965,-0.0507762196749609,0.0040069698495261,0.174869034533355,0.0437756788079451,-0.0551050718071481,0.031281797642301,0.0317885298529132,-0.0480152749181907,-0.151779154618198,-0.0148508295663746,0.0897803392700785,-0.0673743841399784,-0.0135890381165254,0.0438872525272313,0.116063590668128,0.028635190409393
2789.in,2789,1.00000000135393,-0.301764433329353,0.0255341079646245,-0.0154850429113841,0.389555736084433,0.138952738398356,-0.0423536319948348,-0.411389762635133,0.0660306871765905,0.117845373126103,0.376128519447863,0.26614970518355,0.256081248338216,-0.0933233164314082,-0.201722876614925,-0.253353979665155,-0.01679195339908,-0.0038482925709471,0.134835593561575,-0.122383188194603,-0.169438237440105,0.0034137137001084,-0.0032200092496293,0.205651243370365,0.0115362510372657,-0.053432912299217,0.0117006330977578,0.0066844282840463,-0.0771276057565659,-0.197465059417133,-0.0143318516824591,0.105350594460135,-0.0537338220679272,-0.0355961965366723,0.0604296657471468,0.160161055866426,0.0105778328518503
2799.in,2799,1.00000000094311,-0.209837626457006,-0.14391331879238,0.127185307156738,0.270948698486271,0.0391742175444139,-0.0012229777695037,-0.384780162249902,0.0454108106461517,0.16091182619215,0.430511837167133,0.321961402766648,0.159890741199775,-0.11449165255418,-0.0958225503106254,-0.205158450733173,0.0789571111959039,0.0224518843259587,0.04614297019457,-0.16242885889566,-0.141404386787364,-0.0239529657773249,0.0678297330167424,0.191280700760655,0.0260140594415117,-0.0946082734863784,0.0582592699556646,0.0570774244378647,-0.0602986947783522,-0.173818294241201,-0.0139287499327434,0.0642749065784283,-0.0603058578075452,-0.0197704487516933,0.0672178676567664,0.176581058766814,0.001878271934848
2801.in,2801,1.0000000012393,-0.295767566183684,-0.0912023181974849,0.0967193823578968,0.331084457618341,-0.0260320205331435,-0.0468408281030425,-0.413814670870087,0.0643095641318034,0.119078517633259,0.459577168174469,0.344634707708385,0.210754637977388,-0.0926126849387397,-0.127428217138177,-0.253849567726639,0.0813087044568126,-0.0045549621218182,0.0779876194672778,-0.16157713894036,-0.162997205614349,0.0027346778620126,0.0670004506012345,0.214033249445859,0.0142535145939237,-0.0946759793110428,0.0494924554123068,0.0459240464120125,-0.0772515589259588,-0.195150624786366,-0.0155836929828801,0.0753939565719039,-0.053517978721499,-0.0313035038538364,0.0770644633216316,0.200727214674836,-0.0101947972422501
2821.in,2821,1.0000000009771,-0.119024750134479,0.0478126929341868,0.156912016560823,0.229871466210965,0.397910790236025,0.0447732411898393,-0.35150065677755,0.0274020668543859,0.201272508940395,0.407224375731507,0.303214448393609,0.220545979563604,-0.140977363940133,-0.0664348851242868,-0.152391223362468,-0.127794536090231,0.0447592953789649,0.131488333973161,-0.163945194126142,-0.118017401064545,-0.0541667583270994,0.0645942708797211,0.177784195993174,0.0411773165467009,-0.0927487915688137,-0.0070850567764152,0.0643411640640099,-0.0467361596151991,-0.153154210620146,-0.0142968050297908,0.113606003179524,-0.0670552000565977,-0.0110964367254192,0.0286400989924212,0.156903352695986,0.0451578187921143
2825.in,2825,1.00000000124663,-0.286293202027811,0.124152784073577,0.0883183452969128,0.342248204751953,0.281602573616726,-0.0400741717100378,-0.409580231855642,0.06333949807907,0.126648415609,0.455244804288881,0.344512574449543,0.30003375383261,-0.0973194053679425,-0.141614965364074,-0.244447552256837,-0.10859906026135,-0.001240566236699,0.18740292128904,-0.1577315095605,-0.167225352465212,0.0025344821825971,0.0636020495986575,0.213615950901866,0.0126784978638547,-0.0908556597964606,-0.0195263110949504,0.0429691703510709,-0.0750610972017266,-0.19535979252343,-0.0163094986501785,0.131458754928765,-0.0562619321143698,-0.0347159065300727,0.0445011991547789,0.200948454850711,0.0245707620447498
2828.in,2828,1.0000000008291,-0.0779107690870533,0.0185995397829403,0.183864842507019,0.236721721668802,0.289259783512826,0.0629372041740343,-0.338429245126733,0.0164940663859913,0.229087568671517,0.462809416482073,0.343212761001178,0.226710538050125,-0.150230586984176,-0.055537545875758,-0.134750679345163,-0.0760992345052968,0.0554605623061975,0.129342895594155,-0.181451292039967,-0.10626276953253,-0.0701739915408261,0.0981316306442464,0.193098728522509,0.0497023623846181,-0.10907918098373,0.0017199117993534,0.0763516607478789,-0.038260264818065,-0.138581652456152,-0.0154872942495018,0.108945825082124,-0.0712272018656968,-0.0058513622874113,0.0416278766038065,0.186335505786813,0.027878644387754
2832.in,2832,1.00000000115813,-0.243201095102603,0.105503657239712,0.111561372847828,0.34433543839504,0.180630642889529,-0.0231680657975461,-0.397556053736785,0.0524984471389479,0.136541078161357,0.497750393565918,0.400627221794424,0.312631950170142,-0.108056360935627,-0.135947321870104,-0.220163225888133,-0.0645364602927548,0.0096776342636351,0.181113020791121,-0.176366441430165,-0.153391178672902,-0.0108396812966758,0.0953129375702832,0.228712719541986,0.0205045889664771,-0.110322404237827,-0.0113582885601956,0.0520991805216588,-0.0698321685078058,-0.183888879591745,-0.0151159341382679,0.143219734256957,-0.0575800067333211,-0.0239338622566518,0.0507333084082258,0.234388394251376,0.0145352642897637
2835.in,2835,1.00000000118664,-0.205864569923966,-0.0230626160611641,0.231149471592994,0.231944406780022,0.190234597328975,0.0053730053536934,-0.379191457338245,0.0447170355976045,0.171588790971831,0.517798337187893,0.392571532905188,0.217820479055147,-0.115388366706488,-0.0377172422908384,-0.204950244930046,-0.0253207586987543,0.0212572998686665,0.109596931470939,-0.194755696371666,-0.138831923213242,-0.0264871270850203,0.129852946046191,0.204881901726079,0.0291174641648678,-0.129375484446394,0.0176039364149843,0.0913998862291918,-0.058515484573815,-0.172542671884884,-0.0170894509603676,0.0979546170557285,-0.0626081729785002,-0.022483770169316,0.0547062500880585,0.215364219856172,0.0138947071193189
2836.in,2836,1.00000000135973,-0.155751769611484,0.007567287338749,0.202435460599714,0.269862909532819,0.160140684353776,0.0336761540595983,-0.359222650017509,0.0329785014096261,0.187151516717998,0.527259620428009,0.418667857010274,0.236375128411291,-0.130875724294274,-0.0672699960480487,-0.171591857570031,-0.0199668301642651,0.0348614900654727,0.124247764621339,-0.194903917242203,-0.13052496029005,-0.0451303207453603,0.133977298123009,0.216020271776127,0.0364835559418165,-0.128745656838551,0.0140320333144985,0.080589403857572,-0.0496635213517603,-0.162476673523823,-0.0147666278555499,0.121205746099593,-0.0652641906314192,-0.0172980009592495,0.0538820294279493,0.236358346675917,0.0140491790505473
2839.in,2839,1.0000000007922,-0.111793914657597,-0.101169129054847,0.0175227791350062,0.293466928027762,0.283414014549609,0.0654923438115018,-0.397301334995205,0.0319019577116714,0.219372847857337,0.316639241045012,0.232042762488006,0.164739059926472,-0.156141165360337,-0.150484199366209,-0.153085582823468,-0.0200325106120121,0.0723524810790568,0.0958661623218718,-0.138163963820779,-0.136979826177557,-0.0438905301934434,0.0188584393130436,0.162626743842902,0.0242836518748082,-0.0566541293398652,0.033577995353593,0.0288873661289088,-0.0385064134336311,-0.14954180678447,-0.010532227157636,0.083094875870355,-0.078805660646944,-0.0213036483625638,0.0310074967013463,0.110045445371912,0.0360001354471721
2853.in,2853,1.00000000098547,-0.201531241606482,-0.172058826408773,0.076861458309545,0.292800254524818,0.0690757636434949,0.0180257153367419,-0.432449383065969,0.0457489099771972,0.170175141464989,0.407293848831189,0.330316151572399,0.158487079075728,-0.127280109823804,-0.12877736276631,-0.200376627009593,0.082666293421971,0.0447151360860876,0.0694121336114921,-0.171176499375418,-0.161987000680132,-0.0120584003396957,0.0845667845613281,0.188568114519954,0.0080047944856825,-0.0921393467453873,0.061348083443897,0.0522689711607159,-0.0555181223456843,-0.170142269020678,-0.0120517323629846,0.0638015987360301,-0.0721921894565497,-0.0294360336543672,0.0534805362597569,0.173291279421527,0.0080797895991356
2857.in,2857,1.00000000109071,-0.120678672516987,-0.057849298474116,0.0745745459524431,0.256615681047744,0.350235909779902,0.0525264926692892,-0.40592670603822,0.0271301912050602,0.213792912582622,0.35314957055699,0.271859452928471,0.189989650596766,-0.150753102316664,-0.117052536908537,-0.156736520427653,-0.0665557349963911,0.0675753309168044,0.119580884954445,-0.160448289032504,-0.138073218742378,-0.0372664119769685,0.0505345574023664,0.167517103386996,0.0238355217351691,-0.0765430647755345,0.0183055859404557,0.0514273907736813,-0.039321673145691,-0.150855083914934,-0.0143562243681911,0.0947836216752227,-0.0805754449289574,-0.0222916451188714,0.0214840860403746,0.130245184439764,0.0399895960191198
2858.in,2858,1.00000000104241,-0.0724999886648903,-0.0295915817161473,0.0421312252744057,0.291617086102341,0.318239900526231,0.0798774907926903,-0.38725215558558,0.0182554979421663,0.237488828234659,0.362407653015206,0.283057153832293,0.220151751320489,-0.168169588730767,-0.13722785135672,-0.131823883213332,-0.0616709095129599,0.080459173553945,0.137264663035706,-0.155685112744731,-0.118879052727128,-0.0567652318724705,0.0473879099630357,0.176742214959689,0.0347412945280751,-0.078609550585503,0.0133969561971206,0.0421515246104928,-0.0326150629919204,-0.13670215104319,-0.0152012409314936,0.100645655332889,-0.0859886825680064,-0.0148493823020589,0.0290938698194982,0.139495554068584,0.0344646300735831
2859.in,2859,1.00000000113119,-0.212310560326322,-0.0063439254370299,0.0286304074478117,0.319663536852934,0.29620013702966,0.0201315769033708,-0.430632425725385,0.0441000258033011,0.171036994038297,0.375745590999767,0.285625153382697,0.230587102386465,-0.124608045355963,-0.160798894160791,-0.202051696256393,-0.0544628384744353,0.0457816016493032,0.15487844953764,-0.155171448105277,-0.165105015801546,-0.0128524422472375,0.050741516377625,0.183307308700018,0.0057580493632444,-0.0734397970811309,0.0060299945310893,0.0377172973228519,-0.054294480315446,-0.171313703690987,-0.0129090251427087,0.108138342920273,-0.0724380706358233,-0.0304667158411387,0.0342251080090893,0.154361575842582,0.0292929841310253
2863.in,2863,1.00000000131944,-0.122269015561432,-0.105901244891167,0.117942490698242,0.238680531627386,0.268858276844244,0.0623412321773373,-0.404523668483359,0.0283002389406218,0.211572498380121,0.395306945542165,0.30265374818413,0.168564066435533,-0.153770582042801,-0.0895418836654746,-0.154747612974076,-0.0154755747470297,0.068483495455131,0.0966260511423414,-0.177849095505288,-0.138390369787496,-0.0429336251944479,0.083486385112788,0.173114526293257,0.0237903560809875,-0.0929008226178629,0.0327143601803312,0.066946458378694,-0.0410912981956291,-0.150004757832445,-0.010599515135244,0.0827640606701908,-0.0795720287214918,-0.0204962658295993,0.0339261676425417,0.147640519771528,0.032260934059255
2896.in,2896,1.00000000110641,-0.242780601430666,-0.015670555570388,-0.119150721628633,0.437024081828886,0.172427121203298,0.0277395905307047,-0.490394916983056,0.0543961966805324,0.169798533912657,0.351844467890615,0.286138748171601,0.274996062478022,-0.132342220391277,-0.254931822292497,-0.22244756183999,0.0174579707109182,0.0621749063743296,0.19554553987321,-0.146840684205069,-0.193285785147034,0.0038756684607451,0.0402754060815409,0.197746016086635,-0.015075319182602,-0.0582951936189667,0.0128317032162887,-0.0020854416568118,-0.0554059784336306,-0.177425291706057,-0.0067523310963512,0.113431835932932,-0.0819508408211045,-0.0417665739865028,0.0432180968630009,0.154984379137648,0.0160860110344408
2901.in,2901,1.00000000106658,-0.297781294291166,-0.0964720933643726,-0.0425562047452504,0.372900765170606,0.123649957988417,-0.0058646424787214,-0.512258026751928,0.0643906999255475,0.14121241414001,0.376630304298823,0.315442100688802,0.224253194779968,-0.117103665966775,-0.199846476963365,-0.252263836641284,0.0613784066432937,0.0453032923118348,0.148973179967137,-0.165766590066568,-0.205405118868427,0.0243036017190955,0.0716005140710702,0.193208869946281,-0.0253257405347875,-0.0760972941894741,0.0382358841656855,0.0247489594318646,-0.0651174482979595,-0.19387582281413,-0.010075280197828,0.112053827747894,-0.0769731178382341,-0.0499462665947755,0.0490402225626493,0.166152797449686,0.0124867008358835
2915.in,2915,1.00000000124441,-0.0635108706003338,-0.115621314971966,0.0572911451960317,0.278350412647131,0.279355491222964,0.102868064947317,-0.432799700137406,0.0123952406133597,0.251635526763654,0.388879276542134,0.320167035521049,0.19199724665314,-0.177108141284169,-0.135448614065735,-0.126396758687838,0.0021401137447779,0.108595232861557,0.134994425776493,-0.185899344147019,-0.139444202034333,-0.049822990858128,0.0987561079144313,0.176626951533453,0.0151022340419417,-0.0941671124107085,0.0305334595033405,0.0601797791802259,-0.0245378709795585,-0.133012120193473,-0.0107708703790199,0.0898637271589802,-0.0952116719831849,-0.0196218329210874,0.0277734838821111,0.156034449759703,0.0313935356258062
2925.in,2925,1.00000000090569,-0.0764816236297135,-0.0057654664136403,0.0501043799350598,0.277633812444908,0.422814902680981,0.111130125615264,-0.438790226786561,0.0166997960241899,0.254025866147698,0.386166241576556,0.307730665647536,0.239458813301096,-0.175346430813104,-0.121087079366183,-0.134350198331326,-0.0858201052579787,0.109700000577328,0.193347039295113,-0.185479641577531,-0.143826140134248,-0.0523565530706142,0.101572216722153,0.173479159746011,0.0140400845793864,-0.0936776084502753,-0.0043304835383565,0.0602938013591324,-0.0254742671818136,-0.135242677005974,-0.0092432806814173,0.122147980877165,-0.0950606158782674,-0.0205415791983395,0.0188066963577115,0.149543646435918,0.0460478850956761
2938.in,2938,1.00000000092087,-0.171597782260671,-0.0311539971979939,0.0101246532614152,0.306001666508421,0.187612829459671,-0.0687459807727541,-0.40602147549082,0.0396611465033418,0.173006085686878,0.330333433700358,0.267031661109433,0.279904005772306,-0.124710367883395,-0.128671811454801,-0.221505866841581,-0.0412551330134519,0.0095461953109578,0.0820545443859516,-0.131714624112467,-0.100061491292705,-0.0318583212333712,-0.0520391943036237,0.202737376139119,0.0617630041701513,-0.0691583885897003,0.0381118662552339,0.0211958501483604,-0.0762242691832868,-0.195027803226171,-0.0278280277307475,0.0956503035988831,-0.0588267013169987,-0.0016065553524177,0.0748278954219664,0.154428120484163,0.0119256830590866
2945.in,2945,1.00000000095344,-0.125182067247261,-0.0617430781464653,0.0459537781607075,0.319322258340366,0.0687443851469354,-0.0455222545171423,-0.389390807508568,0.0278089624583415,0.19462191313708,0.382340973526801,0.313087817988413,0.280162414316718,-0.140471607064345,-0.126763762961315,-0.197775943132467,0.0178801203595937,0.0311781443838417,0.074104326478261,-0.149163582828997,-0.0860548386764089,-0.051616728284105,-0.0214281390134032,0.217849364022256,0.0706302990000756,-0.0864188793019238,0.0490678022719282,0.0300083109997801,-0.0682772047349076,-0.181459619819586,-0.0245772486999946,0.0861807238593169,-0.0635361944413779,0.0061990086848671,0.0872545785836571,0.18375792744941,0.0008455885906976
2946.in,2946,1.00000000135701,-0.264327386435943,-0.0504741855550409,0.0452108851323454,0.34018587740375,0.0507259750645316,-0.116845522850357,-0.44310301606221,0.062558025963769,0.12311423271351,0.394503630330132,0.333179606371286,0.290641160319117,-0.107958926988383,-0.140572383396222,-0.265752826570961,0.0144288816472732,-0.0118436704354696,0.081939972130797,-0.15204369330944,-0.128042697116477,0.0015490523353431,-0.020789005360072,0.226969357642558,0.046536465790482,-0.0876167429355691,0.0493946361142732,0.0278161899561367,-0.0953465017752684,-0.219483666037456,-0.0252791980957963,0.0848022055324956,-0.0523403671737304,-0.0140707296732988,0.0879671302178668,0.193639075045945,0.0004017636644937
2947.in,2947,1.00000000106307,-0.213310055634831,-0.0208632257039865,0.0050880402837019,0.37720855697649,0.0045093070998519,-0.0845847707778059,-0.42869327167521,0.0468893945343095,0.159733610824264,0.402553544539143,0.334363255690702,0.320476858194384,-0.118586849861317,-0.159355048970659,-0.237960682546063,0.0281014384461039,0.0078458491924665,0.104470350130623,-0.146064222904946,-0.109613440385483,-0.0213223800407657,-0.0238840370659258,0.236245618709796,0.0559102248030993,-0.0852888036737283,0.0436812592297732,0.0180825898135484,-0.083978236130731,-0.19852005314949,-0.0266911828804538,0.0974071439190313,-0.0571770427974968,-0.0062576899555439,0.09566120973477,0.201173127874153,-0.0097208371737584
2961.in,2961,1.00000000078519,-0.0456774620786473,-0.0385522448219562,0.125969386188545,0.238467735320119,0.212320517139494,-0.0036419919587636,-0.366197000795007,0.0069064111294586,0.237100286136012,0.406669024207725,0.324331729549866,0.266238136603814,-0.157552548672972,-0.0643872808558023,-0.155141950894226,-0.0496388223008717,0.0530014574300301,0.0757572284848429,-0.168385923581671,-0.0637130510191358,-0.0749813076124632,0.0059201859074656,0.205260480943674,0.0847859152811401,-0.103578528491141,0.0376073201935525,0.0630572423902504,-0.0533005074075874,-0.159874879939396,-0.0273596652478784,0.0917591628512015,-0.0698378499861261,0.0171838233303075,0.0699478021130316,0.181017201132162,0.0146302566921955
2962.in,2962,1.00000000113869,-0.171586493563595,-0.0340903454236458,0.118637399947043,0.255802022968153,0.183458911351546,-0.0716998701806848,-0.412550217468528,0.0342186569616894,0.173161654879793,0.411488057504622,0.339085631292735,0.28051104945652,-0.127929409907795,-0.0748280116831262,-0.22086081530739,-0.0367265816903665,0.0172500263503714,0.0848072846770764,-0.169924189610703,-0.101953738540724,-0.0333860025955034,0.0104358888433234,0.213148117185848,0.061615691221797,-0.105792746970749,0.03601214799499,0.0585304218322908,-0.0766816843899907,-0.192091482820841,-0.02794545838856,0.0933190034877382,-0.061393861986345,0.0016445070173212,0.0737573575530642,0.190122348011312,0.0114632905486284
2966.in,2966,1.00000000075046,-0.08485334860712,-0.14318891273501,0.213577699869874,0.172377873500251,0.154739100259298,-0.0274141184554792,-0.376656404838898,0.0161409935635333,0.217414031798631,0.437592060845226,0.357103848087102,0.202934809505835,-0.146591862781147,-0.0027591261952242,-0.175960452348444,0.0120017917568565,0.0413176185340043,0.0167512841863553,-0.190890244776693,-0.076749389337822,-0.0622227281369464,0.0456064960741556,0.19968893387915,0.0783125428572291,-0.125811851143145,0.0673013433667237,0.0912939349012245,-0.0619565805148762,-0.170177451310378,-0.0278827421764113,0.0656099892490462,-0.0671807136199868,0.0124379915560738,0.0744854746316759,0.191592170678412,0.0091492567096006
2967.in,2967,1.00000000084775,-0.0364500316162876,-0.100169259662277,0.191627659768711,0.203064121713702,0.130078718660022,0.0022486003261457,-0.361435065835531,0.0088962065805877,0.243592822386947,0.448962472337928,0.370604940999144,0.235780708923537,-0.163968796112363,-0.0172122055589002,-0.150581860734958,0.0097704135908146,0.0532291028715379,0.0486578110458517,-0.192300100809798,-0.0597074949442582,-0.082094742025834,0.0469400829543176,0.210538954382849,0.0849486553261409,-0.12719446164708,0.0547166443644024,0.0823532377410208,-0.0546012425596771,-0.155372310096076,-0.0275133777911535,0.0753749249140489,-0.0712813809362665,0.0194852804899888,0.0789420957498121,0.198655222209544,0.0064660178309321
2973.in,2973,1.00000000085822,-0.040928920703916,0.0576205530009616,0.122738386212992,0.235770529988545,0.35999451663547,-0.0033563473617475,-0.364223470487883,0.0100898801190983,0.240335465564707,0.400105271017095,0.334213500660455,0.309021631750747,-0.162751775282684,-0.064119136241162,-0.148660768529013,-0.134566642485802,0.0545997008498303,0.125988210369704,-0.168901095464032,-0.0654769501683756,-0.0763652558422144,0.0090005334917214,0.202893048958558,0.0861544490317373,-0.107213019208469,0.0023080786850445,0.0603222779398931,-0.0540524479414402,-0.159105397801744,-0.0257262172076144,0.118375689560868,-0.0718533057914598,0.0160223573576173,0.0544952641998126,0.181678402830826,0.0332796335800843
2979.in,2979,1.00000000118736,-0.0318876757098624,-0.0049076706759167,0.194067294227914,0.212712000635262,0.283278261061596,0.0005014256986472,-0.367272351569865,0.0111326359965008,0.23689231666562,0.439204175070645,0.370328071526698,0.282953136877774,-0.162434128106247,-0.0305054342806543,-0.14618016807003,-0.0918728583616866,0.0528005460485088,0.0998254012588382,-0.191547144408423,-0.0645432882622088,-0.0749509824150077,0.0426046223041196,0.212134421095952,0.0850199479675871,-0.124254298174467,0.0248257306816222,0.0836546143788049,-0.054888859025557,-0.159282271112313,-0.0262549162607169,0.0995785036048328,-0.0721494248112993,0.0168073312869999,0.063930942745634,0.200735363505893,0.0259318491512623
2980.in,2980,1.00000000089324,-0.16900574086587,0.0197169264266923,0.17521085338677,0.230140077118243,0.263762817114346,-0.0712889938618423,-0.413951957817193,0.037993217076163,0.175114956485923,0.448259562868769,0.377739125539712,0.305545335523773,-0.129092407464132,-0.0410256717987608,-0.220043922080863,-0.0892644988896491,0.0180705613386636,0.114151275722222,-0.188599819632538,-0.0997015493315537,-0.0296164185645795,0.0402064836493803,0.218509881352764,0.0624300589187905,-0.123471194605313,0.0215035270928747,0.079347343100295,-0.0778745351013153,-0.193143977493932,-0.0285165218915748,0.108602480509752,-0.0613347151073915,-0.0010780823482822,0.0667543778467682,0.208895204077602,0.0223805779234685
2981.in,2981,1.00000000103833,-0.122719052139305,0.0463624018643626,0.145190753673732,0.264921679629458,0.228814298855762,-0.0446419697030448,-0.392664784413745,0.0266449304889,0.190474915219063,0.46717981447645,0.387053942321974,0.324518777562731,-0.141202102079926,-0.0715660536051329,-0.193674403537312,-0.0806522219115071,0.0303079477268244,0.13085529629062,-0.188808549996197,-0.0884721249824942,-0.047233079419251,0.0399421092438809,0.227813559097681,0.0698395763958043,-0.122216595248264,0.0109305275314206,0.0677924022150484,-0.0686852151508304,-0.179450388554957,-0.0240868722838505,0.111053164987675,-0.0640314496523268,0.0064224469907145,0.0711015926619356,0.220664778158812,0.0163879862941026
2998.in,2998,1.00000000122451,-0.174121135702058,-0.11902227108832,0.0197438404116195,0.29407493034683,0.141300683298042,-0.0577662920366669,-0.463154576753888,0.0362994347187699,0.187393214679159,0.345435174189764,0.306628418187866,0.251220195726477,-0.135031736499044,-0.123896816359776,-0.222193263949593,0.0255431800787804,0.0412505829231691,0.0765285938008586,-0.159847118254525,-0.11979110660905,-0.0195940900194802,-0.0082160669179455,0.199691091610881,0.0427170851330076,-0.0851781993721268,0.0616312853602561,0.0389431089036394,-0.0694366418191712,-0.190559985702734,-0.0268608067307883,0.0788688403853219,-0.0705166439538871,-0.0076764183125626,0.0723416593776523,0.16448916292848,0.0084087378590577
3005.in,3005,1.0000000011638,-0.121055166513704,-0.154537840030276,0.0587902960789871,0.298890754102292,0.026302657478148,-0.0274281817365441,-0.446387118335076,0.0239628336434619,0.212004920221316,0.406795736259341,0.35518054609691,0.252994457157885,-0.153056047707759,-0.112801224375652,-0.195520212163904,0.0826218227492631,0.0564464981238767,0.0697348467825078,-0.181063635188969,-0.105819087324831,-0.0388645613383121,0.0288082683979493,0.216735683168567,0.0518260828238409,-0.10711240435259,0.0734327779285118,0.0516608811334975,-0.0632992198465527,-0.176311150744035,-0.0242564775022528,0.0709611213753328,-0.0771194203996805,-0.001303433020014,0.0856362859530952,0.195074161058193,-0.0055915454285336
3010.in,3010,1.00000000118471,-0.168768700703606,-0.0082674812717133,0.0257325588917988,0.287397725065492,0.280351347321774,-0.0472005588852501,-0.462589093118203,0.0362872540596107,0.19010060936217,0.349915081858981,0.304471025675305,0.30427371292316,-0.142176672610153,-0.114280443452506,-0.220840329893905,-0.0654627665287861,0.0409279857408171,0.133074429522726,-0.163669052630982,-0.119830375049507,-0.0235821904471527,-0.0022389105381724,0.200243697733596,0.0439577484359224,-0.0884237140951605,0.0243423751299871,0.0412569430825839,-0.0717210850484141,-0.189243153392344,-0.0245027799441326,0.110956618735129,-0.0728125213341341,-0.0073682843243737,0.0588615002656105,0.158910435769836,0.0255374332574402
3013.in,3013,1.00000000093451,-0.209178264461696,0.0543656397413436,-0.0335578987413861,0.386050078386662,0.206013314169308,-0.0711111825396181,-0.470397235547895,0.0456647796641846,0.166702396578825,0.392331609420454,0.341446796111444,0.364062394094766,-0.126286141715544,-0.193059013375321,-0.243843441196672,-0.0518902339758998,0.0325036053419773,0.178971782113853,-0.157071905436866,-0.133036042501458,-0.0076462028101481,-0.0062518165709165,0.228633226536912,0.0345988315163512,-0.086201275189906,0.0087684627506432,0.0194011097456734,-0.0779063287228588,-0.201925075578401,-0.0241765541042745,0.122240073582798,-0.069110600951184,-0.013087629745869,0.0699101831899838,0.201245202443243,0.0110135315587429
3018.in,3018,1.00000000102025,-0.250584930118959,-0.0337280661764386,0.0504954729492519,0.319928779267912,0.159025630442003,-0.0971210244793173,-0.487690186837096,0.0573192507792296,0.144278310896566,0.418041703176999,0.369651742458453,0.312823038294158,-0.122025406939816,-0.13264331651649,-0.26364029946849,-0.011694891036122,0.0176256497907292,0.129293918536116,-0.182772976540875,-0.142569455287002,0.0072750600424063,0.0268295862150302,0.222703413554773,0.030438434061425,-0.107443402109018,0.0342949289282637,0.0458777723751796,-0.086535144381693,-0.212745058439088,-0.0243767381746758,0.0990535444190054,-0.0670066790123784,-0.0201983247935398,0.0710193324134719,0.203370931462629,0.0095663867976215
3020.in,3020,1.00000000091858,-0.0911279922418008,-0.16530971536748,0.161997388274218,0.18618513606641,0.185340374135,-0.0059535653367681,-0.431705602277116,0.0201628279197127,0.229498712378352,0.410222673462523,0.352914209712671,0.208422941541682,-0.159949656080926,-0.0179088940770549,-0.180780398201749,0.0242949485284891,0.063487159591259,0.0452534862346107,-0.199155013152331,-0.0968589960448214,-0.0530885916839601,0.0641499386514945,0.191871711703028,0.0583140685642189,-0.123863527416538,0.0666779662887523,0.087141187387579,-0.0570031758151864,-0.166811508852562,-0.0240755528515408,0.0701156535636937,-0.0796079027360735,0.0024784109332765,0.0666973270404578,0.17577303966689,0.0167384930633343
3022.in,3022,1.00000000099138,-0.174205611129118,-0.132554850176208,0.132970076594372,0.234236973712539,0.135527855972978,-0.0598062103249825,-0.466117749976186,0.038054710697806,0.182751115183418,0.434803394501734,0.378183897504215,0.251401226356197,-0.137879204309856,-0.0549942154092438,-0.225870884407451,0.0293577452768333,0.0408502836779791,0.0756116597192213,-0.20596206027131,-0.118651711576876,-0.0191618109261377,0.0642187866175001,0.209277192672468,0.0446179619133421,-0.127097893814066,0.0610071389584972,0.0792265664818918,-0.0733553800762482,-0.190412497051925,-0.0248611859326589,0.077733249773214,-0.0722047633021096,-0.0080928348774934,0.0728863635519659,0.200278286920938,0.0076364613325572
3028.in,3028,1.00000000086105,-0.172172728289504,0.0421366234607687,0.0774271015573926,0.266764515689034,0.365569272139099,-0.0486437997850806,-0.465094989184677,0.0390637959866854,0.184226689453191,0.385472809205581,0.340524686571412,0.32472951568024,-0.141050749663603,-0.092400620821174,-0.218566891538786,-0.117472439236954,0.0416312160943475,0.162772975853138,-0.1819952960166,-0.121699724370126,-0.0188220903914031,0.0320414816339041,0.204648673105065,0.0410657835637051,-0.104495161910279,0.0059311197018779,0.0575949894683087,-0.0716592262517093,-0.187236599192727,-0.023331336119264,0.122681315195799,-0.0726711224687049,-0.0095874210782132,0.0467977734907481,0.178096979795788,0.035274959593805
3049.in,3049,1.00000000118307,-0.0326662622206629,-0.19000527242193,-0.0015833877942148,0.274262845520858,0.181182023540415,0.031179525103504,-0.466461849777794,0.0067019208321608,0.268725553785192,0.322032928637092,0.301031031162304,0.224918007420471,-0.185726758650166,-0.128268664666741,-0.145230956880255,0.0481523167035077,0.105213339559963,0.0801737643083118,-0.176951162489728,-0.101007558165297,-0.0549955425905931,0.0151942832518321,0.18459641363066,0.048583354701371,-0.0893237041764653,0.0722524923499344,0.0455005851772123,-0.0405591354617234,-0.151704101032844,-0.023533554715322,0.0730948694239656,-0.096438380543319,-0.0001866590190826,0.0589975294413953,0.147120275886307,0.0162474913469924
3055.in,3055,1.00000000071505,-0.0296012866179344,-0.239753894808747,0.0551780438383808,0.25263724554366,0.113256081937105,0.0446907332559155,-0.457419049313487,0.0052466828846278,0.274735756782541,0.37171919134451,0.334523693700586,0.196711693056329,-0.187374111352925,-0.0969959591087352,-0.142923574214045,0.0892108631500769,0.105783444296113,0.0553730624306133,-0.194577251489039,-0.101962875841753,-0.0622675035836884,0.0481823428289081,0.191014496238554,0.0506554266414341,-0.106536824058504,0.0859288322133456,0.0652155291629576,-0.0386873850591854,-0.152319323028837,-0.0223740350264602,0.0600099100763434,-0.0944805282080931,0.0020186615966262,0.0702331992838374,0.166181742117029,0.0077581814823907
3078.in,3078,1.00000000106327,-0.0851924964152567,-0.109341664466569,0.125196692836942,0.1844372529306,0.366402607699028,0.0120676697079728,-0.480035781107884,0.0195023885230671,0.240933639597387,0.397890166411043,0.35352678420625,0.245661320005443,-0.172771081055012,-0.0452975852489037,-0.176800759266629,-0.0483148956115195,0.0923676140108138,0.117233548652531,-0.217001086447937,-0.118458586741397,-0.0404106397617909,0.0800601587095133,0.180961219622433,0.0383221125334186,-0.124956209106912,0.0370822389735763,0.0905785052152029,-0.049905619333546,-0.166456966653862,-0.0192067227022983,0.0931252985804974,-0.0902088248051938,-0.0037540258944944,0.0418463225571168,0.167017772482252,0.0372534603660441
3107.in,3107,1.00000000104519,-0.0777230534512123,-0.090779178133054,0.0324267517059366,0.227776159721198,0.474937228183905,0.029233976410853,-0.53434693413081,0.0187391043834063,0.255966318939793,0.328550090303111,0.321444707827327,0.270322025059687,-0.188655490388543,-0.0881720104876755,-0.170331074948952,-0.0932062933949415,0.113510925860909,0.167877552802603,-0.208073065428407,-0.131083014215263,-0.0292230046067318,0.0629558481118953,0.172541892977948,0.0240596979622028,-0.107173662672592,0.0256209301407398,0.0704103723043848,-0.0424560188570466,-0.161650847855293,-0.0190253853721214,0.111083057511735,-0.103355752652818,-0.0158048434711273,0.0239538685227962,0.139775980010434,0.0513409104781315
3109.in,3109,1.00000000108908,-0.179273269302277,-0.0442408413847476,-0.0004365533191366,0.279712856020909,0.42660920392397,-0.0205763919243417,-0.564358882729557,0.0403912697962375,0.204863107951305,0.35671655676002,0.338862718318224,0.311609232503529,-0.162634665131705,-0.13572297645295,-0.225271019439273,-0.0835504748932452,0.0891054009674486,0.199857297600196,-0.208001739043767,-0.163875139162369,0.0036660646311168,0.0634437925072329,0.189653733801737,0.0044796437595812,-0.10542511723938,0.0143195787238276,0.0607539514673115,-0.0602279112530784,-0.187916641839347,-0.0182610870086085,0.118639503413396,-0.0957349166777301,-0.0255397664239123,0.0298778768939907,0.159439737976955,0.0437962237969559
3111.in,3111,1.00000000081515,-0.0478689489133182,-0.131561303409934,0.0051202173052778,0.236660592733686,0.257265387980849,-0.0718654111214812,-0.457031421186177,0.0093714987691302,0.246325112260032,0.267247680116191,0.257821463873256,0.290399609891583,-0.171806398335008,-0.0856717228759052,-0.192213152401518,-0.0400748204121072,0.0641313562550458,0.0492147974160764,-0.152808567773883,-0.0561088509451408,-0.0587620015923593,-0.0916346306229812,0.192880032161054,0.0948313630235144,-0.0809717604238348,0.0681779784885928,0.0405220347155842,-0.0705307228551836,-0.18533949987436,-0.036408940844056,0.0825629465764114,-0.0782671533394884,0.0249323319253393,0.0805327548722794,0.129405956944436,0.0177945468734809
3114.in,3114,1.00000000113175,-0.0864013556731775,-0.0562367176679378,-0.0429228178765433,0.313937931271499,0.183407395377836,-0.104788731339136,-0.478732525290843,0.0171466625970404,0.223573365035619,0.302060847442312,0.301251993438522,0.365193501634217,-0.162929721293107,-0.143649886239239,-0.214392592142658,-0.0268675960667512,0.0536868311413539,0.0961357333303628,-0.154265983188987,-0.0632175875518871,-0.0429182446526006,-0.0936638443825603,0.220489038537623,0.0865307879257402,-0.0835572026030159,0.0558762194284997,0.0236915702152965,-0.0783683144891689,-0.19602270777291,-0.0375994035644212,0.0956376129743199,-0.0767361505776764,0.0227033006904562,0.0904018633994647,0.165388580298791,0.0080223206770494
3125.in,3125,1.0000000007746,-0.145490285265299,-0.189885461077835,0.0780055176556911,0.237043880487385,0.0572495278827801,-0.12160502042138,-0.485885470842823,0.0298550769735765,0.200886826128164,0.381425430444133,0.358070903471889,0.282778406381955,-0.146881489329791,-0.0600093538458964,-0.246177502119666,0.0660485749395721,0.0346069630265006,0.0227089397870299,-0.189144013965004,-0.0819587445558444,-0.0298136119185775,-0.0239306189707663,0.219607348094948,0.0770200796938542,-0.119706324932865,0.0922218181361853,0.063141529386323,-0.0867842327622891,-0.210623428375922,-0.0364632268050066,0.0624225376825505,-0.0708630348179954,0.0138748333407454,0.103757569686389,0.192185401420796,-0.0057540266060634
3126.in,3126,1.00000000107812,-0.0856198649444991,-0.172548103935599,0.0509455967072438,0.283004034448824,0.0071264668889754,-0.0909179916367503,-0.476074382259465,0.0202754667899659,0.225596439684921,0.381150756833967,0.3684076959563,0.314964341784806,-0.17154863204488,-0.0804383915767608,-0.207774298733945,0.0726658635011077,0.0511607683515399,0.0459756929281193,-0.188510328586212,-0.0631489487974844,-0.0465831565007764,-0.0274243225862311,0.233761960780292,0.0876678509234291,-0.117174992950069,0.0917506200685966,0.0530174716248112,-0.078090166434236,-0.19280129348614,-0.0349667955452427,0.0654927650656576,-0.0775177711668481,0.0170720718434271,0.108824092219367,0.197397631956168,-0.0071186025648652
3127.in,3127,1.00000000130282,-0.207728700700124,-0.152514662732884,0.041847043297148,0.294261795534237,-0.0149368870921831,-0.160041448064051,-0.519560619645909,0.0472032262000217,0.164025800344568,0.384432310263988,0.382171831398839,0.3314930011663,-0.136403625160402,-0.0945252470490429,-0.275204639015074,0.0756197693127443,0.0173507313937214,0.0533058581292731,-0.187922397184933,-0.0961489772870551,-0.004203838519993,-0.0283643852750654,0.23851566896589,0.0677953153017404,-0.11808981943112,0.0914787631330057,0.0494500740588244,-0.0993355080047441,-0.22612078450534,-0.0359150810673947,0.0909373984671863,-0.0648759152885159,0.0047906623084559,0.111129241308152,0.212298387458181,-0.0116086154128141
3136.in,3136,1.00000000120482,-0.001928737696762,-0.0950558767183763,0.0887616221815017,0.218395142223202,0.219699000431958,-0.0554429205808181,-0.444098997286658,-0.0029092671209237,0.273300821892047,0.367496454700526,0.343508578974611,0.327830602627282,-0.1849924454331,-0.041501110622178,-0.171116240504613,-0.0322779301088361,0.0760851320315307,0.0710137442666541,-0.189761082765507,-0.0382318235563479,-0.0776232944433983,-0.0282758409053515,0.214139266332024,0.104169701547285,-0.120079068026305,0.0617309441403538,0.0690747962871031,-0.0620633196069835,-0.171275892524547,-0.0389575167173858,0.0915135838514235,-0.0837599373728712,0.0322328322371127,0.0887150359988532,0.181112985260243,0.0080635814721206
3150.in,3150,1.00000000099125,-0.0816631850030355,0.0547375921443385,0.0578123045985161,0.272615202758366,0.327204891116207,-0.0941593861975331,-0.470918949620243,0.0176711003572235,0.226467351965115,0.386935210424475,0.370939713087543,0.413052611977292,-0.164390218152471,-0.0865926585511245,-0.211524040921879,-0.12380822653774,0.0527552131337822,0.154174339726549,-0.187689985528528,-0.0661371173510166,-0.047211344216843,-0.0269492196797275,0.233230910993703,0.0885783246841473,-0.117899800293078,0.0177563770742284,0.0568689013035004,-0.0780106878639835,-0.196778588538819,-0.035217126015804,0.127935957306872,-0.0755483419578163,0.0225514917176507,0.078768837480217,0.206189850989559,0.0225680497712242
3152.in,3152,1.00000000089839,-0.174776720474475,0.0981314273944249,0.0154965097872176,0.330709825335114,0.263244823089947,-0.134138677833589,-0.504032368724307,0.0379768842560315,0.185400309657955,0.407018615458765,0.386469252074689,0.456759962218177,-0.14388353026949,-0.12221963726659,-0.258251515385854,-0.113184857111381,0.0283887074671453,0.187794793075414,-0.18645385245484,-0.0896140799029542,-0.0198184407798172,-0.0288706659473955,0.24998636421232,0.0729389494647059,-0.117115605877604,0.0085862720473457,0.0425139574312061,-0.0939266863909431,-0.217754563776218,-0.0348795262718229,0.138773730201797,-0.0690323359685496,0.0098898989115533,0.089143173120837,0.22333899545535,0.0134175338582519
3154.in,3154,1.00000000131156,-0.0094765733342974,-0.0571020996742711,0.139382652915596,0.197139957572807,0.294236897701264,-0.0567098919117173,-0.447986650742216,0.003722484757848,0.260655716030907,0.40453054915306,0.38403437200413,0.341083558470209,-0.185679164795392,-0.020722100436593,-0.170391187550387,-0.0746274367601508,0.0733403966334454,0.0954211938193162,-0.208782709582996,-0.0448572701460228,-0.0698263105560763,0.0061347840678939,0.218089726962826,0.0986476950648193,-0.13746508721662,0.0456515729581514,0.0835181086385003,-0.0646646517637531,-0.177714108132299,-0.0351196952584115,0.0990157797441308,-0.082535792633437,0.0293212019113096,0.0763188048319661,0.198575246036569,0.0220815443852905
3157.in,3157,1.00000000089802,-0.218417861150414,0.0156486222970474,0.0981138556284507,0.272709651301243,0.224083453996395,-0.161541377395146,-0.519891432066413,0.0519805781119261,0.156861461615767,0.436473057394411,0.416439983143773,0.403498342927044,-0.134023720280216,-0.0628792598859597,-0.281161880655892,-0.0764697589616034,0.0127249747561989,0.139308553206716,-0.208319797710207,-0.103066889673908,0.0002664457038946,0.0062592718176031,0.246239085988398,0.0666218391817707,-0.136824148491046,0.0326985040487262,0.0691279625225622,-0.103405637864704,-0.230536815528914,-0.0345344409494755,0.119041457980808,-0.0642378898343233,0.0036643264402441,0.0879803143313591,0.229902112298142,0.0120146144770593
3164.in,3164,1.00000000097666,-0.0046602728201723,-0.13035166375432,-0.057594444091539,0.276295588415808,0.256753895653481,-0.0352731291067876,-0.49759860720959,0.0029231182238081,0.275056141184045,0.260173236169297,0.278752169822593,0.316497914771276,-0.196580836985172,-0.128713590630752,-0.166535667292139,-0.0191097418065818,0.0984588496057648,0.09091253812751,-0.166649590327325,-0.0654498755523928,-0.0623345022620325,-0.0703019829954035,0.198134380978539,0.0806390891735551,-0.0815167346104289,0.0665978062997476,0.0303129442181886,-0.0583958615488675,-0.17287324647006,-0.0312357179144914,0.0891000350655161,-0.0926850448199167,0.0213191318913276,0.0748324043763855,0.135985748331251,0.0234036462013653
3205.in,3205,1.00000000115299,-0.142815442813307,-0.15921329931562,-0.103236840253444,0.307373499922976,0.263364031751423,-0.07629309103826,-0.591396185253471,0.0310676325944201,0.223867185253193,0.256742851799329,0.279643261579206,0.322903466192067,-0.175123837195361,-0.155406309691633,-0.239650281940644,0.0011433065052259,0.0860564602495469,0.123059608162158,-0.177950138809273,-0.121954824990178,-0.0087644999801308,-0.0516358789804501,0.195278446102447,0.0415640127632297,-0.0826084101125019,0.0680566706299494,0.0285762335319145,-0.074169960313254,-0.203882308189579,-0.0283925127332901,0.0925201856905808,-0.0934215362768828,-0.0051589446518139,0.0702493308123552,0.131810713394058,0.0222872022844693
