filename,index,minor_1,major_1,minor_2,major_2,minor_3,major_3,minor_4,major_4,minor_5,major_5,minor_6,major_6,minor_7,major_7,minor_8,major_8,minor_9,major_9
fld_10x10x10_0.dat,0,-0.2168,0.4337,-0.1155,0.3851,-0.0306,0.3063,0,0.2748,0.0554,0.2768,0.1134,0.2835,0.1736,0.2893,0.238,0.2975,0.311,0.311
fld_10x10x10_1.dat,1,-0.2482,0.4963,-0.1147,0.3824,-0.0295,0.2951,0,0.2672,0.0536,0.2679,0.1073,0.2683,0.1609,0.2681,0.2171,0.2714,0.2804,0.2804
fld_10x10x10_3.dat,3,-0.2529,0.5059,-0.1177,0.3923,-0.0313,0.3131,0,0.2822,0.0559,0.2795,0.1114,0.2784,0.1689,0.2815,0.2323,0.2904,0.3027,0.3027
fld_10x10x10_5.dat,5,-0.2432,0.4863,-0.1123,0.3743,-0.0302,0.3019,0,0.2721,0.0541,0.2705,0.1084,0.271,0.1629,0.2715,0.2173,0.2717,0.2724,0.2724
fld_10x10x10_6.dat,6,-0.2011,0.4021,-0.1213,0.4044,-0.0312,0.3124,0,0.2812,0.0562,0.281,0.1125,0.2812,0.1725,0.2875,0.2388,0.2985,0.3139,0.3139
fld_10x10x10_10.dat,10,-0.2039,0.4079,-0.1129,0.3764,-0.0298,0.298,0,0.2683,0.0537,0.2687,0.106,0.265,0.1608,0.268,0.2211,0.2764,0.286,0.286
fld_10x10x10_11.dat,11,-0.2201,0.4402,-0.1128,0.3759,-0.0304,0.304,0,0.2739,0.0551,0.2756,0.1097,0.2743,0.1661,0.2768,0.2236,0.2795,0.2878,0.2878
fld_10x10x10_12.dat,12,-0.2045,0.4089,-0.1203,0.4011,-0.0321,0.3206,0,0.2849,0.0563,0.2816,0.1112,0.278,0.1658,0.2763,0.2207,0.2759,0.2793,0.2793
fld_10x10x10_14.dat,14,-0.192,0.384,-0.1186,0.3952,-0.0313,0.3133,0,0.2805,0.0555,0.2773,0.1104,0.2761,0.1672,0.2787,0.2268,0.2835,0.2906,0.2906
fld_10x10x10_17.dat,17,-0.1986,0.3973,-0.1177,0.3925,-0.0316,0.3163,0,0.2844,0.0564,0.2819,0.1124,0.2811,0.1658,0.2763,0.2205,0.2756,0.2779,0.2779
fld_10x10x10_18.dat,18,-0.237,0.4741,-0.113,0.3767,-0.0296,0.2957,0,0.2674,0.0542,0.2708,0.1103,0.2757,0.1698,0.283,0.2319,0.2899,0.3008,0.3008
fld_10x10x10_19.dat,19,-0.2516,0.5032,-0.1154,0.3845,-0.0298,0.2983,0,0.27,0.0539,0.2697,0.1078,0.2695,0.1642,0.2736,0.2231,0.2789,0.29,0.29
fld_10x10x10_20.dat,20,-0.2225,0.445,-0.1136,0.3788,-0.0297,0.2966,0,0.2652,0.0534,0.2669,0.1085,0.2712,0.1644,0.274,0.2252,0.2816,0.2938,0.2938
fld_10x10x10_21.dat,21,-0.244,0.4881,-0.1117,0.3724,-0.0296,0.2964,0,0.2685,0.0529,0.2644,0.1065,0.2664,0.1646,0.2743,0.2292,0.2865,0.301,0.301
fld_10x10x10_23.dat,23,-0.242,0.4841,-0.1127,0.3757,-0.0303,0.3025,0,0.2732,0.0546,0.2731,0.1089,0.2723,0.1629,0.2714,0.2185,0.2732,0.2774,0.2774
fld_10x10x10_26.dat,26,-0.1964,0.3929,-0.1153,0.3844,-0.0313,0.3128,0,0.2791,0.0554,0.2772,0.1123,0.2807,0.1717,0.2861,0.2286,0.2857,0.2883,0.2883
fld_10x10x10_33.dat,33,-0.1891,0.3781,-0.1115,0.3718,-0.0296,0.296,0,0.2644,0.0519,0.2594,0.103,0.2575,0.1557,0.2596,0.2118,0.2648,0.276,0.276
fld_10x10x10_36.dat,36,-0.2179,0.4357,-0.1145,0.3818,-0.0307,0.3068,0,0.2774,0.0559,0.2796,0.1135,0.2838,0.1711,0.2851,0.2363,0.2953,0.306,0.306
fld_10x10x10_37.dat,37,-0.2447,0.4893,-0.114,0.3798,-0.0303,0.3028,0,0.2734,0.0544,0.2718,0.1086,0.2716,0.1669,0.2781,0.2307,0.2884,0.299,0.299
fld_10x10x10_45.dat,45,-0.2107,0.4214,-0.1128,0.3761,-0.03,0.3,0,0.2705,0.0538,0.2692,0.107,0.2674,0.161,0.2683,0.2141,0.2677,0.2739,0.2739
fld_10x10x10_61.dat,61,-0.2073,0.4147,-0.1154,0.3847,-0.0305,0.3046,0,0.2723,0.0542,0.2711,0.1078,0.2696,0.1644,0.274,0.2268,0.2835,0.2934,0.2934
fld_10x10x10_81.dat,81,-0.2191,0.4382,-0.1126,0.3753,-0.03,0.3003,0,0.2714,0.0529,0.2643,0.1045,0.2613,0.1609,0.2682,0.2238,0.2797,0.2939,0.2939
fld_10x10x10_100.dat,100,-0.2007,0.4014,-0.1113,0.3711,-0.0301,0.3006,0,0.2723,0.0543,0.2717,0.1088,0.2721,0.1666,0.2776,0.2347,0.2933,0.3182,0.3182
fld_10x10x10_101.dat,101,-0.207,0.414,-0.109,0.3635,-0.0295,0.2954,0,0.2662,0.0528,0.2639,0.1042,0.2605,0.1576,0.2627,0.2166,0.2707,0.2848,0.2848
fld_10x10x10_102.dat,102,-0.1993,0.3986,-0.1155,0.385,-0.0308,0.308,0,0.2763,0.0545,0.2723,0.1093,0.2732,0.1654,0.2757,0.2267,0.2833,0.2943,0.2943
fld_10x10x10_103.dat,103,-0.1992,0.3984,-0.1129,0.3763,-0.0303,0.3026,0,0.2733,0.0539,0.2694,0.1073,0.2682,0.1616,0.2693,0.2173,0.2716,0.2762,0.2762
fld_10x10x10_104.dat,104,-0.2065,0.413,-0.1149,0.383,-0.0305,0.3055,0,0.2742,0.0545,0.2726,0.1105,0.2763,0.1679,0.2798,0.2269,0.2836,0.287,0.287
fld_10x10x10_105.dat,105,-0.1948,0.3896,-0.113,0.3766,-0.0302,0.3025,0,0.2722,0.053,0.2651,0.1053,0.2632,0.1592,0.2654,0.2186,0.2733,0.2858,0.2858
fld_10x10x10_107.dat,107,-0.2006,0.4012,-0.1116,0.3719,-0.0306,0.3058,0,0.2762,0.0551,0.2755,0.1096,0.2739,0.1682,0.2803,0.2305,0.2882,0.2894,0.2894
fld_10x10x10_108.dat,108,-0.2296,0.4591,-0.1142,0.3805,-0.031,0.3104,0,0.28,0.0554,0.2769,0.1113,0.2783,0.1705,0.2842,0.2315,0.2894,0.2999,0.2999
fld_10x10x10_109.dat,109,-0.2386,0.4771,-0.1116,0.3721,-0.0297,0.2966,0,0.269,0.0535,0.2675,0.106,0.2651,0.1605,0.2675,0.2211,0.2764,0.2887,0.2887
fld_10x10x10_111.dat,111,-0.238,0.476,-0.1105,0.3684,-0.0301,0.3005,0,0.2737,0.054,0.27,0.109,0.2725,0.167,0.2783,0.2304,0.288,0.2971,0.2971
fld_10x10x10_112.dat,112,-0.2262,0.4523,-0.1116,0.3719,-0.03,0.3003,0,0.2713,0.0541,0.2706,0.1104,0.2761,0.1717,0.2862,0.2394,0.2993,0.3091,0.3091
fld_10x10x10_113.dat,113,-0.2377,0.4754,-0.1116,0.3721,-0.0301,0.3011,0,0.2722,0.0541,0.2703,0.108,0.2699,0.1639,0.2731,0.2212,0.2766,0.285,0.285
fld_10x10x10_114.dat,114,-0.2022,0.4044,-0.1128,0.3761,-0.0303,0.3026,0,0.2722,0.0538,0.2692,0.1074,0.2686,0.1633,0.2721,0.2221,0.2777,0.2839,0.2839
fld_10x10x10_115.dat,115,-0.2197,0.4394,-0.1139,0.3797,-0.0308,0.3082,0,0.2749,0.054,0.2699,0.1078,0.2694,0.1645,0.2741,0.2293,0.2866,0.3,0.3
fld_10x10x10_117.dat,117,-0.2209,0.4417,-0.1104,0.3679,-0.0297,0.2971,0,0.2645,0.0527,0.2637,0.1048,0.2619,0.1592,0.2653,0.225,0.2812,0.2961,0.2961
fld_10x10x10_118.dat,118,-0.2004,0.4008,-0.1117,0.3722,-0.0304,0.3039,0,0.2713,0.0543,0.2716,0.1075,0.2688,0.1599,0.2665,0.2141,0.2676,0.2732,0.2732
fld_10x10x10_120.dat,120,-0.2055,0.411,-0.1189,0.3964,-0.0314,0.3136,0,0.2819,0.0555,0.2777,0.1102,0.2755,0.1677,0.2795,0.2259,0.2824,0.29,0.29
fld_10x10x10_121.dat,121,-0.196,0.392,-0.1141,0.3805,-0.0309,0.3094,0,0.2778,0.0546,0.2732,0.1081,0.2701,0.1623,0.2704,0.2186,0.2732,0.2789,0.2789
fld_10x10x10_122.dat,122,-0.1971,0.3942,-0.1144,0.3813,-0.0309,0.3085,0,0.2766,0.0545,0.2726,0.1084,0.2711,0.1661,0.2769,0.2289,0.2861,0.3041,0.3041
fld_10x10x10_123.dat,123,-0.197,0.394,-0.1153,0.3845,-0.031,0.3096,0,0.2769,0.0547,0.2733,0.1083,0.2708,0.1645,0.2742,0.225,0.2813,0.2906,0.2906
fld_10x10x10_124.dat,124,-0.2023,0.4045,-0.1152,0.3841,-0.0313,0.3132,0,0.2817,0.0553,0.2765,0.1093,0.2733,0.1633,0.2721,0.2185,0.2732,0.277,0.277
fld_10x10x10_125.dat,125,-0.1908,0.3816,-0.1135,0.3785,-0.0308,0.308,0,0.2755,0.0547,0.2733,0.1094,0.2736,0.164,0.2734,0.2187,0.2734,0.2761,0.2761
fld_10x10x10_128.dat,128,-0.2264,0.4528,-0.1125,0.375,-0.0304,0.3043,0,0.2737,0.0542,0.2709,0.108,0.2701,0.1633,0.2722,0.2223,0.2778,0.2919,0.2919
fld_10x10x10_129.dat,129,-0.2375,0.4751,-0.1105,0.3685,-0.0298,0.2983,0,0.2716,0.0531,0.2656,0.1055,0.2639,0.1584,0.264,0.2141,0.2676,0.2759,0.2759
fld_10x10x10_130.dat,130,-0.2157,0.4314,-0.1107,0.369,-0.0299,0.2994,0,0.2687,0.0539,0.2697,0.1098,0.2745,0.1678,0.2796,0.2289,0.2861,0.3003,0.3003
fld_10x10x10_131.dat,131,-0.2282,0.4564,-0.1076,0.3588,-0.0294,0.2938,0,0.2671,0.0535,0.2674,0.1097,0.2743,0.1702,0.2837,0.2319,0.2899,0.3099,0.3099
fld_10x10x10_132.dat,132,-0.2085,0.417,-0.1153,0.3845,-0.0308,0.308,0,0.2766,0.0552,0.276,0.1105,0.2762,0.1681,0.2802,0.2306,0.2883,0.3043,0.3043
fld_10x10x10_134.dat,134,-0.2013,0.4027,-0.1139,0.3798,-0.0307,0.3066,0,0.2741,0.0549,0.2747,0.1118,0.2795,0.1702,0.2836,0.2349,0.2936,0.3131,0.3131
fld_10x10x10_135.dat,135,-0.2267,0.4533,-0.1128,0.376,-0.0302,0.302,0,0.2739,0.0548,0.2739,0.1118,0.2795,0.17,0.2834,0.2304,0.288,0.2971,0.2971
fld_10x10x10_137.dat,137,-0.2248,0.4495,-0.1113,0.3711,-0.03,0.3,0,0.2665,0.0529,0.2647,0.1077,0.2693,0.1638,0.2729,0.2222,0.2777,0.2867,0.2867
fld_10x10x10_141.dat,141,-0.2053,0.4106,-0.1125,0.3749,-0.0306,0.3064,0,0.2763,0.0542,0.2711,0.1077,0.2693,0.1628,0.2714,0.2223,0.2779,0.2842,0.2842
fld_10x10x10_142.dat,142,-0.1888,0.3777,-0.1119,0.3729,-0.0305,0.3046,0,0.2722,0.0535,0.2676,0.1064,0.2659,0.1625,0.2708,0.2235,0.2794,0.2849,0.2849
fld_10x10x10_143.dat,143,-0.2012,0.4024,-0.1124,0.3746,-0.0302,0.302,0,0.2716,0.0532,0.2661,0.1047,0.2616,0.155,0.2583,0.2079,0.2598,0.2688,0.2688
fld_10x10x10_145.dat,145,-0.2382,0.4765,-0.1107,0.3688,-0.0298,0.2977,0,0.2686,0.0531,0.2657,0.1063,0.2658,0.1629,0.2716,0.222,0.2775,0.2867,0.2867
fld_10x10x10_146.dat,146,-0.2298,0.4596,-0.1128,0.3759,-0.0304,0.3044,0,0.2746,0.0551,0.2757,0.1114,0.2784,0.1681,0.2802,0.2304,0.288,0.3,0.3
fld_10x10x10_148.dat,148,-0.2281,0.4563,-0.1095,0.3649,-0.0297,0.2973,0,0.2696,0.0536,0.2681,0.1088,0.272,0.1658,0.2763,0.2242,0.2803,0.2864,0.2864
fld_10x10x10_151.dat,151,-0.2233,0.4466,-0.1104,0.3679,-0.0291,0.2909,0,0.2628,0.0527,0.2637,0.1054,0.2635,0.1597,0.2661,0.2178,0.2723,0.2906,0.2906
fld_10x10x10_157.dat,157,-0.1872,0.3744,-0.1096,0.3652,-0.0298,0.2976,0,0.2683,0.0527,0.2635,0.1041,0.2604,0.1581,0.2635,0.219,0.2738,0.2849,0.2849
fld_10x10x10_160.dat,160,-0.1966,0.3932,-0.1107,0.3691,-0.0302,0.3023,0,0.2716,0.0542,0.271,0.1091,0.2728,0.1643,0.2738,0.2283,0.2853,0.2913,0.2913
fld_10x10x10_163.dat,163,-0.2286,0.4572,-0.1097,0.3655,-0.029,0.2899,0,0.2636,0.0528,0.264,0.1064,0.2659,0.1631,0.2718,0.2269,0.2836,0.2986,0.2986
fld_10x10x10_179.dat,179,-0.1992,0.3984,-0.1138,0.3794,-0.0306,0.3059,0,0.2729,0.054,0.2699,0.1074,0.2686,0.1621,0.2701,0.2195,0.2743,0.2807,0.2807
fld_10x10x10_181.dat,181,-0.2304,0.4608,-0.1091,0.3636,-0.0293,0.2933,0,0.2635,0.0524,0.2621,0.1048,0.2619,0.1593,0.2656,0.2187,0.2734,0.2918,0.2918
fld_10x10x10_190.dat,190,-0.1971,0.3943,-0.1119,0.3729,-0.0306,0.3057,0,0.2719,0.0536,0.2681,0.1064,0.2661,0.1632,0.2721,0.2243,0.2803,0.2928,0.2928
fld_10x10x10_196.dat,196,-0.1875,0.375,-0.1104,0.368,-0.0302,0.3024,0,0.2701,0.053,0.2652,0.1055,0.2638,0.1619,0.2698,0.2216,0.277,0.2846,0.2846
fld_10x10x10_204.dat,204,-0.2042,0.4084,-0.1115,0.3716,-0.0301,0.3011,0,0.2703,0.0539,0.2694,0.1093,0.2733,0.1711,0.2852,0.2398,0.2997,0.3143,0.3143
fld_10x10x10_205.dat,205,-0.2175,0.435,-0.1117,0.3724,-0.0301,0.3011,0,0.2721,0.054,0.2699,0.1062,0.2655,0.1608,0.268,0.2195,0.2744,0.2859,0.2859
fld_10x10x10_208.dat,208,-0.1946,0.3892,-0.1096,0.3652,-0.0292,0.292,0,0.2633,0.0522,0.2609,0.1062,0.2656,0.1633,0.2721,0.2274,0.2843,0.3003,0.3003
fld_10x10x10_209.dat,209,-0.218,0.436,-0.1082,0.3607,-0.0296,0.2964,0,0.2686,0.0529,0.2645,0.1057,0.2643,0.1605,0.2675,0.2204,0.2755,0.2903,0.2903
fld_10x10x10_212.dat,212,-0.2014,0.4027,-0.1115,0.3718,-0.0301,0.3011,0,0.2692,0.0537,0.2685,0.1086,0.2715,0.1641,0.2735,0.2237,0.2796,0.2885,0.2885
fld_10x10x10_220.dat,220,-0.2116,0.4233,-0.1095,0.365,-0.0298,0.2977,0,0.2694,0.0542,0.2712,0.1088,0.2721,0.163,0.2716,0.2171,0.2713,0.2757,0.2757
fld_10x10x10_222.dat,222,-0.1731,0.3462,-0.1142,0.3808,-0.0301,0.3011,0,0.2708,0.0539,0.2695,0.1084,0.2711,0.1664,0.2774,0.224,0.2801,0.2859,0.2859
fld_10x10x10_224.dat,224,-0.2097,0.4194,-0.1153,0.3842,-0.0308,0.3083,0,0.2778,0.0555,0.2776,0.1102,0.2754,0.1659,0.2765,0.2237,0.2796,0.2867,0.2867
fld_10x10x10_225.dat,225,-0.2233,0.4466,-0.1134,0.3779,-0.0298,0.2983,0,0.2706,0.0537,0.2683,0.1066,0.2664,0.1605,0.2675,0.2147,0.2683,0.2681,0.2681
fld_10x10x10_226.dat,226,-0.1964,0.3928,-0.1108,0.3693,-0.03,0.3004,0,0.2712,0.0539,0.2694,0.1064,0.2661,0.1591,0.2652,0.2127,0.2659,0.2683,0.2683
fld_10x10x10_227.dat,227,-0.2247,0.4495,-0.1127,0.3756,-0.0305,0.305,0,0.2738,0.0544,0.2722,0.1091,0.2727,0.164,0.2734,0.2232,0.279,0.2961,0.2961
fld_10x10x10_229.dat,229,-0.1959,0.3918,-0.1166,0.3887,-0.031,0.3099,0,0.2789,0.055,0.2748,0.1077,0.2692,0.16,0.2667,0.2143,0.2679,0.2713,0.2713
fld_10x10x10_233.dat,233,-0.1892,0.3784,-0.1142,0.3806,-0.0301,0.3009,0,0.2698,0.0532,0.2658,0.1061,0.2653,0.1617,0.2695,0.2173,0.2717,0.2789,0.2789
fld_10x10x10_238.dat,238,-0.2321,0.4642,-0.1097,0.3655,-0.03,0.2999,0,0.2698,0.0537,0.2687,0.1069,0.2672,0.1637,0.2729,0.2225,0.2781,0.284,0.284
fld_10x10x10_241.dat,241,-0.2238,0.4476,-0.1128,0.3759,-0.0303,0.3026,0,0.2742,0.0535,0.2676,0.1072,0.268,0.162,0.2699,0.2191,0.2739,0.2808,0.2808
fld_10x10x10_242.dat,242,-0.1958,0.3916,-0.1141,0.3803,-0.0303,0.3026,0,0.2746,0.0548,0.274,0.1109,0.2772,0.1702,0.2837,0.2348,0.2935,0.3102,0.3102
fld_10x10x10_244.dat,244,-0.1924,0.3848,-0.1114,0.3712,-0.03,0.3002,0,0.2719,0.0542,0.2708,0.1077,0.2693,0.1616,0.2694,0.2236,0.2795,0.2844,0.2844
fld_10x10x10_245.dat,245,-0.2116,0.4232,-0.1092,0.3641,-0.0296,0.2964,0,0.2682,0.0533,0.2666,0.1082,0.2704,0.1619,0.2698,0.2186,0.2732,0.278,0.278
fld_10x10x10_246.dat,246,-0.2089,0.4178,-0.1177,0.3922,-0.0312,0.3119,0,0.2769,0.0545,0.2727,0.1086,0.2714,0.1652,0.2754,0.2242,0.2802,0.2862,0.2862
fld_10x10x10_247.dat,247,-0.1931,0.3861,-0.1154,0.3845,-0.0305,0.3046,0,0.2726,0.0537,0.2684,0.1056,0.264,0.1579,0.2632,0.2116,0.2646,0.2675,0.2675
fld_10x10x10_248.dat,248,-0.1892,0.3784,-0.1142,0.3806,-0.0303,0.3031,0,0.2718,0.0533,0.2666,0.1051,0.2628,0.1588,0.2647,0.2148,0.2685,0.272,0.272
fld_10x10x10_249.dat,249,-0.1975,0.395,-0.1122,0.374,-0.0306,0.3058,0,0.2752,0.0551,0.2755,0.1111,0.2777,0.1675,0.2792,0.2258,0.2822,0.2834,0.2834
fld_10x10x10_250.dat,250,-0.1873,0.3746,-0.1131,0.3769,-0.0306,0.3059,0,0.2743,0.0548,0.2738,0.1077,0.2692,0.163,0.2716,0.2226,0.2783,0.2841,0.2841
fld_10x10x10_253.dat,253,-0.2405,0.4809,-0.1105,0.3683,-0.0294,0.2941,0,0.2666,0.0529,0.2643,0.1059,0.2647,0.1615,0.2692,0.2211,0.2763,0.2868,0.2868
fld_10x10x10_255.dat,255,-0.2233,0.4465,-0.1064,0.3546,-0.0291,0.291,0,0.2644,0.0524,0.2621,0.1052,0.2629,0.1605,0.2675,0.2205,0.2756,0.2868,0.2868
fld_10x10x10_256.dat,256,-0.2081,0.4161,-0.1101,0.367,-0.0298,0.2979,0,0.2684,0.0532,0.2661,0.107,0.2675,0.1629,0.2716,0.2245,0.2806,0.2899,0.2899
fld_10x10x10_257.dat,257,-0.2307,0.4615,-0.1107,0.3691,-0.0296,0.2963,0,0.2667,0.053,0.2648,0.1052,0.263,0.1582,0.2637,0.2147,0.2683,0.2804,0.2804
fld_10x10x10_258.dat,258,-0.2026,0.4051,-0.1153,0.3842,-0.0307,0.3068,0,0.2769,0.0555,0.2775,0.112,0.2799,0.1711,0.2852,0.2347,0.2933,0.3088,0.3088
fld_10x10x10_259.dat,259,-0.2174,0.4349,-0.1131,0.3769,-0.03,0.2999,0,0.2727,0.0541,0.2704,0.1086,0.2714,0.1656,0.2759,0.2289,0.2861,0.293,0.293
fld_10x10x10_263.dat,263,-0.2326,0.4652,-0.1082,0.3606,-0.0295,0.2948,0,0.2678,0.0528,0.2642,0.1054,0.2636,0.1591,0.2652,0.2149,0.2686,0.2696,0.2696
fld_10x10x10_264.dat,264,-0.2031,0.4062,-0.114,0.3801,-0.0305,0.3045,0,0.2726,0.0537,0.2685,0.1068,0.267,0.1618,0.2696,0.2205,0.2756,0.2811,0.2811
fld_10x10x10_266.dat,266,-0.1913,0.3826,-0.1147,0.3823,-0.0306,0.3065,0,0.2746,0.0541,0.2706,0.1084,0.2711,0.1642,0.2737,0.2195,0.2744,0.2728,0.2728
fld_10x10x10_268.dat,268,-0.1944,0.3889,-0.1109,0.3695,-0.03,0.3005,0,0.2694,0.0531,0.2653,0.1048,0.2619,0.1582,0.2636,0.2184,0.273,0.2831,0.2831
fld_10x10x10_272.dat,272,-0.2321,0.4642,-0.1094,0.3646,-0.0294,0.294,0,0.2665,0.0538,0.2692,0.1067,0.2667,0.1615,0.2692,0.2206,0.2758,0.2869,0.2869
fld_10x10x10_279.dat,279,-0.2227,0.4454,-0.1125,0.375,-0.0307,0.3065,0,0.2767,0.0536,0.2681,0.1063,0.2658,0.1605,0.2675,0.2147,0.2684,0.2744,0.2744
fld_10x10x10_281.dat,281,-0.2231,0.4463,-0.1094,0.3646,-0.0298,0.2978,0,0.2694,0.053,0.2651,0.1053,0.2632,0.1588,0.2647,0.2129,0.2662,0.2684,0.2684
fld_10x10x10_284.dat,284,-0.1812,0.3624,-0.1127,0.3758,-0.0305,0.3047,0,0.2741,0.0542,0.271,0.1072,0.2681,0.1615,0.2692,0.2187,0.2734,0.2801,0.2801
fld_10x10x10_289.dat,289,-0.2349,0.4698,-0.1088,0.3627,-0.029,0.2905,0,0.2652,0.0528,0.2639,0.1056,0.2641,0.1618,0.2697,0.2236,0.2795,0.2931,0.2931
fld_10x10x10_294.dat,294,-0.2023,0.4046,-0.1125,0.3752,-0.0299,0.2994,0,0.2682,0.0535,0.2675,0.107,0.2675,0.1668,0.2779,0.2305,0.2882,0.3005,0.3005
fld_10x10x10_300.dat,300,-0.201,0.4019,-0.1148,0.3826,-0.0305,0.3051,0,0.2738,0.054,0.2701,0.1083,0.2708,0.1665,0.2774,0.23,0.2875,0.2977,0.2977
fld_10x10x10_301.dat,301,-0.2071,0.4142,-0.1157,0.3857,-0.0307,0.3067,0,0.2762,0.0545,0.2723,0.1069,0.2672,0.1587,0.2645,0.2097,0.2621,0.267,0.267
fld_10x10x10_306.dat,306,-0.2249,0.4497,-0.1083,0.361,-0.0298,0.2979,0,0.2693,0.0534,0.2671,0.1068,0.267,0.1644,0.274,0.2301,0.2876,0.301,0.301
fld_10x10x10_311.dat,311,-0.2231,0.4462,-0.1036,0.3453,-0.0287,0.2869,0,0.2607,0.0518,0.2588,0.1026,0.2564,0.1545,0.2575,0.2109,0.2637,0.2744,0.2744
fld_10x10x10_312.dat,312,-0.1937,0.3874,-0.1125,0.3749,-0.0301,0.3012,0,0.2698,0.0533,0.2665,0.108,0.2699,0.1637,0.2728,0.2187,0.2734,0.2844,0.2844
fld_10x10x10_314.dat,314,-0.1966,0.3933,-0.1125,0.3749,-0.0304,0.3042,0,0.2733,0.0545,0.2727,0.1097,0.2742,0.1677,0.2794,0.2274,0.2842,0.2943,0.2943
fld_10x10x10_330.dat,330,-0.2019,0.4037,-0.1135,0.3784,-0.0301,0.3015,0,0.2725,0.0541,0.2705,0.1079,0.2697,0.1615,0.2692,0.2208,0.276,0.2879,0.2879
fld_10x10x10_355.dat,355,-0.1856,0.3712,-0.1136,0.3787,-0.0305,0.3047,0,0.2724,0.0538,0.269,0.1069,0.2672,0.1605,0.2676,0.2176,0.272,0.2779,0.2779
fld_10x10x10_374.dat,374,-0.2007,0.4014,-0.111,0.3699,-0.0301,0.3006,0,0.2721,0.0536,0.2679,0.1044,0.2611,0.1564,0.2607,0.21,0.2625,0.267,0.267
fld_10x10x10_385.dat,385,-0.2044,0.4089,-0.1103,0.3678,-0.03,0.3003,0,0.2701,0.0525,0.2625,0.1044,0.261,0.1598,0.2663,0.2173,0.2716,0.2819,0.2819
fld_10x10x10_403.dat,403,-0.2092,0.4185,-0.1093,0.3643,-0.0299,0.299,0,0.2699,0.0527,0.2637,0.1046,0.2614,0.1605,0.2675,0.2209,0.2762,0.2902,0.2902
fld_10x10x10_409.dat,409,-0.1943,0.3885,-0.1103,0.3678,-0.0301,0.3008,0,0.272,0.0536,0.2679,0.1061,0.2653,0.1605,0.2675,0.2139,0.2673,0.2739,0.2739
fld_10x10x10_410.dat,410,-0.1936,0.3873,-0.11,0.3668,-0.0304,0.3042,0,0.272,0.0538,0.2692,0.1076,0.2691,0.1643,0.2738,0.2266,0.2832,0.2929,0.2929
fld_10x10x10_415.dat,415,-0.228,0.456,-0.1089,0.363,-0.0294,0.2938,0,0.2655,0.0528,0.2639,0.1038,0.2595,0.1547,0.2578,0.2114,0.2643,0.2761,0.2761
fld_10x10x10_423.dat,423,-0.2089,0.4179,-0.1082,0.3607,-0.0294,0.2935,0,0.2642,0.0524,0.2618,0.1054,0.2636,0.1618,0.2697,0.222,0.2775,0.2862,0.2862
fld_10x10x10_432.dat,432,-0.2377,0.4754,-0.1104,0.3679,-0.03,0.2999,0,0.2714,0.0541,0.2703,0.1088,0.272,0.17,0.2834,0.2363,0.2954,0.301,0.301
fld_10x10x10_440.dat,440,-0.2003,0.4006,-0.1092,0.3642,-0.0298,0.2978,0,0.2683,0.0536,0.2679,0.1072,0.2679,0.164,0.2733,0.2274,0.2843,0.2986,0.2986
fld_10x10x10_444.dat,444,-0.1818,0.3637,-0.1156,0.3852,-0.031,0.31,0,0.2772,0.0549,0.2743,0.109,0.2725,0.1608,0.2681,0.2145,0.2682,0.2743,0.2743
fld_10x10x10_447.dat,447,-0.1866,0.3733,-0.1126,0.3752,-0.0302,0.3022,0,0.2717,0.0533,0.2663,0.1052,0.2631,0.1579,0.2632,0.2141,0.2676,0.2698,0.2698
fld_10x10x10_457.dat,457,-0.2016,0.4033,-0.1108,0.3693,-0.0304,0.3039,0,0.2724,0.0534,0.267,0.1061,0.2654,0.1592,0.2653,0.2141,0.2677,0.2765,0.2765
fld_10x10x10_460.dat,460,-0.1941,0.3882,-0.1099,0.3664,-0.03,0.3002,0,0.27,0.0537,0.2686,0.1079,0.2698,0.1661,0.2769,0.2359,0.2948,0.3046,0.3046
fld_10x10x10_462.dat,462,-0.1906,0.3812,-0.1132,0.3772,-0.0308,0.3077,0,0.2744,0.0547,0.2735,0.1088,0.272,0.1618,0.2697,0.2167,0.2709,0.2742,0.2742
fld_10x10x10_465.dat,465,-0.1979,0.3959,-0.1105,0.3683,-0.0298,0.298,0,0.2698,0.0531,0.2656,0.1042,0.2604,0.1565,0.2608,0.2088,0.261,0.2636,0.2636
fld_10x10x10_471.dat,471,-0.2222,0.4443,-0.1046,0.3487,-0.0286,0.2856,0,0.2614,0.0517,0.2583,0.1037,0.2594,0.1587,0.2645,0.2138,0.2673,0.2687,0.2687
fld_10x10x10_503.dat,503,-0.179,0.3579,-0.1106,0.3685,-0.0304,0.3038,0,0.2749,0.054,0.2699,0.1061,0.2654,0.1568,0.2613,0.205,0.2562,0.2585,0.2585
fld_10x10x10_505.dat,505,-0.2319,0.4638,-0.1075,0.3583,-0.029,0.2901,0,0.2643,0.0522,0.2612,0.1043,0.2607,0.1567,0.2612,0.2108,0.2634,0.2722,0.2722
fld_10x10x10_509.dat,509,-0.2182,0.4364,-0.1026,0.3421,-0.0285,0.2848,0,0.2588,0.0513,0.2563,0.1021,0.2553,0.1544,0.2574,0.209,0.2613,0.272,0.272
fld_10x10x10_510.dat,510,-0.1988,0.3976,-0.1088,0.3626,-0.0297,0.2974,0,0.2716,0.0542,0.271,0.1074,0.2684,0.163,0.2717,0.2205,0.2756,0.2806,0.2806
fld_10x10x10_521.dat,521,-0.1834,0.3667,-0.1079,0.3596,-0.0298,0.2981,0,0.2685,0.0524,0.2621,0.1037,0.2591,0.1561,0.2601,0.2111,0.2639,0.2714,0.2714
fld_10x10x10_524.dat,524,-0.2201,0.4403,-0.1061,0.3535,-0.0297,0.2966,0,0.2683,0.0535,0.2675,0.1069,0.2672,0.1688,0.2813,0.238,0.2974,0.3198,0.3198
fld_10x10x10_531.dat,531,-0.2146,0.4291,-0.1105,0.3684,-0.03,0.3,0,0.2702,0.053,0.2651,0.1068,0.267,0.164,0.2733,0.2212,0.2765,0.2865,0.2865
fld_10x10x10_540.dat,540,-0.2143,0.4286,-0.108,0.3601,-0.0298,0.298,0,0.2703,0.0536,0.2681,0.1078,0.2695,0.1622,0.2703,0.2177,0.2721,0.2882,0.2882
fld_10x10x10_544.dat,544,-0.215,0.43,-0.1037,0.3458,-0.0285,0.2847,0,0.2587,0.0514,0.257,0.1029,0.2573,0.1575,0.2625,0.2163,0.2703,0.282,0.282
fld_10x10x10_554.dat,554,-0.1893,0.3787,-0.1096,0.3654,-0.03,0.3003,0,0.2695,0.0532,0.2662,0.1063,0.2657,0.1629,0.2715,0.222,0.2775,0.2883,0.2883
fld_10x10x10_556.dat,556,-0.186,0.372,-0.108,0.3599,-0.0295,0.2955,0,0.2674,0.0525,0.2626,0.105,0.2625,0.1583,0.2638,0.2152,0.269,0.2787,0.2787
fld_10x10x10_559.dat,559,-0.2258,0.4517,-0.1071,0.3571,-0.0291,0.291,0,0.2647,0.0519,0.2595,0.1039,0.2597,0.1571,0.2618,0.2157,0.2697,0.283,0.283
fld_10x10x10_560.dat,560,-0.2202,0.4404,-0.1052,0.3505,-0.0293,0.2933,0,0.2656,0.0527,0.2637,0.1049,0.2623,0.1586,0.2643,0.2163,0.2703,0.2806,0.2806
fld_10x10x10_567.dat,567,-0.2024,0.4048,-0.1053,0.351,-0.0292,0.2923,0,0.2653,0.0524,0.2621,0.1032,0.258,0.1557,0.2595,0.211,0.2637,0.2723,0.2723
fld_10x10x10_569.dat,569,-0.2136,0.4273,-0.1044,0.348,-0.029,0.2895,0,0.2629,0.0516,0.2578,0.1023,0.2558,0.1545,0.2575,0.2111,0.2638,0.2709,0.2709
fld_10x10x10_574.dat,574,-0.1781,0.3562,-0.1072,0.3573,-0.0297,0.2968,0,0.2667,0.0529,0.2646,0.1038,0.2596,0.1556,0.2593,0.2069,0.2586,0.2685,0.2685
fld_10x10x10_582.dat,582,-0.2041,0.4082,-0.1107,0.3691,-0.03,0.2999,0,0.2689,0.0531,0.2656,0.1057,0.2643,0.1632,0.2721,0.2266,0.2833,0.294,0.294
fld_10x10x10_587.dat,587,-0.2065,0.4131,-0.1074,0.358,-0.0294,0.2944,0,0.2636,0.0521,0.2604,0.1033,0.2582,0.1578,0.2631,0.2121,0.2651,0.2765,0.2765
fld_10x10x10_591.dat,591,-0.1899,0.3798,-0.1083,0.3611,-0.0301,0.3009,0,0.2726,0.0539,0.2695,0.1073,0.2682,0.162,0.2699,0.2172,0.2715,0.273,0.273
fld_10x10x10_618.dat,618,-0.1882,0.3763,-0.1071,0.3569,-0.0294,0.2941,0,0.2662,0.0529,0.2646,0.1047,0.2618,0.1613,0.2689,0.2208,0.276,0.2861,0.2861
fld_10x10x10_629.dat,629,-0.186,0.372,-0.1052,0.3506,-0.0294,0.2941,0,0.2654,0.0522,0.261,0.1045,0.2612,0.1584,0.264,0.214,0.2675,0.2767,0.2767
fld_10x10x10_642.dat,642,-0.1784,0.3569,-0.1089,0.3629,-0.0301,0.3007,0,0.2717,0.0535,0.2677,0.1068,0.267,0.1657,0.2761,0.2301,0.2877,0.3031,0.3031
fld_10x10x10_645.dat,645,-0.1884,0.3768,-0.1075,0.3583,-0.0297,0.2972,0,0.2672,0.0525,0.2627,0.1036,0.259,0.1563,0.2606,0.2122,0.2652,0.2755,0.2755
fld_10x10x10_649.dat,649,-0.2241,0.4482,-0.1049,0.3498,-0.0286,0.286,0,0.2586,0.0504,0.252,0.1011,0.2526,0.1526,0.2543,0.208,0.26,0.2723,0.2723
fld_10x10x10_659.dat,659,-0.2056,0.4112,-0.1052,0.3508,-0.0291,0.2906,0,0.2646,0.0524,0.2619,0.1022,0.2554,0.1531,0.2552,0.2059,0.2574,0.2659,0.2659
fld_10x10x10_663.dat,663,-0.1831,0.3662,-0.1056,0.3519,-0.0289,0.2892,0,0.2622,0.051,0.2549,0.1032,0.2581,0.1547,0.2578,0.2108,0.2636,0.2736,0.2736
fld_10x10x10_668.dat,668,-0.209,0.4181,-0.1066,0.3554,-0.0294,0.2943,0,0.268,0.053,0.2652,0.1065,0.2662,0.1605,0.2675,0.2172,0.2715,0.2828,0.2828
fld_10x10x10_685.dat,685,-0.2168,0.4335,-0.1021,0.3403,-0.0284,0.2837,0,0.2582,0.0509,0.2546,0.1013,0.2533,0.1538,0.2564,0.2089,0.2612,0.264,0.264
fld_10x10x10_687.dat,687,-0.2159,0.4318,-0.1015,0.3385,-0.0285,0.285,0,0.2587,0.0513,0.2567,0.1023,0.2557,0.158,0.2633,0.2158,0.2697,0.2737,0.2737
fld_10x10x10_698.dat,698,-0.1887,0.3774,-0.1075,0.3582,-0.0295,0.2949,0,0.2672,0.0536,0.2682,0.1076,0.2689,0.1633,0.2722,0.2238,0.2797,0.284,0.284
fld_10x10x10_711.dat,711,-0.1979,0.3958,-0.1053,0.3509,-0.0292,0.2917,0,0.2632,0.0522,0.2608,0.1032,0.258,0.1583,0.2638,0.2153,0.2691,0.2743,0.2743
fld_10x10x10_712.dat,712,-0.1723,0.3445,-0.0998,0.3325,-0.0277,0.2774,0,0.2528,0.0506,0.2529,0.1005,0.2511,0.1523,0.2539,0.2058,0.2573,0.2617,0.2617
fld_10x10x10_725.dat,725,-0.2144,0.4289,-0.1036,0.3452,-0.0287,0.2872,0,0.2618,0.0519,0.2594,0.1042,0.2605,0.1587,0.2645,0.2178,0.2722,0.2819,0.2819
fld_10x10x10_740.dat,740,-0.2175,0.4349,-0.1048,0.3492,-0.0288,0.2883,0,0.2623,0.0524,0.2621,0.1063,0.2659,0.1615,0.2692,0.2203,0.2754,0.2879,0.2879
fld_10x10x10_745.dat,745,-0.2108,0.4216,-0.1049,0.3497,-0.029,0.29,0,0.263,0.0521,0.2605,0.1041,0.2603,0.1585,0.2641,0.216,0.2699,0.28,0.28
fld_10x10x10_760.dat,760,-0.2089,0.4177,-0.1012,0.3373,-0.0288,0.2884,0,0.2622,0.0518,0.2591,0.1032,0.2579,0.1586,0.2643,0.2179,0.2724,0.2919,0.2919
fld_10x10x10_776.dat,776,-0.2142,0.4285,-0.1027,0.3423,-0.0287,0.2865,0,0.2603,0.0516,0.2579,0.1032,0.2579,0.1592,0.2654,0.2186,0.2732,0.2783,0.2783
fld_10x10x10_791.dat,791,-0.1857,0.3714,-0.1057,0.3523,-0.029,0.2897,0,0.2609,0.0521,0.2606,0.1037,0.2591,0.1592,0.2654,0.2175,0.2719,0.2761,0.2761
fld_10x10x10_803.dat,803,-0.2018,0.4035,-0.101,0.3367,-0.0285,0.2852,0,0.2572,0.0508,0.2541,0.1017,0.2544,0.1544,0.2574,0.2108,0.2635,0.2692,0.2692
fld_10x10x10_822.dat,822,-0.1832,0.3664,-0.1075,0.3585,-0.0298,0.2978,0,0.2667,0.0523,0.2617,0.1021,0.2552,0.1528,0.2547,0.2062,0.2578,0.264,0.264
fld_10x10x10_869.dat,869,-0.2222,0.4445,-0.1147,0.3825,-0.0306,0.3056,0,0.2743,0.054,0.2699,0.1077,0.2693,0.1615,0.2692,0.2125,0.2656,0.2684,0.2684
fld_10x10x10_904.dat,904,-0.2107,0.4213,-0.118,0.3933,-0.0318,0.3177,0,0.284,0.0571,0.2853,0.1154,0.2886,0.174,0.29,0.2317,0.2896,0.2939,0.2939
fld_10x10x10_965.dat,965,-0.1963,0.3926,-0.1147,0.3822,-0.0303,0.3032,0,0.2757,0.0545,0.2723,0.1079,0.2696,0.1606,0.2677,0.218,0.2725,0.281,0.281
fld_10x10x10_1000.dat,1000,-0.1931,0.3861,-0.1154,0.3847,-0.0309,0.3094,0,0.2761,0.0547,0.2734,0.1099,0.2748,0.1635,0.2725,0.2207,0.2758,0.2882,0.2882
fld_10x10x10_1001.dat,1001,-0.2004,0.4008,-0.1139,0.3797,-0.0307,0.3066,0,0.2751,0.0542,0.2708,0.107,0.2675,0.1589,0.2649,0.2121,0.2651,0.2728,0.2728
fld_10x10x10_1002.dat,1002,-0.2091,0.4181,-0.1165,0.3884,-0.0318,0.3179,0,0.2862,0.0562,0.2812,0.1113,0.2783,0.1674,0.2789,0.2253,0.2816,0.2897,0.2897
fld_10x10x10_1003.dat,1003,-0.2085,0.4171,-0.1148,0.3826,-0.0312,0.3122,0,0.2789,0.0549,0.2743,0.1093,0.2732,0.164,0.2733,0.2206,0.2757,0.2802,0.2802
fld_10x10x10_1004.dat,1004,-0.199,0.398,-0.111,0.37,-0.0307,0.3067,0,0.2744,0.0539,0.2695,0.1048,0.262,0.1523,0.2538,0.2045,0.2557,0.2601,0.2601
fld_10x10x10_1005.dat,1005,-0.1927,0.3855,-0.1115,0.3716,-0.0304,0.304,0,0.2733,0.0539,0.2696,0.1068,0.267,0.1641,0.2734,0.2225,0.2781,0.2865,0.2865
fld_10x10x10_1006.dat,1006,-0.2173,0.4345,-0.1118,0.3725,-0.0306,0.3057,0,0.2742,0.054,0.2698,0.1084,0.2709,0.1682,0.2803,0.2316,0.2895,0.3014,0.3014
fld_10x10x10_1007.dat,1007,-0.2333,0.4665,-0.1085,0.3615,-0.0297,0.2968,0,0.2704,0.0544,0.2721,0.109,0.2724,0.1642,0.2736,0.2239,0.2799,0.2961,0.2961
fld_10x10x10_1008.dat,1008,-0.2194,0.4388,-0.1088,0.3626,-0.0296,0.2963,0,0.2685,0.0531,0.2654,0.1054,0.2635,0.1596,0.266,0.2178,0.2722,0.2859,0.2859
fld_10x10x10_1009.dat,1009,-0.2268,0.4535,-0.1091,0.3636,-0.03,0.2999,0,0.2729,0.054,0.2698,0.1077,0.2692,0.1613,0.2688,0.2167,0.2709,0.2786,0.2786
fld_10x10x10_1010.dat,1010,-0.2184,0.4369,-0.1104,0.3679,-0.0299,0.2986,0,0.2714,0.0545,0.2726,0.11,0.2749,0.1693,0.2822,0.2337,0.2922,0.3092,0.3092
fld_10x10x10_1011.dat,1011,-0.2254,0.4509,-0.1071,0.357,-0.0296,0.2963,0,0.2708,0.0543,0.2717,0.1084,0.271,0.1668,0.278,0.2319,0.2899,0.3043,0.3043
fld_10x10x10_1012.dat,1012,-0.1984,0.3968,-0.1095,0.365,-0.0301,0.3007,0,0.2703,0.0539,0.2697,0.1098,0.2744,0.1665,0.2775,0.2284,0.2855,0.2977,0.2977
fld_10x10x10_1013.dat,1013,-0.2146,0.4292,-0.1108,0.3694,-0.0304,0.3042,0,0.2746,0.0541,0.2705,0.1075,0.2687,0.1633,0.2722,0.222,0.2776,0.2869,0.2869
fld_10x10x10_1014.dat,1014,-0.1915,0.383,-0.1117,0.3722,-0.0304,0.304,0,0.2729,0.0534,0.2671,0.1077,0.2693,0.1668,0.2779,0.2257,0.2822,0.2851,0.2851
fld_10x10x10_1015.dat,1015,-0.2181,0.4361,-0.111,0.3699,-0.0306,0.3057,0,0.2732,0.0537,0.2687,0.1062,0.2655,0.1599,0.2664,0.2221,0.2777,0.3028,0.3028
fld_10x10x10_1016.dat,1016,-0.1933,0.3867,-0.1089,0.363,-0.0297,0.2965,0,0.2665,0.0526,0.2631,0.1044,0.261,0.1579,0.2631,0.2148,0.2685,0.2746,0.2746
fld_10x10x10_1017.dat,1017,-0.2188,0.4377,-0.1096,0.3653,-0.0299,0.2988,0,0.2699,0.0539,0.2696,0.107,0.2674,0.1591,0.2652,0.216,0.27,0.2779,0.2779
fld_10x10x10_1018.dat,1018,-0.2061,0.4121,-0.114,0.3801,-0.0308,0.3079,0,0.2751,0.0543,0.2717,0.1075,0.2688,0.1639,0.2731,0.2275,0.2844,0.2944,0.2944
fld_10x10x10_1019.dat,1019,-0.2054,0.4109,-0.1154,0.3845,-0.0307,0.3066,0,0.274,0.0536,0.268,0.1064,0.2661,0.1582,0.2636,0.2113,0.2641,0.27,0.27
fld_10x10x10_1020.dat,1020,-0.2013,0.4025,-0.1168,0.3893,-0.0317,0.3172,0,0.2822,0.0559,0.2794,0.1105,0.2764,0.1689,0.2815,0.2299,0.2873,0.2928,0.2928
fld_10x10x10_1021.dat,1021,-0.1928,0.3855,-0.1127,0.3758,-0.0305,0.3049,0,0.2751,0.0539,0.2693,0.1061,0.2652,0.1577,0.2629,0.2122,0.2653,0.2708,0.2708
fld_10x10x10_1022.dat,1022,-0.1981,0.3962,-0.1126,0.3752,-0.031,0.3101,0,0.2784,0.0555,0.2774,0.1081,0.2702,0.162,0.27,0.222,0.2775,0.2876,0.2876
fld_10x10x10_1023.dat,1023,-0.2059,0.4119,-0.1155,0.3849,-0.0313,0.3126,0,0.2801,0.055,0.2749,0.1068,0.2671,0.1617,0.2694,0.2209,0.2761,0.2889,0.2889
fld_10x10x10_1024.dat,1024,-0.2274,0.4548,-0.1113,0.371,-0.0305,0.3047,0,0.2757,0.0552,0.276,0.1105,0.2762,0.1681,0.2802,0.232,0.2901,0.3002,0.3002
fld_10x10x10_1025.dat,1025,-0.2336,0.4672,-0.1113,0.371,-0.0304,0.304,0,0.2743,0.0548,0.2738,0.1097,0.2744,0.1653,0.2755,0.2229,0.2786,0.2845,0.2845
fld_10x10x10_1026.dat,1026,-0.2208,0.4416,-0.108,0.3601,-0.0293,0.2934,0,0.2671,0.0537,0.2685,0.1073,0.2684,0.1619,0.2699,0.2165,0.2706,0.2812,0.2812
fld_10x10x10_1027.dat,1027,-0.2325,0.465,-0.1104,0.3681,-0.0302,0.3024,0,0.2747,0.0547,0.2733,0.1087,0.2717,0.1646,0.2744,0.2237,0.2796,0.2892,0.2892
fld_10x10x10_1028.dat,1028,-0.2229,0.4459,-0.1083,0.3611,-0.03,0.3002,0,0.2712,0.0536,0.2682,0.1076,0.269,0.1641,0.2735,0.2218,0.2773,0.2843,0.2843
fld_10x10x10_1029.dat,1029,-0.2272,0.4544,-0.1095,0.365,-0.0301,0.3006,0,0.2721,0.0535,0.2675,0.1065,0.2661,0.1617,0.2696,0.2205,0.2756,0.2882,0.2882
fld_10x10x10_1030.dat,1030,-0.1985,0.3971,-0.1147,0.3825,-0.0305,0.3051,0,0.2755,0.0556,0.2778,0.1128,0.2821,0.1724,0.2874,0.2363,0.2953,0.3021,0.3021
fld_10x10x10_1031.dat,1031,-0.2048,0.4096,-0.114,0.3799,-0.0303,0.3027,0,0.2723,0.0535,0.2674,0.1049,0.2624,0.1575,0.2625,0.2171,0.2714,0.2856,0.2856
fld_10x10x10_1032.dat,1032,-0.2097,0.4193,-0.1123,0.3742,-0.0303,0.3026,0,0.273,0.0539,0.2696,0.1078,0.2695,0.1609,0.2681,0.2172,0.2715,0.28,0.28
fld_10x10x10_1033.dat,1033,-0.217,0.4339,-0.1105,0.3682,-0.0301,0.3006,0,0.2722,0.0533,0.2667,0.1045,0.2613,0.1596,0.2661,0.2188,0.2735,0.2891,0.2891
fld_10x10x10_1034.dat,1034,-0.199,0.398,-0.1128,0.3759,-0.0306,0.3059,0,0.2761,0.0552,0.2761,0.1105,0.2763,0.1712,0.2853,0.2343,0.2929,0.3062,0.3062
fld_10x10x10_1035.dat,1035,-0.2225,0.4451,-0.1094,0.3646,-0.0301,0.3005,0,0.2721,0.0539,0.2694,0.1057,0.2641,0.1568,0.2613,0.21,0.2625,0.273,0.273
fld_10x10x10_1036.dat,1036,-0.1964,0.3929,-0.1166,0.3886,-0.0314,0.314,0,0.2807,0.0559,0.2795,0.1129,0.2822,0.1711,0.2851,0.2333,0.2916,0.3053,0.3053
fld_10x10x10_1037.dat,1037,-0.2055,0.4109,-0.1123,0.3743,-0.0301,0.3006,0,0.2724,0.0539,0.2696,0.1086,0.2715,0.1634,0.2723,0.2207,0.2759,0.2821,0.2821
fld_10x10x10_1038.dat,1038,-0.1989,0.3978,-0.1175,0.3916,-0.0314,0.3138,0,0.2786,0.0554,0.2771,0.1106,0.2764,0.1701,0.2835,0.2339,0.2923,0.3024,0.3024
fld_10x10x10_1039.dat,1039,-0.1988,0.3976,-0.1123,0.3745,-0.0305,0.3053,0,0.2735,0.0539,0.2695,0.1071,0.2678,0.1608,0.268,0.2174,0.2718,0.2847,0.2847
fld_10x10x10_1040.dat,1040,-0.1934,0.3869,-0.1119,0.3729,-0.0307,0.3067,0,0.2751,0.0544,0.272,0.1084,0.2709,0.1602,0.267,0.2192,0.274,0.2879,0.2879
fld_10x10x10_1041.dat,1041,-0.196,0.3921,-0.1106,0.3686,-0.0304,0.3041,0,0.2733,0.0539,0.2693,0.107,0.2675,0.1606,0.2676,0.214,0.2675,0.2763,0.2763
fld_10x10x10_1042.dat,1042,-0.22,0.4399,-0.1094,0.3648,-0.0296,0.2961,0,0.2664,0.0531,0.2657,0.106,0.2651,0.1609,0.2682,0.2236,0.2795,0.2922,0.2922
fld_10x10x10_1043.dat,1043,-0.23,0.4599,-0.1121,0.3736,-0.0305,0.3051,0,0.2743,0.0549,0.2747,0.1105,0.2764,0.1676,0.2794,0.2313,0.2892,0.3091,0.3091
fld_10x10x10_1044.dat,1044,-0.2306,0.4613,-0.11,0.3667,-0.0298,0.2978,0,0.2714,0.0542,0.2709,0.1087,0.2718,0.1642,0.2736,0.2268,0.2835,0.2987,0.2987
fld_10x10x10_1045.dat,1045,-0.2295,0.459,-0.1095,0.3649,-0.03,0.3004,0,0.2705,0.0536,0.268,0.1073,0.2683,0.1619,0.2698,0.222,0.2775,0.2965,0.2965
fld_10x10x10_1046.dat,1046,-0.221,0.442,-0.1116,0.3721,-0.0304,0.304,0,0.2733,0.0535,0.2676,0.1065,0.2661,0.1641,0.2735,0.2258,0.2823,0.2924,0.2924
fld_10x10x10_1047.dat,1047,-0.2205,0.441,-0.1052,0.3508,-0.0294,0.2939,0,0.266,0.0526,0.263,0.1058,0.2646,0.1628,0.2714,0.2271,0.2839,0.2962,0.2962
fld_10x10x10_1048.dat,1048,-0.2007,0.4013,-0.1128,0.3759,-0.0305,0.3054,0,0.276,0.0547,0.2737,0.1105,0.2763,0.1678,0.2796,0.2285,0.2857,0.2939,0.2939
fld_10x10x10_1049.dat,1049,-0.2202,0.4404,-0.1134,0.378,-0.0306,0.3055,0,0.2752,0.0539,0.2697,0.1081,0.2701,0.1645,0.2742,0.2227,0.2784,0.2893,0.2893
fld_10x10x10_1050.dat,1050,-0.201,0.4019,-0.1101,0.367,-0.0301,0.3011,0,0.2712,0.0544,0.2719,0.1108,0.2771,0.1671,0.2785,0.2286,0.2858,0.3059,0.3059
fld_10x10x10_1051.dat,1051,-0.2189,0.4378,-0.1118,0.3727,-0.0308,0.3081,0,0.2763,0.0544,0.2719,0.1073,0.2683,0.1609,0.2682,0.2146,0.2683,0.2746,0.2746
fld_10x10x10_1052.dat,1052,-0.1961,0.3922,-0.1115,0.3718,-0.0309,0.3089,0,0.2764,0.0544,0.2719,0.1086,0.2714,0.1641,0.2734,0.228,0.285,0.3086,0.3086
fld_10x10x10_1053.dat,1053,-0.2182,0.4364,-0.1108,0.3692,-0.0301,0.3013,0,0.2712,0.0536,0.2678,0.1062,0.2654,0.1591,0.2652,0.2162,0.2702,0.2767,0.2767
fld_10x10x10_1054.dat,1054,-0.1525,0.3049,-0.1166,0.3887,-0.0318,0.318,0,0.2859,0.0562,0.281,0.1111,0.2777,0.1702,0.2836,0.2323,0.2904,0.3058,0.3058
fld_10x10x10_1055.dat,1055,-0.1939,0.3878,-0.1128,0.3759,-0.0301,0.3012,0,0.2725,0.054,0.2701,0.1078,0.2696,0.1605,0.2675,0.2142,0.2678,0.2724,0.2724
fld_10x10x10_1056.dat,1056,-0.1835,0.367,-0.1127,0.3758,-0.0307,0.3065,0,0.2754,0.0544,0.272,0.1088,0.2721,0.1653,0.2755,0.224,0.28,0.2924,0.2924
fld_10x10x10_1060.dat,1060,-0.2144,0.4287,-0.1111,0.3703,-0.0304,0.3042,0,0.2764,0.0555,0.2777,0.1128,0.2821,0.1752,0.2919,0.2418,0.3023,0.324,0.324
fld_10x10x10_1063.dat,1063,-0.228,0.4559,-0.109,0.3634,-0.0298,0.2979,0,0.2714,0.054,0.2698,0.1077,0.2692,0.1594,0.2656,0.2158,0.2697,0.2825,0.2825
fld_10x10x10_1064.dat,1064,-0.2063,0.4126,-0.1056,0.352,-0.0295,0.2951,0,0.2669,0.0535,0.2677,0.107,0.2675,0.1621,0.2702,0.2206,0.2758,0.2891,0.2891
fld_10x10x10_1065.dat,1065,-0.2238,0.4475,-0.108,0.36,-0.0299,0.2986,0,0.27,0.0536,0.2678,0.1064,0.2659,0.1597,0.2661,0.2142,0.2678,0.2762,0.2762
fld_10x10x10_1067.dat,1067,-0.2032,0.4063,-0.1117,0.3723,-0.0304,0.3043,0,0.2724,0.0537,0.2683,0.1071,0.2678,0.164,0.2734,0.2224,0.2781,0.2891,0.2891
fld_10x10x10_1068.dat,1068,-0.2022,0.4044,-0.1106,0.3686,-0.0302,0.3019,0,0.2729,0.0546,0.273,0.1082,0.2705,0.1663,0.2771,0.23,0.2875,0.3006,0.3006
fld_10x10x10_1069.dat,1069,-0.2167,0.4334,-0.1122,0.3741,-0.0305,0.3054,0,0.2762,0.0547,0.2734,0.1074,0.2684,0.1649,0.2749,0.227,0.2838,0.294,0.294
fld_10x10x10_1070.dat,1070,-0.1902,0.3803,-0.1082,0.3606,-0.0297,0.2969,0,0.2699,0.054,0.2702,0.1091,0.2728,0.1699,0.2832,0.234,0.2925,0.3003,0.3003
fld_10x10x10_1071.dat,1071,-0.2129,0.4258,-0.1105,0.3684,-0.0304,0.3042,0,0.2718,0.0529,0.2646,0.1061,0.2652,0.1592,0.2654,0.2173,0.2716,0.2821,0.2821
fld_10x10x10_1072.dat,1072,-0.1959,0.3919,-0.1117,0.3722,-0.0307,0.3068,0,0.2765,0.054,0.2699,0.108,0.27,0.1647,0.2745,0.2253,0.2816,0.2891,0.2891
fld_10x10x10_1073.dat,1073,-0.191,0.382,-0.1141,0.3803,-0.0308,0.3082,0,0.279,0.056,0.2798,0.1103,0.2758,0.1647,0.2746,0.2278,0.2848,0.3007,0.3007
fld_10x10x10_1075.dat,1075,-0.1939,0.3879,-0.1104,0.368,-0.0306,0.3058,0,0.2746,0.0532,0.2658,0.1055,0.2638,0.1594,0.2656,0.219,0.2737,0.2841,0.2841
fld_10x10x10_1077.dat,1077,-0.2009,0.4018,-0.1109,0.3696,-0.0304,0.3041,0,0.2722,0.0538,0.2692,0.106,0.2651,0.1571,0.2618,0.2098,0.2622,0.2661,0.2661
fld_10x10x10_1078.dat,1078,-0.2214,0.4429,-0.1143,0.381,-0.0308,0.3078,0,0.2788,0.0554,0.2772,0.1117,0.2793,0.1716,0.2859,0.2316,0.2896,0.2928,0.2928
fld_10x10x10_1079.dat,1079,-0.2362,0.4724,-0.1147,0.3823,-0.0306,0.306,0,0.2761,0.0545,0.2724,0.1074,0.2686,0.1629,0.2715,0.2211,0.2763,0.2844,0.2844
fld_10x10x10_1080.dat,1080,-0.2253,0.4506,-0.1109,0.3698,-0.0301,0.3006,0,0.2741,0.0552,0.2759,0.108,0.2699,0.1632,0.272,0.2237,0.2797,0.2849,0.2849
fld_10x10x10_1081.dat,1081,-0.2406,0.4813,-0.1104,0.3679,-0.0298,0.2978,0,0.2702,0.0538,0.2689,0.1084,0.271,0.1642,0.2737,0.2218,0.2773,0.2864,0.2864
fld_10x10x10_1082.dat,1082,-0.2165,0.433,-0.1069,0.3562,-0.029,0.2898,0,0.2626,0.0523,0.2614,0.1041,0.2601,0.1572,0.262,0.2115,0.2643,0.2713,0.2713
fld_10x10x10_1083.dat,1083,-0.234,0.4679,-0.1091,0.3637,-0.0302,0.3019,0,0.274,0.054,0.2702,0.1063,0.2657,0.1592,0.2653,0.2155,0.2693,0.274,0.274
fld_10x10x10_1084.dat,1084,-0.194,0.388,-0.1152,0.3839,-0.0304,0.3041,0,0.2747,0.0539,0.2697,0.107,0.2674,0.1618,0.2697,0.2173,0.2716,0.2785,0.2785
fld_10x10x10_1085.dat,1085,-0.2067,0.4134,-0.1146,0.382,-0.0308,0.3081,0,0.277,0.0542,0.2708,0.1069,0.2671,0.1607,0.2678,0.2165,0.2707,0.2744,0.2744
fld_10x10x10_1086.dat,1086,-0.1893,0.3785,-0.1132,0.3774,-0.0308,0.3079,0,0.2767,0.055,0.2751,0.1109,0.2773,0.1689,0.2815,0.2304,0.288,0.2961,0.2961
fld_10x10x10_1087.dat,1087,-0.2134,0.4268,-0.1108,0.3693,-0.03,0.3,0,0.2698,0.0531,0.2654,0.1061,0.2653,0.1587,0.2645,0.2147,0.2684,0.2791,0.2791
fld_10x10x10_1088.dat,1088,-0.1907,0.3814,-0.1116,0.3719,-0.0307,0.3067,0,0.2761,0.0557,0.2786,0.112,0.2801,0.1711,0.2852,0.2281,0.2851,0.2827,0.2827
fld_10x10x10_1089.dat,1089,-0.2089,0.4179,-0.1104,0.368,-0.0294,0.2936,0,0.2645,0.0519,0.2596,0.1019,0.2547,0.1525,0.2542,0.2055,0.2569,0.2633,0.2633
fld_10x10x10_1090.dat,1090,-0.208,0.416,-0.1165,0.3883,-0.0313,0.3129,0,0.2818,0.0559,0.2796,0.1093,0.2733,0.1621,0.2702,0.2176,0.272,0.279,0.279
fld_10x10x10_1091.dat,1091,-0.2041,0.4083,-0.1199,0.3998,-0.0317,0.3174,0,0.2833,0.0548,0.2739,0.1078,0.2696,0.1639,0.2732,0.2223,0.2779,0.2818,0.2818
fld_10x10x10_1092.dat,1092,-0.203,0.406,-0.1168,0.3892,-0.031,0.3103,0,0.2801,0.0559,0.2794,0.1093,0.2734,0.1654,0.2756,0.2224,0.278,0.2823,0.2823
fld_10x10x10_1093.dat,1093,-0.2008,0.4017,-0.1173,0.3912,-0.0308,0.3085,0,0.2762,0.0542,0.2709,0.1072,0.2679,0.1601,0.2668,0.2119,0.2649,0.2672,0.2672
fld_10x10x10_1094.dat,1094,-0.1991,0.3982,-0.1138,0.3794,-0.0305,0.3054,0,0.2749,0.0537,0.2686,0.1043,0.2607,0.1535,0.2559,0.2044,0.2555,0.2572,0.2572
fld_10x10x10_1095.dat,1095,-0.1861,0.3723,-0.1143,0.3808,-0.031,0.3101,0,0.2784,0.0541,0.2704,0.1059,0.2649,0.1591,0.2652,0.2118,0.2648,0.2683,0.2683
fld_10x10x10_1096.dat,1096,-0.2264,0.4529,-0.1133,0.3775,-0.0302,0.3018,0,0.2737,0.0546,0.2729,0.1088,0.272,0.1663,0.2772,0.2243,0.2804,0.289,0.289
fld_10x10x10_1097.dat,1097,-0.238,0.476,-0.1109,0.3696,-0.0299,0.2991,0,0.268,0.0529,0.2647,0.1053,0.2633,0.1592,0.2653,0.2138,0.2673,0.2721,0.2721
fld_10x10x10_1098.dat,1098,-0.2226,0.4452,-0.1118,0.3727,-0.03,0.3004,0,0.2726,0.0537,0.2683,0.1082,0.2705,0.1672,0.2787,0.2301,0.2877,0.2884,0.2884
fld_10x10x10_1099.dat,1099,-0.236,0.4719,-0.1093,0.3644,-0.0295,0.2949,0,0.2658,0.0519,0.2596,0.1032,0.2579,0.1563,0.2605,0.2141,0.2676,0.2772,0.2772
fld_10x10x10_1100.dat,1100,-0.2147,0.4294,-0.1097,0.3656,-0.0296,0.2964,0,0.2676,0.0528,0.2641,0.1056,0.2641,0.1601,0.2668,0.2132,0.2665,0.2664,0.2664
fld_10x10x10_1101.dat,1101,-0.233,0.4661,-0.108,0.36,-0.0296,0.2961,0,0.2684,0.0538,0.2691,0.1052,0.263,0.1593,0.2655,0.2142,0.2678,0.2729,0.2729
fld_10x10x10_1102.dat,1102,-0.2064,0.4129,-0.114,0.38,-0.031,0.31,0,0.2784,0.0556,0.2778,0.1138,0.2845,0.1712,0.2853,0.2333,0.2916,0.2947,0.2947
fld_10x10x10_1103.dat,1103,-0.2047,0.4095,-0.1125,0.3749,-0.0304,0.3045,0,0.2746,0.0549,0.2747,0.1091,0.2728,0.1658,0.2763,0.2294,0.2867,0.3015,0.3015
fld_10x10x10_1104.dat,1104,-0.202,0.404,-0.1146,0.382,-0.0313,0.3132,0,0.282,0.0556,0.2779,0.1105,0.2762,0.1664,0.2773,0.229,0.2863,0.2956,0.2956
fld_10x10x10_1105.dat,1105,-0.2114,0.4229,-0.1078,0.3592,-0.0298,0.2977,0,0.2727,0.0533,0.2665,0.1037,0.2593,0.1551,0.2586,0.2109,0.2636,0.2681,0.2681
fld_10x10x10_1106.dat,1106,-0.1954,0.3907,-0.1119,0.3731,-0.0304,0.3042,0,0.2732,0.0548,0.274,0.1091,0.2728,0.1643,0.2738,0.2236,0.2795,0.2861,0.2861
fld_10x10x10_1107.dat,1107,-0.2034,0.4068,-0.1097,0.3656,-0.0294,0.294,0,0.2686,0.0535,0.2673,0.1064,0.2661,0.1606,0.2677,0.2172,0.2715,0.2689,0.2689
fld_10x10x10_1108.dat,1108,-0.1958,0.3916,-0.1159,0.3863,-0.0317,0.3171,0,0.2841,0.0564,0.2822,0.1138,0.2844,0.174,0.2901,0.2332,0.2915,0.2886,0.2886
fld_10x10x10_1109.dat,1109,-0.2,0.4001,-0.115,0.3834,-0.0312,0.3124,0,0.282,0.0557,0.2786,0.1093,0.2732,0.1624,0.2706,0.2161,0.2701,0.2738,0.2738
fld_10x10x10_1110.dat,1110,-0.2066,0.4131,-0.1143,0.3809,-0.0312,0.3121,0,0.2791,0.0551,0.2754,0.1085,0.2712,0.1617,0.2696,0.2171,0.2713,0.2765,0.2765
fld_10x10x10_1111.dat,1111,-0.1964,0.3927,-0.1132,0.3773,-0.0304,0.304,0,0.2736,0.0539,0.2696,0.1056,0.264,0.1585,0.2642,0.2102,0.2627,0.262,0.262
fld_10x10x10_1112.dat,1112,-0.1964,0.3928,-0.1137,0.3791,-0.0306,0.3064,0,0.2781,0.055,0.2751,0.1095,0.2737,0.1643,0.2739,0.2146,0.2683,0.2668,0.2668
fld_10x10x10_1113.dat,1113,-0.1682,0.3363,-0.1104,0.3681,-0.0297,0.2972,0,0.2689,0.0523,0.2615,0.1034,0.2586,0.1545,0.2575,0.2142,0.2677,0.2729,0.2729
fld_10x10x10_1114.dat,1114,-0.2339,0.4678,-0.111,0.3701,-0.0296,0.296,0,0.2661,0.0527,0.2637,0.1046,0.2614,0.1629,0.2716,0.2269,0.2837,0.2931,0.2931
fld_10x10x10_1115.dat,1115,-0.2394,0.4787,-0.1107,0.369,-0.0298,0.2983,0,0.272,0.0542,0.2711,0.1064,0.266,0.1608,0.268,0.2202,0.2752,0.2849,0.2849
fld_10x10x10_1116.dat,1116,-0.225,0.4501,-0.1082,0.3607,-0.0297,0.2971,0,0.2712,0.0539,0.2693,0.1082,0.2706,0.1614,0.2691,0.2189,0.2736,0.2841,0.2841
fld_10x10x10_1117.dat,1117,-0.2339,0.4678,-0.1105,0.3682,-0.03,0.3,0,0.2727,0.0537,0.2684,0.1078,0.2694,0.1654,0.2756,0.2251,0.2813,0.2839,0.2839
fld_10x10x10_1118.dat,1118,-0.2227,0.4453,-0.109,0.3633,-0.0302,0.3018,0,0.2728,0.0544,0.272,0.1103,0.2757,0.1688,0.2813,0.2317,0.2896,0.2939,0.2939
fld_10x10x10_1119.dat,1119,-0.2339,0.4678,-0.1097,0.3657,-0.03,0.2999,0,0.2724,0.0539,0.2694,0.1059,0.2647,0.1611,0.2684,0.2205,0.2756,0.285,0.285
fld_10x10x10_1120.dat,1120,-0.2061,0.4122,-0.1119,0.373,-0.0306,0.3063,0,0.2762,0.0542,0.2708,0.1078,0.2695,0.1624,0.2706,0.2183,0.2728,0.2805,0.2805
fld_10x10x10_1121.dat,1121,-0.2159,0.4317,-0.1121,0.3735,-0.03,0.3001,0,0.2704,0.0535,0.2675,0.1071,0.2677,0.164,0.2733,0.2243,0.2804,0.2864,0.2864
fld_10x10x10_1122.dat,1122,-0.1925,0.385,-0.1104,0.3678,-0.0304,0.3043,0,0.2742,0.0542,0.2711,0.1084,0.271,0.1635,0.2726,0.2214,0.2767,0.2821,0.2821
fld_10x10x10_1123.dat,1123,-0.2146,0.4291,-0.1098,0.366,-0.0302,0.3022,0,0.2733,0.0542,0.2709,0.107,0.2675,0.1585,0.2642,0.2114,0.2642,0.2684,0.2684
fld_10x10x10_1124.dat,1124,-0.1969,0.3937,-0.1092,0.364,-0.03,0.3001,0,0.2726,0.054,0.27,0.107,0.2676,0.1613,0.2688,0.2176,0.272,0.2799,0.2799
fld_10x10x10_1125.dat,1125,-0.2145,0.4291,-0.1094,0.3647,-0.0301,0.3009,0,0.2729,0.0539,0.2695,0.1084,0.2711,0.1657,0.2762,0.2238,0.2798,0.2804,0.2804
fld_10x10x10_1126.dat,1126,-0.1971,0.3943,-0.116,0.3868,-0.0312,0.3125,0,0.2815,0.0554,0.277,0.1116,0.2789,0.1713,0.2856,0.2343,0.2929,0.2962,0.2962
fld_10x10x10_1127.dat,1127,-0.198,0.396,-0.1144,0.3814,-0.0302,0.3024,0,0.2722,0.053,0.2648,0.1046,0.2615,0.158,0.2634,0.2178,0.2723,0.2839,0.2839
fld_10x10x10_1128.dat,1128,-0.194,0.3881,-0.1116,0.3719,-0.0303,0.3031,0,0.274,0.0542,0.2711,0.108,0.27,0.1606,0.2676,0.2156,0.2695,0.2767,0.2767
fld_10x10x10_1129.dat,1129,-0.1914,0.3828,-0.1121,0.3737,-0.0305,0.305,0,0.2739,0.054,0.27,0.1068,0.267,0.1597,0.2662,0.2132,0.2665,0.2739,0.2739
fld_10x10x10_1130.dat,1130,-0.1942,0.3884,-0.1102,0.3675,-0.0301,0.3012,0,0.2704,0.0528,0.2638,0.1038,0.2594,0.1562,0.2603,0.2124,0.2655,0.2659,0.2659
fld_10x10x10_1131.dat,1131,-0.2037,0.4074,-0.1132,0.3772,-0.0308,0.3079,0,0.2765,0.0549,0.2744,0.1114,0.2784,0.1712,0.2853,0.2333,0.2916,0.2946,0.2946
fld_10x10x10_1134.dat,1134,-0.2278,0.4556,-0.1092,0.3639,-0.0297,0.2966,0,0.2712,0.0547,0.2735,0.1076,0.2691,0.1657,0.2762,0.2321,0.2901,0.3053,0.3053
fld_10x10x10_1136.dat,1136,-0.2021,0.4042,-0.1059,0.353,-0.0292,0.2916,0,0.2656,0.0533,0.2663,0.107,0.2676,0.1616,0.2694,0.2161,0.2701,0.2766,0.2766
fld_10x10x10_1138.dat,1138,-0.2061,0.4122,-0.1142,0.3805,-0.0305,0.3052,0,0.275,0.0546,0.2728,0.1109,0.2772,0.1713,0.2854,0.2349,0.2936,0.3062,0.3062
fld_10x10x10_1140.dat,1140,-0.1999,0.3998,-0.1117,0.3725,-0.0304,0.3039,0,0.2762,0.0547,0.2735,0.1087,0.2717,0.164,0.2733,0.2237,0.2796,0.2882,0.2882
fld_10x10x10_1141.dat,1141,-0.2118,0.4236,-0.1093,0.3644,-0.0294,0.2936,0,0.266,0.0522,0.261,0.1023,0.2558,0.153,0.255,0.2045,0.2556,0.2629,0.2629
fld_10x10x10_1142.dat,1142,-0.2066,0.4132,-0.1123,0.3743,-0.0305,0.3047,0,0.2769,0.0551,0.2755,0.1094,0.2736,0.1648,0.2746,0.2242,0.2803,0.2977,0.2977
fld_10x10x10_1143.dat,1143,-0.2109,0.4218,-0.1096,0.3653,-0.0298,0.2978,0,0.2702,0.053,0.265,0.1051,0.2627,0.1594,0.2656,0.2188,0.2735,0.2789,0.2789
fld_10x10x10_1144.dat,1144,-0.1981,0.3961,-0.1154,0.3846,-0.0312,0.3119,0,0.2823,0.0564,0.2821,0.1111,0.2777,0.1664,0.2774,0.224,0.28,0.2863,0.2863
fld_10x10x10_1145.dat,1145,-0.1943,0.3887,-0.1151,0.3838,-0.0304,0.3041,0,0.275,0.0546,0.2732,0.1073,0.2682,0.1617,0.2694,0.2153,0.2692,0.2714,0.2714
fld_10x10x10_1146.dat,1146,-0.1919,0.3837,-0.1141,0.3805,-0.0308,0.3084,0,0.2766,0.0539,0.2693,0.107,0.2676,0.1601,0.2668,0.2141,0.2676,0.2745,0.2745
fld_10x10x10_1147.dat,1147,-0.1925,0.3849,-0.1118,0.3725,-0.0306,0.3063,0,0.2779,0.0553,0.2764,0.1103,0.2758,0.1687,0.2812,0.2252,0.2815,0.2881,0.2881
fld_10x10x10_1148.dat,1148,-0.1877,0.3754,-0.1119,0.373,-0.0308,0.3082,0,0.2739,0.0543,0.2715,0.1068,0.2671,0.1619,0.2698,0.2209,0.2762,0.2881,0.2881
fld_10x10x10_1150.dat,1150,-0.2302,0.4605,-0.1125,0.375,-0.0306,0.3063,0,0.2766,0.0555,0.2777,0.111,0.2776,0.1701,0.2834,0.2371,0.2964,0.313,0.313
fld_10x10x10_1151.dat,1151,-0.235,0.4701,-0.1106,0.3688,-0.0299,0.2987,0,0.2718,0.053,0.2652,0.1052,0.2631,0.1595,0.2658,0.2218,0.2773,0.292,0.292
fld_10x10x10_1152.dat,1152,-0.2142,0.4284,-0.1096,0.3652,-0.03,0.3004,0,0.2724,0.0542,0.2709,0.1097,0.2743,0.1677,0.2795,0.2305,0.2881,0.3041,0.3041
fld_10x10x10_1154.dat,1154,-0.2234,0.4468,-0.1059,0.3532,-0.0292,0.2921,0,0.266,0.0529,0.2643,0.1046,0.2616,0.1593,0.2654,0.219,0.2737,0.2926,0.2926
fld_10x10x10_1156.dat,1156,-0.1924,0.3847,-0.1167,0.3891,-0.0312,0.3123,0,0.28,0.0555,0.2777,0.1103,0.2756,0.1682,0.2804,0.2307,0.2884,0.2941,0.2941
fld_10x10x10_1157.dat,1157,-0.2212,0.4425,-0.1125,0.375,-0.0302,0.302,0,0.2734,0.054,0.2702,0.1096,0.2739,0.1664,0.2774,0.2269,0.2837,0.2888,0.2888
fld_10x10x10_1159.dat,1159,-0.2156,0.4312,-0.1081,0.3602,-0.0294,0.2944,0,0.2676,0.0521,0.2607,0.1026,0.2565,0.1534,0.2557,0.206,0.2575,0.262,0.262
fld_10x10x10_1161.dat,1161,-0.2061,0.4122,-0.1096,0.3652,-0.0305,0.3046,0,0.2762,0.0541,0.2704,0.1096,0.274,0.1659,0.2764,0.2238,0.2798,0.2802,0.2802
fld_10x10x10_1162.dat,1162,-0.1947,0.3893,-0.1124,0.3748,-0.0308,0.308,0,0.2779,0.0552,0.276,0.1099,0.2748,0.1675,0.2791,0.2252,0.2815,0.2859,0.2859
fld_10x10x10_1163.dat,1163,-0.1939,0.3879,-0.1117,0.3724,-0.0306,0.306,0,0.2778,0.055,0.275,0.1082,0.2705,0.1634,0.2723,0.2235,0.2794,0.2869,0.2869
fld_10x10x10_1164.dat,1164,-0.1989,0.3977,-0.1123,0.3742,-0.0308,0.3081,0,0.2768,0.0541,0.2704,0.1068,0.267,0.1609,0.2682,0.2165,0.2707,0.2787,0.2787
fld_10x10x10_1165.dat,1165,-0.1971,0.3942,-0.1157,0.3857,-0.0305,0.3051,0,0.2763,0.0539,0.2693,0.1079,0.2697,0.1643,0.2738,0.2256,0.282,0.2939,0.2939
fld_10x10x10_1167.dat,1167,-0.2026,0.4053,-0.1116,0.3719,-0.0308,0.3079,0,0.2778,0.0539,0.2693,0.1061,0.2652,0.1584,0.2641,0.213,0.2663,0.2729,0.2729
fld_10x10x10_1170.dat,1170,-0.2252,0.4503,-0.1085,0.3616,-0.0297,0.2967,0,0.267,0.0531,0.2654,0.1053,0.2631,0.1613,0.2689,0.2268,0.2835,0.2976,0.2976
fld_10x10x10_1172.dat,1172,-0.2186,0.4371,-0.1087,0.3622,-0.0301,0.3013,0,0.2727,0.0547,0.2735,0.1089,0.2722,0.1619,0.2699,0.2186,0.2732,0.2759,0.2759
fld_10x10x10_1176.dat,1176,-0.1898,0.3796,-0.1074,0.3579,-0.0293,0.2926,0,0.2645,0.0525,0.2623,0.1044,0.261,0.1569,0.2615,0.2165,0.2707,0.2795,0.2795
fld_10x10x10_1177.dat,1177,-0.191,0.382,-0.1072,0.3575,-0.0294,0.2936,0,0.2653,0.0519,0.2593,0.1025,0.2562,0.1551,0.2585,0.2095,0.2619,0.2723,0.2723
fld_10x10x10_1182.dat,1182,-0.1906,0.3812,-0.1116,0.3719,-0.031,0.3097,0,0.2778,0.0549,0.2743,0.1104,0.2761,0.1693,0.2822,0.2364,0.2955,0.3082,0.3082
fld_10x10x10_1184.dat,1184,-0.1914,0.3829,-0.1108,0.3694,-0.0305,0.3046,0,0.2739,0.0547,0.2733,0.108,0.27,0.1642,0.2736,0.2308,0.2884,0.2981,0.2981
fld_10x10x10_1185.dat,1185,-0.1943,0.3885,-0.1108,0.3693,-0.0303,0.3028,0,0.2732,0.0545,0.2723,0.1077,0.2693,0.1628,0.2713,0.2238,0.2797,0.2898,0.2898
fld_10x10x10_1186.dat,1186,-0.2296,0.4593,-0.1126,0.3753,-0.0302,0.3021,0,0.2729,0.0537,0.2686,0.1086,0.2715,0.1654,0.2756,0.2274,0.2843,0.3008,0.3008
fld_10x10x10_1188.dat,1188,-0.225,0.45,-0.1093,0.3644,-0.0299,0.2986,0,0.2711,0.0541,0.2705,0.1086,0.2714,0.1667,0.2778,0.2284,0.2855,0.3,0.3
fld_10x10x10_1191.dat,1191,-0.2288,0.4576,-0.1078,0.3592,-0.0294,0.2943,0,0.2651,0.053,0.2648,0.1071,0.2678,0.1643,0.2739,0.2207,0.2759,0.2839,0.2839
fld_10x10x10_1197.dat,1197,-0.2195,0.439,-0.1088,0.3628,-0.0302,0.302,0,0.2729,0.0529,0.2647,0.1055,0.2638,0.1586,0.2643,0.2159,0.2698,0.2802,0.2802
fld_10x10x10_1199.dat,1199,-0.1841,0.3681,-0.1131,0.3769,-0.0305,0.3053,0,0.2769,0.0544,0.272,0.1077,0.2694,0.1628,0.2714,0.2212,0.2765,0.2848,0.2848
fld_10x10x10_1200.dat,1200,-0.2032,0.4065,-0.1128,0.376,-0.0312,0.3119,0,0.2767,0.0542,0.2711,0.1072,0.268,0.1609,0.2681,0.2146,0.2682,0.2762,0.2762
fld_10x10x10_1201.dat,1201,-0.1995,0.399,-0.1115,0.3718,-0.0305,0.3053,0,0.2766,0.0539,0.2694,0.1061,0.2652,0.1583,0.2639,0.2164,0.2705,0.2869,0.2869
fld_10x10x10_1202.dat,1202,-0.186,0.3719,-0.113,0.3767,-0.0313,0.3131,0,0.2778,0.0547,0.2733,0.1072,0.2679,0.1587,0.2645,0.2172,0.2715,0.2802,0.2802
fld_10x10x10_1203.dat,1203,-0.1941,0.3881,-0.1107,0.3691,-0.0302,0.3017,0,0.272,0.0524,0.2618,0.1029,0.2572,0.1567,0.2612,0.2142,0.2678,0.2749,0.2749
fld_10x10x10_1207.dat,1207,-0.2294,0.4587,-0.1079,0.3597,-0.0294,0.2943,0,0.2672,0.0526,0.263,0.1047,0.2617,0.1616,0.2694,0.2213,0.2766,0.2855,0.2855
fld_10x10x10_1209.dat,1209,-0.2242,0.4485,-0.1096,0.3655,-0.0302,0.3015,0,0.2714,0.0531,0.2656,0.1064,0.266,0.1644,0.274,0.2283,0.2854,0.3001,0.3001
fld_10x10x10_1210.dat,1210,-0.1969,0.3937,-0.1141,0.3802,-0.0302,0.3018,0,0.27,0.0531,0.2656,0.1065,0.2663,0.1639,0.2732,0.2226,0.2782,0.2839,0.2839
fld_10x10x10_1211.dat,1211,-0.2119,0.4239,-0.1126,0.3755,-0.0301,0.3011,0,0.2736,0.0541,0.2704,0.107,0.2676,0.1646,0.2744,0.2267,0.2833,0.297,0.297
fld_10x10x10_1212.dat,1212,-0.1984,0.3968,-0.1112,0.3707,-0.0305,0.3047,0,0.2739,0.0544,0.2718,0.1079,0.2696,0.1634,0.2723,0.2247,0.2808,0.2921,0.2921
fld_10x10x10_1213.dat,1213,-0.2131,0.4262,-0.1104,0.3681,-0.0304,0.3039,0,0.276,0.0547,0.2735,0.1089,0.2722,0.1658,0.2764,0.2261,0.2826,0.2897,0.2897
fld_10x10x10_1214.dat,1214,-0.1997,0.3994,-0.1085,0.3616,-0.03,0.3003,0,0.2722,0.0536,0.2679,0.1049,0.2624,0.1593,0.2656,0.2172,0.2715,0.2802,0.2802
fld_10x10x10_1215.dat,1215,-0.2118,0.4235,-0.1051,0.3505,-0.0296,0.2963,0,0.2691,0.0531,0.2657,0.105,0.2626,0.159,0.265,0.2185,0.2731,0.2819,0.2819
fld_10x10x10_1219.dat,1219,-0.1936,0.3872,-0.1111,0.3703,-0.0304,0.3039,0,0.2745,0.0538,0.2688,0.1061,0.2652,0.1606,0.2677,0.2174,0.2717,0.2778,0.2778
fld_10x10x10_1220.dat,1220,-0.196,0.3921,-0.1092,0.364,-0.03,0.3001,0,0.2705,0.0533,0.2663,0.1063,0.2657,0.1585,0.2641,0.2139,0.2674,0.2738,0.2738
fld_10x10x10_1222.dat,1222,-0.2264,0.4528,-0.1087,0.3624,-0.0298,0.2982,0,0.2699,0.0544,0.2721,0.1112,0.2781,0.1734,0.289,0.2364,0.2955,0.2971,0.2971
fld_10x10x10_1223.dat,1223,-0.2222,0.4444,-0.1071,0.3569,-0.0297,0.2968,0,0.2686,0.0529,0.2645,0.1045,0.2612,0.1584,0.2639,0.2187,0.2733,0.286,0.286
fld_10x10x10_1224.dat,1224,-0.216,0.4319,-0.1068,0.3559,-0.0296,0.2961,0,0.2689,0.0536,0.2681,0.1078,0.2696,0.1629,0.2715,0.2221,0.2776,0.2882,0.2882
fld_10x10x10_1226.dat,1226,-0.2177,0.4354,-0.1049,0.3496,-0.0296,0.2962,0,0.269,0.0535,0.2675,0.1063,0.2658,0.1576,0.2626,0.2114,0.2643,0.2761,0.2761
fld_10x10x10_1227.dat,1227,-0.2207,0.4414,-0.1079,0.3598,-0.0297,0.2974,0,0.2679,0.0527,0.2635,0.1049,0.2622,0.1592,0.2653,0.2178,0.2723,0.2746,0.2746
fld_10x10x10_1229.dat,1229,-0.2228,0.4456,-0.1092,0.3639,-0.0297,0.2969,0,0.2686,0.0527,0.2637,0.1045,0.2612,0.1583,0.2638,0.2132,0.2665,0.275,0.275
fld_10x10x10_1230.dat,1230,-0.1941,0.3882,-0.1089,0.363,-0.0301,0.3006,0,0.2718,0.0539,0.2693,0.1081,0.2704,0.1665,0.2775,0.2282,0.2852,0.2919,0.2919
fld_10x10x10_1231.dat,1231,-0.2138,0.4277,-0.1094,0.3646,-0.0301,0.3008,0,0.2728,0.0538,0.2689,0.1071,0.2678,0.1599,0.2664,0.2122,0.2653,0.2695,0.2695
fld_10x10x10_1232.dat,1232,-0.1914,0.3828,-0.1088,0.3628,-0.0302,0.3019,0,0.2728,0.0541,0.2706,0.1077,0.2691,0.1616,0.2693,0.216,0.27,0.2797,0.2797
fld_10x10x10_1234.dat,1234,-0.1976,0.3952,-0.1111,0.3703,-0.0306,0.3063,0,0.2762,0.0547,0.2737,0.1095,0.2737,0.1655,0.2758,0.2252,0.2815,0.287,0.287
fld_10x10x10_1235.dat,1235,-0.1923,0.3846,-0.1093,0.3643,-0.0302,0.3019,0,0.2722,0.0533,0.2663,0.1046,0.2614,0.1574,0.2623,0.2125,0.2656,0.2728,0.2728
fld_10x10x10_1236.dat,1236,-0.1853,0.3705,-0.1123,0.3744,-0.0305,0.3047,0,0.2745,0.0541,0.2705,0.107,0.2675,0.1593,0.2654,0.2144,0.2681,0.275,0.275
fld_10x10x10_1237.dat,1237,-0.19,0.3799,-0.1085,0.3615,-0.0298,0.2977,0,0.2707,0.0535,0.2675,0.1062,0.2654,0.1586,0.2643,0.215,0.2688,0.28,0.28
fld_10x10x10_1240.dat,1240,-0.2207,0.4413,-0.1091,0.3635,-0.0298,0.2979,0,0.2701,0.0536,0.2679,0.1075,0.2688,0.1653,0.2754,0.2272,0.284,0.3001,0.3001
fld_10x10x10_1242.dat,1242,-0.2242,0.4484,-0.1082,0.3607,-0.0298,0.2983,0,0.2688,0.053,0.2652,0.1065,0.2663,0.1632,0.2721,0.2205,0.2756,0.2881,0.2881
fld_10x10x10_1246.dat,1246,-0.2019,0.4038,-0.1092,0.3639,-0.03,0.3,0,0.2724,0.0541,0.2704,0.1071,0.2677,0.1613,0.2688,0.2177,0.2722,0.2843,0.2843
fld_10x10x10_1248.dat,1248,-0.1991,0.3982,-0.1086,0.3621,-0.0297,0.2971,0,0.2663,0.0526,0.2629,0.1045,0.2612,0.1568,0.2613,0.2155,0.2694,0.2824,0.2824
fld_10x10x10_1250.dat,1250,-0.196,0.3921,-0.1092,0.3639,-0.0304,0.3043,0,0.2754,0.0542,0.2712,0.1095,0.2736,0.1677,0.2795,0.2271,0.2839,0.2931,0.2931
fld_10x10x10_1251.dat,1251,-0.2112,0.4223,-0.1078,0.3595,-0.03,0.3003,0,0.2707,0.0544,0.2722,0.1078,0.2695,0.1605,0.2675,0.2171,0.2714,0.2773,0.2773
fld_10x10x10_1253.dat,1253,-0.1987,0.3974,-0.1154,0.3847,-0.0308,0.308,0,0.2762,0.0541,0.2704,0.1084,0.271,0.1657,0.2762,0.2253,0.2816,0.2946,0.2946
fld_10x10x10_1255.dat,1255,-0.1966,0.3931,-0.1092,0.3641,-0.0301,0.3012,0,0.2729,0.054,0.27,0.1073,0.2681,0.1641,0.2735,0.2203,0.2754,0.2814,0.2814
fld_10x10x10_1258.dat,1258,-0.2189,0.4378,-0.1114,0.3715,-0.0305,0.3047,0,0.2767,0.0549,0.2746,0.1084,0.2711,0.1641,0.2735,0.2303,0.2879,0.3079,0.3079
fld_10x10x10_1259.dat,1259,-0.225,0.45,-0.1072,0.3574,-0.0299,0.2991,0,0.2696,0.0536,0.268,0.1084,0.2709,0.1649,0.2748,0.2236,0.2795,0.2878,0.2878
fld_10x10x10_1260.dat,1260,-0.2185,0.437,-0.1073,0.3576,-0.0297,0.2967,0,0.2684,0.0535,0.2673,0.1072,0.268,0.1611,0.2685,0.2222,0.2778,0.2899,0.2899
fld_10x10x10_1265.dat,1265,-0.2254,0.4509,-0.1092,0.3639,-0.0295,0.2946,0,0.268,0.0534,0.2671,0.1065,0.2663,0.161,0.2683,0.2214,0.2768,0.2898,0.2898
fld_10x10x10_1266.dat,1266,-0.1978,0.3956,-0.1083,0.3611,-0.0304,0.3041,0,0.2726,0.0537,0.2683,0.1065,0.2663,0.1605,0.2676,0.2186,0.2732,0.284,0.284
fld_10x10x10_1269.dat,1269,-0.2142,0.4284,-0.1064,0.3548,-0.03,0.3001,0,0.2693,0.0539,0.2696,0.107,0.2675,0.1629,0.2715,0.2207,0.2759,0.2857,0.2857
fld_10x10x10_1271.dat,1271,-0.2004,0.4009,-0.113,0.3766,-0.0306,0.3063,0,0.2769,0.0551,0.2753,0.1105,0.2762,0.1664,0.2773,0.2216,0.277,0.2808,0.2808
fld_10x10x10_1272.dat,1272,-0.192,0.384,-0.1082,0.3608,-0.0302,0.3021,0,0.2729,0.0536,0.268,0.1048,0.262,0.1557,0.2595,0.2114,0.2642,0.2791,0.2791
fld_10x10x10_1275.dat,1275,-0.1887,0.3774,-0.1077,0.3591,-0.0303,0.3025,0,0.2727,0.0532,0.2661,0.1051,0.2627,0.1578,0.2629,0.212,0.265,0.2719,0.2719
fld_10x10x10_1279.dat,1279,-0.2189,0.4378,-0.1079,0.3595,-0.0298,0.2982,0,0.2696,0.0529,0.2647,0.1053,0.2632,0.1616,0.2693,0.2208,0.276,0.2865,0.2865
fld_10x10x10_1280.dat,1280,-0.2168,0.4335,-0.1065,0.355,-0.03,0.2999,0,0.2676,0.0538,0.2688,0.1094,0.2734,0.167,0.2783,0.2304,0.288,0.3004,0.3004
fld_10x10x10_1281.dat,1281,-0.2174,0.4348,-0.1062,0.3539,-0.0294,0.2942,0,0.2661,0.0527,0.2636,0.1033,0.2582,0.1575,0.2626,0.216,0.27,0.2799,0.2799
fld_10x10x10_1282.dat,1282,-0.192,0.3841,-0.1083,0.3609,-0.0297,0.2966,0,0.2679,0.0532,0.2658,0.107,0.2675,0.1643,0.2738,0.2286,0.2858,0.3087,0.3087
fld_10x10x10_1283.dat,1283,-0.2178,0.4356,-0.1092,0.3639,-0.0301,0.301,0,0.2722,0.0544,0.2721,0.1073,0.2682,0.1617,0.2695,0.2204,0.2755,0.278,0.278
fld_10x10x10_1284.dat,1284,-0.1942,0.3885,-0.109,0.3632,-0.0304,0.3043,0,0.2737,0.0547,0.2734,0.1075,0.2688,0.1596,0.2661,0.2158,0.2697,0.2842,0.2842
fld_10x10x10_1285.dat,1285,-0.2157,0.4313,-0.1093,0.3642,-0.0298,0.2978,0,0.2686,0.0526,0.2632,0.1032,0.2579,0.1558,0.2596,0.2121,0.2652,0.273,0.273
fld_10x10x10_1288.dat,1288,-0.1934,0.3868,-0.1103,0.3676,-0.0308,0.3079,0,0.275,0.0545,0.2723,0.1093,0.2733,0.1666,0.2776,0.2284,0.2855,0.297,0.297
fld_10x10x10_1291.dat,1291,-0.1955,0.3909,-0.1097,0.3656,-0.0298,0.2982,0,0.2689,0.0528,0.2638,0.1061,0.2652,0.1632,0.2721,0.2209,0.2761,0.2862,0.2862
fld_10x10x10_1293.dat,1293,-0.194,0.3881,-0.1092,0.3639,-0.0302,0.3023,0,0.2729,0.0533,0.2666,0.1046,0.2614,0.1579,0.2631,0.21,0.2625,0.2706,0.2706
fld_10x10x10_1294.dat,1294,-0.2215,0.443,-0.111,0.3701,-0.0304,0.3038,0,0.275,0.0547,0.2736,0.1087,0.2716,0.1646,0.2744,0.224,0.28,0.2904,0.2904
fld_10x10x10_1295.dat,1295,-0.2336,0.4672,-0.1092,0.364,-0.0295,0.2948,0,0.27,0.0539,0.2697,0.1073,0.2684,0.1618,0.2697,0.2191,0.2739,0.2779,0.2779
fld_10x10x10_1296.dat,1296,-0.2214,0.4428,-0.1071,0.3569,-0.0296,0.2962,0,0.2685,0.0534,0.2672,0.1081,0.2703,0.1622,0.2704,0.2142,0.2677,0.2731,0.2731
fld_10x10x10_1297.dat,1297,-0.2344,0.4687,-0.1085,0.3618,-0.0293,0.2932,0,0.2652,0.0526,0.2632,0.1062,0.2654,0.1633,0.2722,0.2219,0.2774,0.282,0.282
fld_10x10x10_1299.dat,1299,-0.231,0.4619,-0.1104,0.368,-0.0295,0.2947,0,0.2669,0.0527,0.2635,0.1048,0.2619,0.1593,0.2654,0.2157,0.2696,0.2799,0.2799
fld_10x10x10_1301.dat,1301,-0.2048,0.4096,-0.1112,0.3706,-0.0302,0.3021,0,0.2743,0.054,0.2699,0.1063,0.2657,0.1577,0.2628,0.2107,0.2633,0.268,0.268
fld_10x10x10_1305.dat,1305,-0.2204,0.4409,-0.1084,0.3615,-0.0299,0.2985,0,0.2706,0.0536,0.2679,0.1062,0.2654,0.1629,0.2715,0.2209,0.2762,0.2779,0.2779
fld_10x10x10_1306.dat,1306,-0.1993,0.3987,-0.1143,0.3809,-0.0305,0.3052,0,0.2761,0.0545,0.2725,0.1077,0.2691,0.1625,0.2708,0.2241,0.2801,0.285,0.285
fld_10x10x10_1308.dat,1308,-0.1971,0.3942,-0.1118,0.3725,-0.0306,0.3061,0,0.2779,0.0555,0.2775,0.1095,0.2736,0.1653,0.2756,0.2218,0.2773,0.2841,0.2841
fld_10x10x10_1309.dat,1309,-0.1911,0.3821,-0.1083,0.3612,-0.0301,0.3014,0,0.2727,0.0538,0.269,0.1077,0.2692,0.1628,0.2714,0.2165,0.2706,0.2761,0.2761
fld_10x10x10_1310.dat,1310,-0.1917,0.3835,-0.1109,0.3696,-0.0306,0.3061,0,0.2805,0.0555,0.2774,0.11,0.275,0.1672,0.2786,0.2295,0.2868,0.3021,0.3021
fld_10x10x10_1311.dat,1311,-0.1835,0.367,-0.1111,0.3705,-0.0305,0.305,0,0.2749,0.054,0.2699,0.1061,0.2653,0.1605,0.2675,0.2165,0.2706,0.28,0.28
fld_10x10x10_1312.dat,1312,-0.2155,0.4309,-0.1085,0.3615,-0.0295,0.2946,0,0.269,0.054,0.2698,0.1069,0.2673,0.1622,0.2703,0.2249,0.2811,0.293,0.293
fld_10x10x10_1314.dat,1314,-0.2246,0.4492,-0.1072,0.3575,-0.0295,0.2946,0,0.2684,0.0529,0.2643,0.1052,0.2629,0.1595,0.2658,0.2204,0.2755,0.284,0.284
fld_10x10x10_1315.dat,1315,-0.2273,0.4545,-0.1083,0.3611,-0.0295,0.295,0,0.2698,0.0542,0.2711,0.1077,0.2692,0.1605,0.2675,0.2154,0.2693,0.2782,0.2782
fld_10x10x10_1317.dat,1317,-0.2212,0.4424,-0.1063,0.3543,-0.0297,0.2969,0,0.2685,0.0535,0.2675,0.1057,0.2642,0.1601,0.2669,0.2174,0.2717,0.2805,0.2805
fld_10x10x10_1318.dat,1318,-0.2043,0.4085,-0.1117,0.3724,-0.0305,0.3047,0,0.275,0.0542,0.2708,0.1057,0.2642,0.1598,0.2664,0.2184,0.273,0.2802,0.2802
fld_10x10x10_1319.dat,1319,-0.2289,0.4577,-0.1099,0.3664,-0.0298,0.298,0,0.2705,0.0526,0.2629,0.1032,0.258,0.154,0.2566,0.2046,0.2557,0.2581,0.2581
fld_10x10x10_1320.dat,1320,-0.1992,0.3984,-0.1125,0.3749,-0.0298,0.2978,0,0.2697,0.0537,0.2683,0.108,0.2701,0.1653,0.2755,0.2251,0.2813,0.2919,0.2919
fld_10x10x10_1328.dat,1328,-0.1937,0.3874,-0.1084,0.3614,-0.0303,0.3029,0,0.2719,0.0529,0.2646,0.1053,0.2632,0.1588,0.2647,0.2157,0.2696,0.2778,0.2778
fld_10x10x10_1329.dat,1329,-0.1968,0.3937,-0.111,0.3699,-0.0308,0.3082,0,0.2787,0.0544,0.2722,0.107,0.2674,0.1592,0.2654,0.2112,0.264,0.2648,0.2648
fld_10x10x10_1333.dat,1333,-0.2264,0.4528,-0.1063,0.3542,-0.0294,0.2944,0,0.2684,0.0539,0.2697,0.1077,0.2693,0.1617,0.2695,0.2187,0.2734,0.2815,0.2815
fld_10x10x10_1335.dat,1335,-0.2266,0.4531,-0.1069,0.3563,-0.0296,0.2962,0,0.2707,0.0543,0.2713,0.1077,0.2692,0.1629,0.2715,0.2248,0.281,0.2925,0.2925
fld_10x10x10_1337.dat,1337,-0.2097,0.4193,-0.1092,0.3641,-0.0297,0.2967,0,0.2715,0.0544,0.2718,0.1091,0.2727,0.1661,0.2768,0.2238,0.2797,0.285,0.285
fld_10x10x10_1338.dat,1338,-0.1951,0.3902,-0.1101,0.3669,-0.0301,0.3014,0,0.2737,0.0549,0.2745,0.1092,0.2729,0.1658,0.2764,0.2212,0.2765,0.2851,0.2851
fld_10x10x10_1340.dat,1340,-0.1903,0.3807,-0.1048,0.3493,-0.0289,0.2889,0,0.2621,0.0521,0.2606,0.1044,0.261,0.1584,0.264,0.2115,0.2644,0.269,0.269
fld_10x10x10_1341.dat,1341,-0.2083,0.4167,-0.106,0.3533,-0.0291,0.2907,0,0.2647,0.0521,0.2605,0.1038,0.2594,0.1584,0.264,0.2155,0.2694,0.2755,0.2755
fld_10x10x10_1343.dat,1343,-0.1933,0.3866,-0.1118,0.3727,-0.0298,0.2982,0,0.2681,0.0525,0.2624,0.1041,0.2601,0.1581,0.2635,0.2164,0.2704,0.2778,0.2778
fld_10x10x10_1344.dat,1344,-0.19,0.3799,-0.11,0.3666,-0.03,0.3004,0,0.2737,0.0545,0.2727,0.1077,0.2692,0.1595,0.2659,0.2142,0.2677,0.2725,0.2725
fld_10x10x10_1346.dat,1346,-0.1839,0.3679,-0.1076,0.3587,-0.0292,0.292,0,0.2631,0.0517,0.2585,0.1023,0.2558,0.1542,0.257,0.2086,0.2608,0.2659,0.2659
fld_10x10x10_1347.dat,1347,-0.1903,0.3807,-0.1103,0.3676,-0.0305,0.3045,0,0.2761,0.0542,0.2709,0.1067,0.2666,0.1592,0.2654,0.2143,0.2679,0.2684,0.2684
fld_10x10x10_1348.dat,1348,-0.2177,0.4355,-0.109,0.3634,-0.0296,0.2959,0,0.268,0.0529,0.2643,0.1065,0.2662,0.16,0.2666,0.2123,0.2654,0.2721,0.2721
fld_10x10x10_1350.dat,1350,-0.2255,0.4509,-0.1091,0.3637,-0.0302,0.3021,0,0.2739,0.0541,0.2706,0.1079,0.2697,0.1622,0.2703,0.2185,0.2732,0.2844,0.2844
fld_10x10x10_1353.dat,1353,-0.2262,0.4525,-0.1056,0.3518,-0.029,0.2904,0,0.2647,0.0521,0.2607,0.1033,0.2582,0.1551,0.2585,0.2123,0.2654,0.2748,0.2748
fld_10x10x10_1354.dat,1354,-0.2003,0.4006,-0.1114,0.3714,-0.0302,0.3016,0,0.2734,0.0544,0.2719,0.1096,0.274,0.1663,0.2772,0.2273,0.2841,0.2918,0.2918
fld_10x10x10_1360.dat,1360,-0.1846,0.3692,-0.1093,0.3643,-0.0296,0.2961,0,0.2717,0.0537,0.2684,0.1062,0.2654,0.1573,0.2622,0.2102,0.2628,0.2669,0.2669
fld_10x10x10_1366.dat,1366,-0.2234,0.4468,-0.1091,0.3638,-0.0296,0.296,0,0.2666,0.0527,0.2636,0.1048,0.262,0.1571,0.2618,0.2143,0.2678,0.2741,0.2741
fld_10x10x10_1367.dat,1367,-0.228,0.4561,-0.1076,0.3587,-0.0297,0.2969,0,0.2689,0.053,0.2652,0.1037,0.2592,0.1588,0.2647,0.2178,0.2723,0.2761,0.2761
fld_10x10x10_1377.dat,1377,-0.2059,0.4118,-0.1051,0.3502,-0.0294,0.2941,0,0.2664,0.0525,0.2623,0.1042,0.2606,0.1583,0.2638,0.2158,0.2698,0.2804,0.2804
fld_10x10x10_1380.dat,1380,-0.1911,0.3822,-0.1101,0.3669,-0.0302,0.3025,0,0.2731,0.0535,0.2676,0.1053,0.2634,0.1591,0.2652,0.2141,0.2676,0.2701,0.2701
fld_10x10x10_1381.dat,1381,-0.1903,0.3807,-0.1096,0.3653,-0.0302,0.3024,0,0.2738,0.0536,0.2679,0.1037,0.2592,0.1559,0.2599,0.2084,0.2605,0.2619,0.2619
fld_10x10x10_1382.dat,1382,-0.2005,0.4009,-0.1087,0.3625,-0.0299,0.299,0,0.2721,0.0545,0.2726,0.1084,0.2709,0.1621,0.2702,0.2192,0.274,0.2801,0.2801
fld_10x10x10_1383.dat,1383,-0.1888,0.3776,-0.1086,0.3621,-0.0298,0.2975,0,0.269,0.0525,0.2624,0.1031,0.2577,0.1539,0.2564,0.2065,0.2582,0.2624,0.2624
fld_10x10x10_1384.dat,1384,-0.2207,0.4414,-0.1097,0.3657,-0.0302,0.3023,0,0.2725,0.0537,0.2683,0.1071,0.2677,0.1629,0.2716,0.2208,0.276,0.2794,0.2794
fld_10x10x10_1385.dat,1385,-0.2198,0.4395,-0.1077,0.3589,-0.0297,0.2974,0,0.2699,0.0534,0.2669,0.1058,0.2645,0.1605,0.2675,0.2157,0.2696,0.2727,0.2727
fld_10x10x10_1387.dat,1387,-0.2206,0.4413,-0.1075,0.3583,-0.0297,0.2969,0,0.2691,0.053,0.2652,0.1037,0.2592,0.1587,0.2645,0.2177,0.2722,0.2761,0.2761
fld_10x10x10_1390.dat,1390,-0.193,0.386,-0.1099,0.3663,-0.0299,0.2988,0,0.269,0.0536,0.268,0.1079,0.2698,0.1647,0.2745,0.2237,0.2796,0.285,0.285
fld_10x10x10_1394.dat,1394,-0.1967,0.3934,-0.1064,0.3546,-0.0297,0.2971,0,0.2684,0.0523,0.2614,0.1027,0.2569,0.1571,0.2618,0.2175,0.2719,0.2859,0.2859
fld_10x10x10_1396.dat,1396,-0.1903,0.3806,-0.1091,0.3637,-0.0303,0.3027,0,0.2732,0.0543,0.2714,0.1086,0.2715,0.1657,0.2762,0.2302,0.2877,0.2965,0.2965
fld_10x10x10_1397.dat,1397,-0.1865,0.373,-0.1098,0.366,-0.0298,0.2979,0,0.2692,0.0526,0.2629,0.1053,0.2631,0.1613,0.2688,0.2211,0.2763,0.282,0.282
fld_10x10x10_1399.dat,1399,-0.1966,0.3931,-0.1105,0.3684,-0.0299,0.2989,0,0.2709,0.0537,0.2683,0.1061,0.2652,0.1606,0.2677,0.2205,0.2757,0.2819,0.2819
fld_10x10x10_1401.dat,1401,-0.1789,0.3578,-0.1024,0.3415,-0.0285,0.2851,0,0.2614,0.0515,0.2574,0.1012,0.253,0.1509,0.2516,0.2015,0.2519,0.2489,0.2489
fld_10x10x10_1403.dat,1403,-0.2216,0.4432,-0.1047,0.349,-0.0288,0.2879,0,0.2621,0.0517,0.2585,0.1032,0.258,0.1567,0.2612,0.2129,0.2661,0.2757,0.2757
fld_10x10x10_1405.dat,1405,-0.2208,0.4416,-0.1051,0.3502,-0.0294,0.2938,0,0.2683,0.0534,0.267,0.105,0.2626,0.1581,0.2636,0.2159,0.2699,0.2809,0.2809
fld_10x10x10_1409.dat,1409,-0.2098,0.4196,-0.1097,0.3656,-0.03,0.3003,0,0.2741,0.0542,0.271,0.1084,0.2709,0.1661,0.2768,0.2282,0.2852,0.297,0.297
fld_10x10x10_1411.dat,1411,-0.2162,0.4324,-0.1094,0.3646,-0.0298,0.298,0,0.267,0.052,0.2601,0.102,0.2551,0.1541,0.2569,0.2099,0.2624,0.2723,0.2723
fld_10x10x10_1412.dat,1412,-0.1832,0.3663,-0.1051,0.3502,-0.0289,0.2888,0,0.2623,0.0525,0.2627,0.1042,0.2605,0.1574,0.2623,0.2132,0.2665,0.2721,0.2721
fld_10x10x10_1413.dat,1413,-0.2121,0.4243,-0.1063,0.3544,-0.0294,0.2945,0,0.2659,0.0529,0.2645,0.1045,0.2613,0.1581,0.2635,0.2157,0.2696,0.2801,0.2801
fld_10x10x10_1414.dat,1414,-0.1958,0.3916,-0.1095,0.365,-0.0304,0.3042,0,0.2764,0.0544,0.2721,0.1077,0.2693,0.1629,0.2716,0.2174,0.2718,0.2799,0.2799
fld_10x10x10_1415.dat,1415,-0.1955,0.391,-0.1073,0.3577,-0.0294,0.2937,0,0.2665,0.052,0.2602,0.1015,0.2537,0.1521,0.2534,0.206,0.2575,0.26,0.26
fld_10x10x10_1419.dat,1419,-0.1874,0.3749,-0.1068,0.356,-0.0299,0.2988,0,0.2704,0.0527,0.2633,0.1021,0.2552,0.1549,0.2581,0.2133,0.2666,0.2759,0.2759
fld_10x10x10_1423.dat,1423,-0.2205,0.4409,-0.1046,0.3487,-0.0292,0.2924,0,0.2652,0.0519,0.2597,0.1045,0.2613,0.1591,0.2652,0.2153,0.2691,0.277,0.277
fld_10x10x10_1425.dat,1425,-0.218,0.4361,-0.1048,0.3493,-0.0291,0.2908,0,0.2636,0.0515,0.2575,0.1026,0.2564,0.1568,0.2613,0.2144,0.2679,0.273,0.273
fld_10x10x10_1427.dat,1427,-0.2085,0.417,-0.1084,0.3613,-0.0297,0.2969,0,0.2682,0.0525,0.2625,0.1031,0.2577,0.157,0.2617,0.2142,0.2677,0.2727,0.2727
fld_10x10x10_1430.dat,1430,-0.1882,0.3763,-0.1067,0.3558,-0.0294,0.2941,0,0.2654,0.0525,0.2627,0.105,0.2626,0.1605,0.2676,0.2167,0.2709,0.2781,0.2781
fld_10x10x10_1432.dat,1432,-0.1913,0.3825,-0.1107,0.369,-0.0308,0.3078,0,0.2768,0.0542,0.2711,0.1069,0.2672,0.1605,0.2676,0.2183,0.2729,0.2811,0.2811
fld_10x10x10_1435.dat,1435,-0.1849,0.3699,-0.1086,0.3619,-0.03,0.3001,0,0.2699,0.0528,0.2639,0.1039,0.2597,0.1592,0.2654,0.2161,0.2701,0.2828,0.2828
fld_10x10x10_1437.dat,1437,-0.1898,0.3796,-0.106,0.3534,-0.0294,0.2939,0,0.2664,0.0523,0.2616,0.1029,0.2573,0.1558,0.2596,0.2124,0.2655,0.2726,0.2726
fld_10x10x10_1438.dat,1438,-0.2117,0.4235,-0.1057,0.3524,-0.0291,0.2906,0,0.2633,0.0529,0.2644,0.1068,0.267,0.166,0.2767,0.2353,0.2941,0.3157,0.3157
fld_10x10x10_1440.dat,1440,-0.2128,0.4256,-0.1048,0.3493,-0.029,0.29,0,0.2641,0.0529,0.2643,0.1061,0.2653,0.1611,0.2685,0.2241,0.2801,0.2943,0.2943
fld_10x10x10_1441.dat,1441,-0.2104,0.4209,-0.1029,0.343,-0.0288,0.2879,0,0.2612,0.0513,0.2563,0.1004,0.2511,0.1524,0.254,0.2062,0.2577,0.2659,0.2659
fld_10x10x10_1446.dat,1446,-0.1963,0.3927,-0.1065,0.3551,-0.0295,0.2953,0,0.2684,0.0535,0.2673,0.1078,0.2694,0.1644,0.2739,0.2275,0.2843,0.2963,0.2963
fld_10x10x10_1449.dat,1449,-0.2007,0.4015,-0.1048,0.3493,-0.0298,0.2975,0,0.2701,0.0532,0.2659,0.1056,0.2641,0.1608,0.268,0.2172,0.2714,0.2812,0.2812
fld_10x10x10_1450.dat,1450,-0.184,0.3681,-0.1097,0.3655,-0.03,0.3004,0,0.2718,0.0537,0.2685,0.1064,0.2661,0.1586,0.2643,0.2172,0.2715,0.2818,0.2818
fld_10x10x10_1451.dat,1451,-0.19,0.38,-0.1081,0.3602,-0.03,0.3002,0,0.2703,0.0531,0.2657,0.1053,0.2632,0.1598,0.2664,0.2185,0.2731,0.2803,0.2803
fld_10x10x10_1452.dat,1452,-0.1871,0.3742,-0.1092,0.3639,-0.0308,0.3079,0,0.2779,0.0547,0.2736,0.1106,0.2766,0.1681,0.2801,0.2288,0.286,0.2927,0.2927
fld_10x10x10_1453.dat,1453,-0.1848,0.3696,-0.1058,0.3526,-0.0294,0.2939,0,0.2655,0.0522,0.2609,0.1035,0.2589,0.155,0.2583,0.2091,0.2613,0.2683,0.2683
fld_10x10x10_1454.dat,1454,-0.1863,0.3726,-0.1075,0.3584,-0.0299,0.2986,0,0.27,0.0531,0.2655,0.1038,0.2596,0.1569,0.2616,0.2172,0.2715,0.288,0.288
fld_10x10x10_1455.dat,1455,-0.1915,0.383,-0.1074,0.358,-0.0302,0.302,0,0.274,0.0547,0.2733,0.1084,0.2709,0.1623,0.2705,0.2206,0.2758,0.2795,0.2795
fld_10x10x10_1457.dat,1457,-0.2241,0.4482,-0.1072,0.3573,-0.0298,0.2984,0,0.2695,0.0531,0.2653,0.107,0.2674,0.1634,0.2723,0.2219,0.2773,0.2825,0.2825
fld_10x10x10_1458.dat,1458,-0.2146,0.4293,-0.1045,0.3484,-0.0294,0.2939,0,0.2673,0.0532,0.266,0.1065,0.2662,0.1624,0.2706,0.2289,0.2861,0.3165,0.3165
fld_10x10x10_1459.dat,1459,-0.2157,0.4314,-0.1038,0.3459,-0.0287,0.2868,0,0.261,0.0515,0.2577,0.1022,0.2555,0.1561,0.2602,0.2129,0.2661,0.2767,0.2767
fld_10x10x10_1460.dat,1460,-0.2126,0.4252,-0.1052,0.3506,-0.029,0.2901,0,0.2632,0.0519,0.2593,0.1034,0.2584,0.1592,0.2654,0.2204,0.2756,0.2865,0.2865
fld_10x10x10_1461.dat,1461,-0.2113,0.4225,-0.1027,0.3425,-0.0289,0.2887,0,0.261,0.0516,0.2578,0.103,0.2575,0.1551,0.2585,0.2097,0.2621,0.2683,0.2683
fld_10x10x10_1464.dat,1464,-0.1945,0.3889,-0.1085,0.3615,-0.0298,0.2977,0,0.2685,0.0524,0.2622,0.1038,0.2595,0.1573,0.2622,0.2158,0.2697,0.2797,0.2797
fld_10x10x10_1465.dat,1465,-0.2119,0.4239,-0.1053,0.3508,-0.0293,0.2933,0,0.2674,0.053,0.2649,0.1048,0.2621,0.1587,0.2644,0.2112,0.264,0.2733,0.2733
fld_10x10x10_1466.dat,1466,-0.1935,0.387,-0.1069,0.3563,-0.0302,0.3018,0,0.2722,0.0535,0.2674,0.1071,0.2677,0.1635,0.2725,0.2252,0.2816,0.289,0.289
fld_10x10x10_1467.dat,1467,-0.2151,0.4302,-0.1059,0.3529,-0.0296,0.2964,0,0.2686,0.0531,0.2654,0.1061,0.2653,0.1617,0.2695,0.2188,0.2735,0.2843,0.2843
fld_10x10x10_1468.dat,1468,-0.1994,0.3988,-0.1104,0.368,-0.0305,0.3053,0,0.2734,0.0541,0.2706,0.1079,0.2698,0.1643,0.2739,0.2291,0.2863,0.3093,0.3093
fld_10x10x10_1472.dat,1472,-0.192,0.3841,-0.1086,0.3619,-0.0304,0.3039,0,0.2728,0.0538,0.2689,0.1063,0.2659,0.1599,0.2665,0.2189,0.2737,0.2898,0.2898
fld_10x10x10_1474.dat,1474,-0.2134,0.4268,-0.1083,0.3611,-0.0297,0.2968,0,0.27,0.0532,0.2658,0.1053,0.2632,0.1608,0.268,0.2203,0.2754,0.2859,0.2859
fld_10x10x10_1475.dat,1475,-0.2134,0.4268,-0.1023,0.3411,-0.0283,0.2827,0,0.2569,0.0512,0.2561,0.1017,0.2542,0.154,0.2567,0.2139,0.2674,0.2848,0.2848
fld_10x10x10_1476.dat,1476,-0.2157,0.4314,-0.1049,0.3497,-0.0294,0.2945,0,0.2686,0.0536,0.268,0.1077,0.2693,0.1652,0.2754,0.2237,0.2796,0.2891,0.2891
fld_10x10x10_1477.dat,1477,-0.0216,0.0431,-0.1036,0.3454,-0.029,0.2898,0,0.2628,0.0513,0.2566,0.1017,0.2542,0.156,0.26,0.2085,0.2606,0.2687,0.2687
fld_10x10x10_1478.dat,1478,-0.2125,0.4249,-0.106,0.3532,-0.0299,0.2985,0,0.2693,0.0532,0.2658,0.1062,0.2656,0.1609,0.2682,0.2187,0.2734,0.2819,0.2819
fld_10x10x10_1479.dat,1479,-0.2117,0.4234,-0.1048,0.3492,-0.0295,0.2947,0,0.2681,0.0532,0.2662,0.1058,0.2646,0.1605,0.2676,0.2202,0.2753,0.2839,0.2839
fld_10x10x10_1480.dat,1480,-0.197,0.394,-0.1093,0.3644,-0.03,0.3001,0,0.2699,0.0536,0.2679,0.1071,0.2678,0.164,0.2734,0.2269,0.2836,0.2937,0.2937
fld_10x10x10_1483.dat,1483,-0.2202,0.4403,-0.1068,0.3561,-0.0298,0.298,0,0.27,0.0532,0.2661,0.1041,0.2603,0.1562,0.2603,0.2122,0.2652,0.2751,0.2751
fld_10x10x10_1484.dat,1484,-0.1981,0.3963,-0.1082,0.3605,-0.0298,0.2982,0,0.2703,0.0542,0.2709,0.1087,0.2716,0.1657,0.2762,0.2286,0.2858,0.2921,0.2921
fld_10x10x10_1486.dat,1486,-0.1843,0.3685,-0.1091,0.3638,-0.0302,0.3021,0,0.2723,0.0532,0.266,0.1058,0.2645,0.1629,0.2714,0.225,0.2813,0.2921,0.2921
fld_10x10x10_1489.dat,1489,-0.1874,0.3749,-0.1043,0.3478,-0.0291,0.2908,0,0.2641,0.0517,0.2583,0.1012,0.253,0.158,0.2633,0.2206,0.2757,0.2913,0.2913
fld_10x10x10_1492.dat,1492,-0.202,0.4039,-0.1049,0.3498,-0.029,0.2898,0,0.2598,0.0511,0.2554,0.1026,0.2566,0.1573,0.2622,0.2157,0.2697,0.2857,0.2857
fld_10x10x10_1493.dat,1493,-0.218,0.436,-0.1056,0.3521,-0.0292,0.2921,0,0.2656,0.0525,0.2627,0.1035,0.2588,0.1568,0.2614,0.2158,0.2697,0.2821,0.2821
fld_10x10x10_1495.dat,1495,-0.2126,0.4252,-0.1041,0.347,-0.0293,0.2934,0,0.2646,0.052,0.2599,0.103,0.2575,0.1555,0.2592,0.2126,0.2657,0.2848,0.2848
fld_10x10x10_1509.dat,1509,-0.2271,0.4542,-0.1043,0.3476,-0.0284,0.2843,0,0.2589,0.0512,0.2561,0.1024,0.2561,0.1558,0.2597,0.2123,0.2653,0.2688,0.2688
fld_10x10x10_1511.dat,1511,-0.2221,0.4442,-0.1054,0.3513,-0.029,0.2898,0,0.2657,0.0531,0.2655,0.1064,0.2659,0.1597,0.2662,0.213,0.2662,0.2668,0.2668
fld_10x10x10_1512.dat,1512,-0.2169,0.4338,-0.1047,0.3491,-0.029,0.2898,0,0.2641,0.0514,0.2571,0.1014,0.2535,0.1514,0.2523,0.2004,0.2505,0.2581,0.2581
fld_10x10x10_1514.dat,1514,-0.1973,0.3946,-0.1095,0.3651,-0.03,0.3,0,0.27,0.0526,0.2632,0.1036,0.259,0.1559,0.2599,0.2093,0.2616,0.264,0.264
fld_10x10x10_1515.dat,1515,-0.2086,0.4173,-0.1069,0.3564,-0.0289,0.2893,0,0.2629,0.0517,0.2585,0.1038,0.2595,0.1568,0.2613,0.211,0.2637,0.2683,0.2683
fld_10x10x10_1516.dat,1516,-0.1858,0.3715,-0.1064,0.3547,-0.0295,0.2949,0,0.2671,0.0529,0.2647,0.1042,0.2606,0.1575,0.2625,0.2146,0.2682,0.2802,0.2802
fld_10x10x10_1517.dat,1517,-0.2108,0.4216,-0.109,0.3633,-0.0296,0.296,0,0.2683,0.0524,0.2618,0.1045,0.2612,0.1561,0.2601,0.2064,0.258,0.2586,0.2586
fld_10x10x10_1518.dat,1518,-0.1815,0.3631,-0.1084,0.3612,-0.03,0.2999,0,0.273,0.0539,0.2694,0.1065,0.2661,0.1617,0.2696,0.2238,0.2798,0.2923,0.2923
fld_10x10x10_1519.dat,1519,-0.2074,0.4148,-0.1071,0.3571,-0.0298,0.298,0,0.27,0.0539,0.2697,0.1072,0.2681,0.162,0.2699,0.216,0.27,0.2764,0.2764
fld_10x10x10_1520.dat,1520,-0.1924,0.3848,-0.1116,0.372,-0.0308,0.3078,0,0.2771,0.0543,0.2717,0.1064,0.2659,0.1606,0.2676,0.2151,0.2689,0.2718,0.2718
fld_10x10x10_1521.dat,1521,-0.1994,0.3988,-0.1118,0.3727,-0.0302,0.302,0,0.2729,0.0529,0.2643,0.1045,0.2612,0.1561,0.2601,0.2107,0.2634,0.2685,0.2685
fld_10x10x10_1522.dat,1522,-0.1835,0.367,-0.1098,0.366,-0.0302,0.3018,0,0.2724,0.0535,0.2674,0.1061,0.2653,0.1592,0.2653,0.2148,0.2684,0.2768,0.2768
fld_10x10x10_1523.dat,1523,-0.1871,0.3742,-0.1086,0.3622,-0.0298,0.2984,0,0.2708,0.054,0.2699,0.1062,0.2655,0.1585,0.2642,0.2143,0.2679,0.2711,0.2711
fld_10x10x10_1524.dat,1524,-0.1902,0.3803,-0.1086,0.3619,-0.0304,0.3041,0,0.2765,0.0547,0.2737,0.1074,0.2686,0.1599,0.2665,0.2155,0.2694,0.2729,0.2729
fld_10x10x10_1525.dat,1525,-0.194,0.388,-0.1093,0.3643,-0.0302,0.3023,0,0.274,0.0536,0.2682,0.1057,0.2643,0.1626,0.2709,0.2212,0.2765,0.2842,0.2842
fld_10x10x10_1527.dat,1527,-0.2253,0.4506,-0.1073,0.3577,-0.0294,0.2941,0,0.2666,0.0527,0.2634,0.1031,0.2579,0.1552,0.2586,0.2097,0.2621,0.2662,0.2662
fld_10x10x10_1528.dat,1528,-0.2065,0.4131,-0.1035,0.3451,-0.0286,0.2857,0,0.2611,0.052,0.26,0.1037,0.2592,0.1557,0.2595,0.2094,0.2618,0.2706,0.2706
fld_10x10x10_1529.dat,1529,-0.2239,0.4478,-0.1055,0.3517,-0.0293,0.2933,0,0.2669,0.0526,0.2629,0.1048,0.2619,0.1595,0.2658,0.2155,0.2693,0.2739,0.2739
fld_10x10x10_1530.dat,1530,-0.213,0.426,-0.1065,0.355,-0.0298,0.2983,0,0.2714,0.0547,0.2733,0.1104,0.276,0.1687,0.2812,0.2256,0.2821,0.2818,0.2818
fld_10x10x10_1532.dat,1532,-0.1918,0.3836,-0.1081,0.3604,-0.0296,0.2961,0,0.2688,0.0528,0.264,0.1032,0.258,0.1543,0.2572,0.2112,0.264,0.2724,0.2724
fld_10x10x10_1533.dat,1533,-0.2123,0.4246,-0.107,0.3566,-0.0294,0.2935,0,0.268,0.0529,0.2646,0.1049,0.2621,0.1569,0.2615,0.2109,0.2636,0.2648,0.2648
fld_10x10x10_1534.dat,1534,-0.1901,0.3801,-0.1084,0.3612,-0.0296,0.296,0,0.2688,0.0531,0.2657,0.1052,0.2631,0.1586,0.2644,0.2146,0.2682,0.2739,0.2739
fld_10x10x10_1535.dat,1535,-0.2144,0.4287,-0.1082,0.3606,-0.0298,0.2982,0,0.2708,0.0535,0.2675,0.1052,0.2631,0.1593,0.2656,0.2173,0.2717,0.275,0.275
fld_10x10x10_1536.dat,1536,-0.1893,0.3786,-0.1047,0.3491,-0.0296,0.296,0,0.2691,0.053,0.2648,0.1052,0.2631,0.1586,0.2643,0.2114,0.2643,0.268,0.268
fld_10x10x10_1537.dat,1537,-0.2078,0.4156,-0.1049,0.3497,-0.0296,0.2963,0,0.2722,0.0538,0.2688,0.107,0.2676,0.1609,0.2682,0.2179,0.2724,0.2809,0.2809
fld_10x10x10_1538.dat,1538,-0.2017,0.4033,-0.1097,0.3655,-0.0296,0.2965,0,0.2701,0.0532,0.2658,0.1037,0.2592,0.1558,0.2597,0.2091,0.2613,0.2642,0.2642
fld_10x10x10_1539.dat,1539,-0.1973,0.3945,-0.1088,0.3626,-0.0302,0.3019,0,0.2733,0.054,0.2699,0.1083,0.2709,0.1643,0.2738,0.2205,0.2756,0.2753,0.2753
fld_10x10x10_1540.dat,1540,-0.1864,0.3728,-0.1064,0.3546,-0.0296,0.2964,0,0.2679,0.0523,0.2613,0.1025,0.2563,0.1547,0.2579,0.2091,0.2613,0.2629,0.2629
fld_10x10x10_1541.dat,1541,-0.1799,0.3598,-0.1079,0.3595,-0.0301,0.3005,0,0.2704,0.0533,0.2663,0.1052,0.2631,0.1593,0.2655,0.2155,0.2694,0.2722,0.2722
fld_10x10x10_1543.dat,1543,-0.1807,0.3614,-0.105,0.35,-0.029,0.2904,0,0.2663,0.052,0.26,0.101,0.2525,0.1513,0.2521,0.2058,0.2572,0.2619,0.2619
fld_10x10x10_1544.dat,1544,-0.2174,0.4347,-0.1082,0.3605,-0.0297,0.2971,0,0.267,0.0528,0.2639,0.1052,0.263,0.1621,0.2701,0.2256,0.282,0.2882,0.2882
fld_10x10x10_1545.dat,1545,-0.2184,0.4368,-0.1036,0.3452,-0.0288,0.2881,0,0.2637,0.0526,0.2631,0.1054,0.2636,0.1597,0.2662,0.2163,0.2704,0.2728,0.2728
fld_10x10x10_1546.dat,1546,-0.2207,0.4415,-0.1063,0.3543,-0.0297,0.2967,0,0.2704,0.0536,0.2682,0.1085,0.2713,0.1681,0.2802,0.2282,0.2852,0.2902,0.2902
fld_10x10x10_1548.dat,1548,-0.2164,0.4327,-0.1051,0.3504,-0.0294,0.2936,0,0.2686,0.054,0.2702,0.1081,0.2703,0.1654,0.2757,0.2306,0.2882,0.2978,0.2978
fld_10x10x10_1550.dat,1550,-0.1792,0.3584,-0.1072,0.3573,-0.0297,0.2969,0,0.2718,0.0542,0.2709,0.1081,0.2702,0.1636,0.2726,0.219,0.2737,0.2847,0.2847
fld_10x10x10_1551.dat,1551,-0.2186,0.4371,-0.1047,0.3491,-0.0287,0.2866,0,0.2599,0.051,0.2551,0.1024,0.256,0.1582,0.2637,0.2126,0.2658,0.2699,0.2699
fld_10x10x10_1552.dat,1552,-0.1908,0.3815,-0.1073,0.3576,-0.0299,0.2988,0,0.2724,0.0536,0.2682,0.1064,0.2659,0.1629,0.2715,0.2252,0.2815,0.2867,0.2867
fld_10x10x10_1553.dat,1553,-0.2108,0.4215,-0.1059,0.353,-0.0293,0.2925,0,0.2654,0.0523,0.2613,0.1033,0.2581,0.1579,0.2631,0.214,0.2675,0.2695,0.2695
fld_10x10x10_1555.dat,1555,-0.2046,0.4091,-0.104,0.3467,-0.029,0.2897,0,0.265,0.0529,0.2645,0.1057,0.2641,0.1664,0.2773,0.238,0.2975,0.3069,0.3069
fld_10x10x10_1556.dat,1556,-0.1914,0.3828,-0.1066,0.3553,-0.0293,0.2929,0,0.2644,0.052,0.2599,0.1028,0.2571,0.1548,0.258,0.2085,0.2606,0.2628,0.2628
fld_10x10x10_1558.dat,1558,-0.1884,0.3768,-0.1083,0.3611,-0.03,0.2999,0,0.2676,0.0528,0.2638,0.1048,0.2619,0.1571,0.2618,0.2103,0.2629,0.2627,0.2627
fld_10x10x10_1559.dat,1559,-0.1939,0.3878,-0.1085,0.3616,-0.03,0.3003,0,0.2738,0.0537,0.2683,0.1047,0.2617,0.1589,0.2648,0.2179,0.2724,0.2803,0.2803
fld_10x10x10_1561.dat,1561,-0.1868,0.3736,-0.105,0.3498,-0.0295,0.295,0,0.2692,0.0533,0.2665,0.1049,0.2624,0.1563,0.2606,0.2093,0.2616,0.2661,0.2661
fld_10x10x10_1562.dat,1562,-0.2173,0.4347,-0.1068,0.356,-0.0298,0.2978,0,0.269,0.0528,0.2639,0.1048,0.262,0.1604,0.2674,0.2207,0.2759,0.2888,0.2888
fld_10x10x10_1563.dat,1563,-0.2155,0.4309,-0.104,0.3467,-0.0292,0.2919,0,0.2672,0.0525,0.2625,0.1047,0.2618,0.1568,0.2613,0.2123,0.2653,0.2767,0.2767
fld_10x10x10_1564.dat,1564,-0.2143,0.4286,-0.105,0.3499,-0.0296,0.2959,0,0.2685,0.0532,0.266,0.1052,0.263,0.1592,0.2653,0.2205,0.2757,0.2882,0.2882
fld_10x10x10_1567.dat,1567,-0.2127,0.4254,-0.1017,0.3391,-0.0286,0.2862,0,0.2616,0.0519,0.2595,0.1033,0.2582,0.1591,0.2652,0.2143,0.2679,0.2664,0.2664
fld_10x10x10_1569.dat,1569,-0.2122,0.4244,-0.108,0.3601,-0.0296,0.2962,0,0.2675,0.0523,0.2617,0.1036,0.259,0.1547,0.2578,0.2077,0.2596,0.2647,0.2647
fld_10x10x10_1570.dat,1570,-0.198,0.3961,-0.1058,0.3526,-0.0297,0.2974,0,0.2706,0.0533,0.2667,0.1047,0.2618,0.1566,0.261,0.2131,0.2664,0.271,0.271
fld_10x10x10_1572.dat,1572,-0.1917,0.3834,-0.1049,0.3497,-0.0292,0.2922,0,0.2652,0.0523,0.2613,0.1046,0.2615,0.1568,0.2613,0.2088,0.261,0.268,0.268
fld_10x10x10_1575.dat,1575,-0.181,0.362,-0.1076,0.3588,-0.0298,0.2979,0,0.2702,0.0528,0.264,0.1037,0.2593,0.1557,0.2595,0.2082,0.2602,0.2618,0.2618
fld_10x10x10_1576.dat,1576,-0.1922,0.3844,-0.1079,0.3597,-0.0299,0.2988,0,0.2709,0.0532,0.2659,0.1052,0.2629,0.1599,0.2665,0.2131,0.2664,0.266,0.266
fld_10x10x10_1577.dat,1577,-0.1872,0.3743,-0.1049,0.3497,-0.0292,0.2922,0,0.2634,0.0512,0.2558,0.1009,0.2522,0.152,0.2533,0.2076,0.2595,0.274,0.274
fld_10x10x10_1579.dat,1579,-0.1892,0.3784,-0.1056,0.3521,-0.0295,0.295,0,0.2682,0.0526,0.2631,0.1036,0.259,0.1557,0.2595,0.2101,0.2626,0.2649,0.2649
fld_10x10x10_1580.dat,1580,-0.2191,0.4381,-0.1048,0.3493,-0.0291,0.2908,0,0.265,0.0528,0.264,0.1058,0.2644,0.1619,0.2698,0.2226,0.2783,0.285,0.285
fld_10x10x10_1582.dat,1582,-0.2147,0.4294,-0.1063,0.3544,-0.0294,0.2944,0,0.2676,0.0526,0.2629,0.1042,0.2605,0.1593,0.2655,0.2196,0.2745,0.2845,0.2845
fld_10x10x10_1583.dat,1583,-0.0139,0.0278,-0.1036,0.3453,-0.0287,0.2866,0,0.2608,0.052,0.2599,0.1031,0.2579,0.1596,0.2661,0.2237,0.2796,0.2888,0.2888
fld_10x10x10_1585.dat,1585,-0.2132,0.4265,-0.1038,0.3461,-0.029,0.2904,0,0.265,0.0526,0.2631,0.1045,0.2613,0.1583,0.2638,0.2116,0.2645,0.268,0.268
fld_10x10x10_1586.dat,1586,-0.1816,0.3632,-0.1049,0.3496,-0.0289,0.2887,0,0.2593,0.0513,0.2565,0.1014,0.2536,0.1538,0.2564,0.2096,0.262,0.2766,0.2766
fld_10x10x10_1588.dat,1588,-0.1881,0.3761,-0.1075,0.3584,-0.0297,0.2965,0,0.2704,0.0545,0.2723,0.1109,0.2772,0.1708,0.2847,0.2336,0.292,0.2956,0.2956
fld_10x10x10_1589.dat,1589,-0.2101,0.4202,-0.1063,0.3544,-0.0293,0.2925,0,0.2645,0.0518,0.259,0.1033,0.2583,0.1549,0.2582,0.2101,0.2626,0.264,0.264
fld_10x10x10_1596.dat,1596,-0.1764,0.3529,-0.1057,0.3524,-0.0298,0.2979,0,0.2685,0.0523,0.2617,0.1048,0.2621,0.1587,0.2645,0.2109,0.2637,0.2622,0.2622
fld_10x10x10_1597.dat,1597,-0.1685,0.337,-0.1029,0.343,-0.0287,0.2873,0,0.2606,0.0514,0.2569,0.1032,0.258,0.1592,0.2654,0.2164,0.2705,0.2799,0.2799
fld_10x10x10_1598.dat,1598,-0.2158,0.4316,-0.1048,0.3494,-0.0294,0.2938,0,0.2681,0.0536,0.2679,0.107,0.2674,0.1629,0.2715,0.2203,0.2754,0.2816,0.2816
fld_10x10x10_1599.dat,1599,-0.2154,0.4309,-0.1034,0.3448,-0.0288,0.2879,0,0.2622,0.0521,0.2604,0.1033,0.2582,0.157,0.2617,0.2173,0.2716,0.2839,0.2839
fld_10x10x10_1602.dat,1602,-0.209,0.418,-0.1026,0.3422,-0.0289,0.2893,0,0.2648,0.0525,0.2623,0.1026,0.2565,0.1538,0.2564,0.2098,0.2623,0.2762,0.2762
fld_10x10x10_1604.dat,1604,-0.1863,0.3727,-0.1061,0.3537,-0.0294,0.2939,0,0.2667,0.0526,0.263,0.1048,0.2621,0.1605,0.2675,0.2204,0.2755,0.284,0.284
fld_10x10x10_1605.dat,1605,-0.2124,0.4249,-0.1026,0.342,-0.0287,0.2868,0,0.262,0.0518,0.2591,0.1025,0.2563,0.1543,0.2572,0.2095,0.2619,0.267,0.267
fld_10x10x10_1607.dat,1607,-0.2086,0.4172,-0.1047,0.349,-0.0292,0.2919,0,0.265,0.052,0.2601,0.103,0.2574,0.155,0.2583,0.208,0.26,0.2658,0.2658
fld_10x10x10_1609.dat,1609,-0.2103,0.4206,-0.1017,0.3391,-0.029,0.2896,0,0.2648,0.0527,0.2637,0.1046,0.2615,0.1605,0.2675,0.224,0.28,0.2936,0.2936
fld_10x10x10_1611.dat,1611,-0.1823,0.3646,-0.1068,0.3559,-0.0297,0.297,0,0.2699,0.0532,0.2659,0.104,0.2599,0.1553,0.2589,0.2091,0.2613,0.2653,0.2653
fld_10x10x10_1614.dat,1614,-0.1783,0.3566,-0.1056,0.3521,-0.0296,0.2964,0,0.267,0.0524,0.2622,0.1027,0.2567,0.1536,0.256,0.2078,0.2598,0.2695,0.2695
fld_10x10x10_1615.dat,1615,-0.1813,0.3626,-0.106,0.3532,-0.0298,0.2975,0,0.2704,0.0532,0.2658,0.1058,0.2645,0.1601,0.2668,0.219,0.2738,0.2827,0.2827
fld_10x10x10_1618.dat,1618,-0.2059,0.4119,-0.1032,0.3439,-0.0292,0.2919,0,0.2663,0.0526,0.263,0.1039,0.2597,0.1569,0.2615,0.2153,0.2692,0.2828,0.2828
fld_10x10x10_1621.dat,1621,-0.2073,0.4146,-0.0996,0.3321,-0.0278,0.2778,0,0.2532,0.0499,0.2496,0.1001,0.2503,0.1544,0.2573,0.2125,0.2656,0.2744,0.2744
fld_10x10x10_1622.dat,1622,-0.1964,0.3928,-0.1086,0.3619,-0.0304,0.3038,0,0.2745,0.0534,0.2671,0.1059,0.2647,0.1593,0.2656,0.2172,0.2715,0.2837,0.2837
fld_10x10x10_1623.dat,1623,-0.2085,0.4171,-0.1091,0.3637,-0.0301,0.301,0,0.2735,0.0541,0.2706,0.1077,0.2692,0.1633,0.2722,0.2218,0.2772,0.2863,0.2863
fld_10x10x10_1624.dat,1624,-0.1899,0.3798,-0.1063,0.3542,-0.0295,0.2951,0,0.2682,0.0531,0.2653,0.1046,0.2614,0.1572,0.262,0.2141,0.2676,0.2764,0.2764
fld_10x10x10_1625.dat,1625,-0.2001,0.4002,-0.1056,0.352,-0.0292,0.2924,0,0.2659,0.0523,0.2617,0.1031,0.2576,0.1558,0.2596,0.212,0.265,0.2749,0.2749
fld_10x10x10_1626.dat,1626,-0.186,0.3721,-0.1047,0.3491,-0.029,0.2896,0,0.2631,0.0523,0.2613,0.1045,0.2613,0.1578,0.263,0.2129,0.2662,0.2759,0.2759
fld_10x10x10_1629.dat,1629,-0.1904,0.3807,-0.1095,0.3651,-0.03,0.2998,0,0.2712,0.0532,0.266,0.1038,0.2596,0.1567,0.2612,0.2123,0.2654,0.2707,0.2707
fld_10x10x10_1637.dat,1637,-0.2113,0.4226,-0.1024,0.3415,-0.0287,0.2865,0,0.2614,0.0516,0.2581,0.1023,0.2558,0.1531,0.2552,0.2059,0.2574,0.2631,0.2631
fld_10x10x10_1638.dat,1638,-0.2084,0.4167,-0.1014,0.338,-0.0286,0.2856,0,0.2602,0.0514,0.2568,0.1013,0.2533,0.155,0.2583,0.2176,0.2721,0.2859,0.2859
fld_10x10x10_1642.dat,1642,-0.1919,0.3838,-0.1051,0.3503,-0.0292,0.292,0,0.2657,0.0526,0.2631,0.1055,0.2637,0.1605,0.2675,0.2173,0.2716,0.2806,0.2806
fld_10x10x10_1644.dat,1644,-0.1857,0.3714,-0.1036,0.3453,-0.0289,0.2895,0,0.2642,0.0528,0.2639,0.1052,0.2631,0.1609,0.2682,0.2203,0.2754,0.2785,0.2785
fld_10x10x10_1645.dat,1645,-0.1988,0.3976,-0.1001,0.3337,-0.0285,0.2845,0,0.2583,0.0508,0.254,0.0995,0.2488,0.1508,0.2513,0.2053,0.2567,0.2619,0.2619
fld_10x10x10_1646.dat,1646,-0.1843,0.3687,-0.1087,0.3622,-0.03,0.3002,0,0.2732,0.0535,0.2674,0.1055,0.2637,0.1591,0.2652,0.218,0.2725,0.282,0.282
fld_10x10x10_1647.dat,1647,-0.1943,0.3886,-0.1092,0.3639,-0.0301,0.3012,0,0.274,0.0545,0.2725,0.1083,0.2708,0.1653,0.2755,0.2208,0.276,0.2866,0.2866
fld_10x10x10_1648.dat,1648,-0.1762,0.3525,-0.1015,0.3384,-0.0286,0.2864,0,0.2609,0.0515,0.2573,0.1028,0.2571,0.1564,0.2607,0.2147,0.2683,0.2761,0.2761
fld_10x10x10_1649.dat,1649,-0.1919,0.3837,-0.1051,0.3502,-0.0296,0.2963,0,0.2671,0.0524,0.2618,0.1021,0.2553,0.154,0.2566,0.2114,0.2643,0.2706,0.2706
fld_10x10x10_1652.dat,1652,-0.2186,0.4371,-0.105,0.3501,-0.0289,0.2895,0,0.264,0.053,0.2651,0.1052,0.263,0.1611,0.2686,0.2217,0.2771,0.2897,0.2897
fld_10x10x10_1653.dat,1653,-0.2128,0.4255,-0.1039,0.3463,-0.0289,0.2894,0,0.2641,0.0518,0.2592,0.1021,0.2553,0.1533,0.2554,0.2067,0.2583,0.2669,0.2669
fld_10x10x10_1654.dat,1654,-0.2028,0.4057,-0.1061,0.3536,-0.0295,0.2948,0,0.2664,0.0537,0.2685,0.109,0.2726,0.1689,0.2815,0.2365,0.2956,0.3061,0.3061
fld_10x10x10_1657.dat,1657,-0.205,0.4099,-0.1013,0.3375,-0.0289,0.2894,0,0.2628,0.052,0.2602,0.1032,0.2579,0.159,0.2651,0.2173,0.2717,0.2799,0.2799
fld_10x10x10_1660.dat,1660,-0.1842,0.3684,-0.1014,0.3381,-0.0286,0.2861,0,0.2598,0.051,0.2552,0.1004,0.2511,0.152,0.2534,0.2108,0.2635,0.2754,0.2754
fld_10x10x10_1662.dat,1662,-0.1884,0.3767,-0.1049,0.3498,-0.0294,0.2942,0,0.2669,0.0527,0.2635,0.1058,0.2646,0.1627,0.2711,0.2267,0.2833,0.3003,0.3003
fld_10x10x10_1674.dat,1674,-0.1897,0.3794,-0.1058,0.3526,-0.0289,0.2895,0,0.2645,0.0517,0.2583,0.1017,0.2542,0.1536,0.256,0.2078,0.2597,0.272,0.272
fld_10x10x10_1676.dat,1676,-0.1905,0.3809,-0.1026,0.342,-0.0289,0.2889,0,0.2623,0.0516,0.2579,0.1016,0.254,0.1533,0.2556,0.2114,0.2643,0.2783,0.2783
fld_10x10x10_1679.dat,1679,-0.1894,0.3787,-0.1038,0.3461,-0.0294,0.294,0,0.266,0.0528,0.2638,0.1045,0.2612,0.1586,0.2644,0.2158,0.2698,0.2802,0.2802
fld_10x10x10_1681.dat,1681,-0.1783,0.3565,-0.105,0.3501,-0.0296,0.2961,0,0.2682,0.0528,0.2639,0.1046,0.2614,0.1584,0.264,0.2173,0.2716,0.2817,0.2817
fld_10x10x10_1682.dat,1682,-0.1821,0.3642,-0.1072,0.3574,-0.0296,0.2964,0,0.2682,0.0527,0.2635,0.1036,0.2591,0.1556,0.2594,0.2097,0.2622,0.2694,0.2694
fld_10x10x10_1683.dat,1683,-0.1838,0.3675,-0.1051,0.3505,-0.0299,0.2985,0,0.269,0.0521,0.2604,0.1025,0.2562,0.1551,0.2585,0.2086,0.2608,0.2665,0.2665
fld_10x10x10_1684.dat,1684,-0.1752,0.3503,-0.1043,0.3477,-0.0295,0.2949,0,0.2686,0.0523,0.2617,0.104,0.2599,0.1558,0.2597,0.2107,0.2634,0.2705,0.2705
fld_10x10x10_1685.dat,1685,-0.2143,0.4286,-0.1035,0.3451,-0.029,0.2901,0,0.2629,0.0524,0.262,0.1057,0.2644,0.1605,0.2675,0.2186,0.2733,0.2922,0.2922
fld_10x10x10_1686.dat,1686,-0.2106,0.4213,-0.1026,0.3421,-0.0288,0.2884,0,0.261,0.0509,0.2543,0.1019,0.2547,0.1548,0.2581,0.2108,0.2635,0.2758,0.2758
fld_10x10x10_1688.dat,1688,-0.2093,0.4187,-0.1014,0.3381,-0.0288,0.2883,0,0.2633,0.0518,0.2592,0.1032,0.2579,0.1545,0.2575,0.2082,0.2602,0.2721,0.2721
fld_10x10x10_1689.dat,1689,-0.2041,0.4081,-0.0999,0.3331,-0.028,0.2804,0,0.2553,0.0512,0.2561,0.1027,0.2568,0.1564,0.2606,0.2131,0.2664,0.2738,0.2738
fld_10x10x10_1691.dat,1691,-0.189,0.378,-0.1033,0.3442,-0.0286,0.2865,0,0.2628,0.052,0.2602,0.1038,0.2595,0.1584,0.2641,0.2145,0.2682,0.2844,0.2844
fld_10x10x10_1692.dat,1692,-0.203,0.406,-0.1029,0.3431,-0.029,0.2899,0,0.2631,0.0515,0.2574,0.1011,0.2527,0.1526,0.2544,0.2093,0.2616,0.2728,0.2728
fld_10x10x10_1693.dat,1693,-0.1852,0.3703,-0.1036,0.3454,-0.0291,0.2909,0,0.2644,0.0529,0.2644,0.1042,0.2605,0.1571,0.2618,0.214,0.2675,0.2791,0.2791
fld_10x10x10_1696.dat,1696,-0.1822,0.3645,-0.1073,0.3576,-0.03,0.3,0,0.2713,0.0536,0.2678,0.1071,0.2677,0.1624,0.2707,0.2223,0.2779,0.2817,0.2817
fld_10x10x10_1700.dat,1700,-0.2083,0.4165,-0.1005,0.3349,-0.0285,0.285,0,0.2597,0.0515,0.2573,0.1015,0.2537,0.1546,0.2577,0.2129,0.2661,0.2758,0.2758
fld_10x10x10_1702.dat,1702,-0.2042,0.4083,-0.1004,0.3348,-0.0282,0.2824,0,0.2566,0.0511,0.2557,0.1021,0.2553,0.1552,0.2586,0.2131,0.2663,0.2778,0.2778
fld_10x10x10_1703.dat,1703,-0.2046,0.4093,-0.1016,0.3386,-0.0289,0.2885,0,0.2632,0.0523,0.2617,0.104,0.26,0.1629,0.2714,0.2305,0.2881,0.3117,0.3117
fld_10x10x10_1706.dat,1706,-0.1781,0.3562,-0.1025,0.3416,-0.0289,0.2885,0,0.2617,0.0522,0.2612,0.1052,0.263,0.1639,0.2732,0.227,0.2837,0.2964,0.2964
fld_10x10x10_1708.dat,1708,-0.1885,0.3769,-0.1066,0.3554,-0.0294,0.2943,0,0.2681,0.053,0.2652,0.1056,0.264,0.1623,0.2705,0.2189,0.2737,0.2737,0.2737
fld_10x10x10_1709.dat,1709,-0.222,0.4439,-0.1166,0.3885,-0.0306,0.306,0,0.2777,0.0548,0.2742,0.108,0.27,0.1605,0.2676,0.2142,0.2677,0.2688,0.2688
fld_10x10x10_1710.dat,1710,-0.2372,0.4744,-0.1152,0.3841,-0.0307,0.3066,0,0.2767,0.0545,0.2723,0.1077,0.2693,0.1595,0.2659,0.2139,0.2673,0.271,0.271
fld_10x10x10_1711.dat,1711,-0.2303,0.4607,-0.1152,0.384,-0.0312,0.3123,0,0.2821,0.0566,0.2828,0.1118,0.2795,0.1656,0.2761,0.2251,0.2814,0.2901,0.2901
fld_10x10x10_1712.dat,1712,-0.2352,0.4705,-0.1121,0.3738,-0.0302,0.3019,0,0.2728,0.0535,0.2675,0.1046,0.2614,0.1544,0.2573,0.2076,0.2595,0.2649,0.2649
fld_10x10x10_1713.dat,1713,-0.2258,0.4516,-0.1104,0.368,-0.0301,0.3009,0,0.2721,0.0535,0.2677,0.1076,0.269,0.1622,0.2704,0.2202,0.2752,0.2852,0.2852
fld_10x10x10_1714.dat,1714,-0.2403,0.4807,-0.1119,0.3729,-0.0306,0.306,0,0.2777,0.0549,0.2745,0.1093,0.2732,0.164,0.2733,0.2194,0.2743,0.2803,0.2803
fld_10x10x10_1715.dat,1715,-0.2125,0.4249,-0.1193,0.3975,-0.0313,0.3134,0,0.2831,0.0561,0.2803,0.1105,0.2763,0.1632,0.272,0.2196,0.2746,0.2811,0.2811
fld_10x10x10_1716.dat,1716,-0.2201,0.4402,-0.1176,0.3921,-0.0314,0.3145,0,0.2848,0.0561,0.2804,0.1103,0.2758,0.165,0.275,0.2166,0.2707,0.2678,0.2678
fld_10x10x10_1717.dat,1717,-0.1901,0.3802,-0.1129,0.3763,-0.0309,0.3088,0,0.2797,0.0557,0.2787,0.1079,0.2698,0.1609,0.2682,0.2153,0.2692,0.2742,0.2742
fld_10x10x10_1718.dat,1718,-0.2232,0.4464,-0.1164,0.3879,-0.0312,0.3119,0,0.2818,0.056,0.2802,0.1111,0.2776,0.1677,0.2795,0.2238,0.2797,0.2884,0.2884
fld_10x10x10_1721.dat,1721,-0.2177,0.4353,-0.1225,0.4085,-0.0324,0.3238,0,0.288,0.0564,0.2818,0.1128,0.282,0.1701,0.2836,0.2301,0.2876,0.2966,0.2966
fld_10x10x10_1722.dat,1722,-0.206,0.412,-0.1191,0.3971,-0.0313,0.3126,0,0.2833,0.0555,0.2773,0.1083,0.2707,0.1587,0.2644,0.2158,0.2698,0.2838,0.2838
fld_10x10x10_1724.dat,1724,-0.2109,0.4218,-0.1132,0.3774,-0.0312,0.3118,0,0.2839,0.0562,0.2812,0.1097,0.2742,0.163,0.2717,0.221,0.2762,0.283,0.283
fld_10x10x10_1725.dat,1725,-0.2086,0.4172,-0.1169,0.3898,-0.032,0.3202,0,0.2865,0.0563,0.2814,0.1098,0.2744,0.1603,0.2672,0.208,0.2599,0.257,0.257
fld_10x10x10_1728.dat,1728,-0.24,0.4801,-0.1155,0.3849,-0.0306,0.3061,0,0.2764,0.0541,0.2704,0.1074,0.2685,0.1617,0.2695,0.2186,0.2733,0.2777,0.2777
fld_10x10x10_1729.dat,1729,-0.2199,0.4398,-0.1142,0.3807,-0.0306,0.3061,0,0.2783,0.0556,0.2781,0.1099,0.2749,0.1677,0.2796,0.23,0.2876,0.2941,0.2941
fld_10x10x10_1730.dat,1730,-0.2409,0.4818,-0.1108,0.3694,-0.0303,0.3034,0,0.2747,0.0547,0.2735,0.1096,0.274,0.165,0.2751,0.2194,0.2742,0.2809,0.2809
fld_10x10x10_1731.dat,1731,-0.2278,0.4555,-0.1107,0.3689,-0.0306,0.3056,0,0.277,0.0555,0.2774,0.1093,0.2732,0.1631,0.2718,0.2173,0.2716,0.2782,0.2782
fld_10x10x10_1732.dat,1732,-0.2319,0.4637,-0.1085,0.3618,-0.0299,0.2988,0,0.2714,0.0545,0.2724,0.1096,0.2739,0.1619,0.2698,0.2156,0.2694,0.2724,0.2724
fld_10x10x10_1733.dat,1733,-0.2095,0.4189,-0.1148,0.3827,-0.0309,0.3087,0,0.2788,0.0561,0.2804,0.1125,0.2813,0.1691,0.2818,0.2241,0.2801,0.2783,0.2783
fld_10x10x10_1734.dat,1734,-0.2234,0.4468,-0.118,0.3934,-0.0314,0.3137,0,0.284,0.0565,0.2827,0.114,0.285,0.1725,0.2875,0.2324,0.2905,0.2977,0.2977
fld_10x10x10_1735.dat,1735,-0.2139,0.4277,-0.1152,0.3839,-0.0312,0.312,0,0.282,0.056,0.28,0.1102,0.2756,0.1656,0.2759,0.2194,0.2743,0.2724,0.2724
fld_10x10x10_1736.dat,1736,-0.2145,0.429,-0.1165,0.3884,-0.0305,0.3051,0,0.2734,0.0536,0.2679,0.1058,0.2644,0.1608,0.268,0.2205,0.2756,0.2863,0.2863
fld_10x10x10_1737.dat,1737,-0.21,0.42,-0.1142,0.3805,-0.0312,0.3122,0,0.2808,0.0561,0.2805,0.1122,0.2805,0.1688,0.2814,0.2245,0.2806,0.2827,0.2827
fld_10x10x10_1738.dat,1738,-0.2139,0.4277,-0.1152,0.3839,-0.0309,0.3093,0,0.2804,0.0552,0.2762,0.1077,0.2693,0.1604,0.2673,0.2148,0.2685,0.2746,0.2746
fld_10x10x10_1739.dat,1739,-0.2098,0.4196,-0.1193,0.3975,-0.0315,0.315,0,0.282,0.0568,0.2842,0.1125,0.2812,0.1664,0.2773,0.2241,0.2801,0.2842,0.2842
fld_10x10x10_1740.dat,1740,-0.2144,0.4288,-0.1183,0.3944,-0.0316,0.3163,0,0.2824,0.0552,0.276,0.1098,0.2745,0.1617,0.2694,0.213,0.2662,0.2662,0.2662
fld_10x10x10_1741.dat,1741,-0.2024,0.4048,-0.1176,0.3919,-0.0317,0.3165,0,0.2845,0.0573,0.2867,0.1138,0.2844,0.1701,0.2835,0.2269,0.2836,0.2862,0.2862
fld_10x10x10_1743.dat,1743,-0.2086,0.4173,-0.1163,0.3878,-0.0314,0.3137,0,0.2825,0.0554,0.2772,0.1095,0.2738,0.168,0.2799,0.2257,0.2822,0.2859,0.2859
fld_10x10x10_1744.dat,1744,-0.199,0.398,-0.1131,0.377,-0.0309,0.3089,0,0.2778,0.0551,0.2754,0.1104,0.2761,0.1685,0.2809,0.2307,0.2884,0.2935,0.2935
fld_10x10x10_1745.dat,1745,-0.2351,0.4701,-0.1119,0.3728,-0.0305,0.305,0,0.2762,0.0548,0.274,0.1095,0.2738,0.1672,0.2787,0.2219,0.2774,0.2822,0.2822
fld_10x10x10_1746.dat,1746,-0.2388,0.4776,-0.1129,0.3765,-0.0305,0.3045,0,0.2739,0.0539,0.2693,0.1061,0.2653,0.161,0.2683,0.2147,0.2684,0.2692,0.2692
fld_10x10x10_1747.dat,1747,-0.2226,0.4452,-0.1135,0.3782,-0.0305,0.3054,0,0.2763,0.0552,0.276,0.1097,0.2744,0.1636,0.2726,0.2242,0.2802,0.2929,0.2929
fld_10x10x10_1748.dat,1748,-0.2381,0.4761,-0.1141,0.3804,-0.0311,0.3107,0,0.2818,0.0548,0.274,0.1067,0.2668,0.1567,0.2612,0.2058,0.2572,0.2585,0.2585
fld_10x10x10_1749.dat,1749,-0.2215,0.443,-0.1129,0.3765,-0.0306,0.3064,0,0.2801,0.0557,0.2783,0.1096,0.274,0.1645,0.2742,0.2206,0.2758,0.2811,0.2811
fld_10x10x10_1750.dat,1750,-0.2321,0.4642,-0.1101,0.367,-0.0296,0.2957,0,0.2696,0.0543,0.2717,0.1113,0.2782,0.1704,0.2841,0.2299,0.2874,0.2932,0.2932
fld_10x10x10_1751.dat,1751,-0.2053,0.4106,-0.1154,0.3846,-0.0314,0.3137,0,0.2834,0.0577,0.2884,0.1158,0.2894,0.1752,0.2919,0.2397,0.2996,0.3045,0.3045
fld_10x10x10_1752.dat,1752,-0.2269,0.4539,-0.1127,0.3758,-0.0306,0.3061,0,0.2764,0.0547,0.2733,0.1082,0.2706,0.1606,0.2677,0.2125,0.2656,0.2669,0.2669
fld_10x10x10_1754.dat,1754,-0.2212,0.4425,-0.1154,0.3847,-0.0313,0.3134,0,0.2841,0.0563,0.2814,0.1122,0.2805,0.1695,0.2826,0.2305,0.2882,0.2947,0.2947
fld_10x10x10_1755.dat,1755,-0.1996,0.3993,-0.1137,0.3789,-0.0308,0.3081,0,0.278,0.0552,0.2759,0.1085,0.2711,0.1634,0.2723,0.2243,0.2804,0.2923,0.2923
fld_10x10x10_1756.dat,1756,-0.2161,0.4321,-0.1123,0.3743,-0.0309,0.3085,0,0.2805,0.0555,0.2773,0.109,0.2725,0.1624,0.2706,0.2139,0.2674,0.2763,0.2763
fld_10x10x10_1758.dat,1758,-0.2063,0.4125,-0.1132,0.3774,-0.0308,0.3084,0,0.2782,0.0549,0.2743,0.1088,0.2721,0.164,0.2733,0.2236,0.2796,0.2881,0.2881
fld_10x10x10_1760.dat,1760,-0.2006,0.4013,-0.115,0.3832,-0.0316,0.3162,0,0.282,0.0553,0.2765,0.1095,0.2736,0.1632,0.2721,0.2186,0.2732,0.2789,0.2789
fld_10x10x10_1761.dat,1761,-0.201,0.4021,-0.1148,0.3826,-0.0316,0.316,0,0.2841,0.0557,0.2785,0.1089,0.2722,0.1617,0.2695,0.216,0.27,0.2707,0.2707
fld_10x10x10_1762.dat,1762,-0.1962,0.3924,-0.1145,0.3817,-0.031,0.31,0,0.2807,0.0551,0.2756,0.1084,0.2711,0.163,0.2717,0.2157,0.2697,0.2699,0.2699
fld_10x10x10_1763.dat,1763,-0.228,0.456,-0.1133,0.3777,-0.0308,0.308,0,0.2802,0.0561,0.2805,0.1126,0.2815,0.1694,0.2823,0.2302,0.2877,0.3009,0.3009
fld_10x10x10_1766.dat,1766,-0.2389,0.4778,-0.111,0.37,-0.0303,0.3034,0,0.2721,0.0531,0.2655,0.1048,0.262,0.1575,0.2625,0.2118,0.2647,0.2698,0.2698
fld_10x10x10_1767.dat,1767,-0.216,0.4319,-0.1117,0.3723,-0.0305,0.3052,0,0.277,0.0552,0.2759,0.1093,0.2733,0.1662,0.277,0.2246,0.2808,0.2939,0.2939
fld_10x10x10_1768.dat,1768,-0.2275,0.4549,-0.1088,0.3627,-0.0301,0.3013,0,0.2765,0.055,0.2749,0.108,0.2701,0.1606,0.2677,0.2139,0.2673,0.2729,0.2729
fld_10x10x10_1770.dat,1770,-0.2071,0.4141,-0.1158,0.3862,-0.031,0.3099,0,0.2785,0.0554,0.277,0.1092,0.2729,0.1642,0.2737,0.2218,0.2773,0.2807,0.2807
fld_10x10x10_1771.dat,1771,-0.192,0.384,-0.1142,0.3806,-0.0307,0.3069,0,0.2749,0.0539,0.2696,0.1104,0.2761,0.1678,0.2796,0.2273,0.2841,0.2937,0.2937
fld_10x10x10_1773.dat,1773,-0.2087,0.4174,-0.1155,0.385,-0.0312,0.3124,0,0.2821,0.0567,0.2834,0.1111,0.2777,0.1631,0.2718,0.2187,0.2733,0.2774,0.2774
fld_10x10x10_1774.dat,1774,-0.2231,0.4462,-0.113,0.3767,-0.0308,0.308,0,0.2769,0.0552,0.2758,0.1085,0.2712,0.1616,0.2694,0.2147,0.2683,0.2725,0.2725
fld_10x10x10_1775.dat,1775,-0.1989,0.3978,-0.1173,0.391,-0.0316,0.3159,0,0.2843,0.0563,0.2813,0.1103,0.2757,0.1657,0.2762,0.219,0.2738,0.2729,0.2729
fld_10x10x10_1776.dat,1776,-0.201,0.4021,-0.12,0.4001,-0.0316,0.316,0,0.2826,0.0555,0.2773,0.1086,0.2715,0.1599,0.2665,0.2125,0.2656,0.2713,0.2713
fld_10x10x10_1778.dat,1778,-0.2043,0.4087,-0.1164,0.388,-0.0309,0.3093,0,0.2792,0.0544,0.272,0.1073,0.2682,0.1617,0.2695,0.2191,0.2738,0.2802,0.2802
fld_10x10x10_1780.dat,1780,-0.1989,0.3977,-0.115,0.3832,-0.0316,0.316,0,0.2822,0.0547,0.2733,0.108,0.27,0.1608,0.268,0.2088,0.261,0.2579,0.2579
fld_10x10x10_1781.dat,1781,-0.2287,0.4573,-0.1128,0.3761,-0.0304,0.3044,0,0.276,0.0552,0.2758,0.1083,0.2708,0.1634,0.2724,0.2244,0.2806,0.2941,0.2941
fld_10x10x10_1783.dat,1783,-0.2128,0.4256,-0.1136,0.3786,-0.031,0.3103,0,0.2801,0.0555,0.2775,0.1115,0.2786,0.1693,0.2821,0.2321,0.2902,0.2989,0.2989
fld_10x10x10_1784.dat,1784,-0.2379,0.4757,-0.1115,0.3718,-0.0301,0.3007,0,0.2728,0.0534,0.2672,0.1056,0.264,0.1595,0.2659,0.2156,0.2695,0.2783,0.2783
fld_10x10x10_1786.dat,1786,-0.2253,0.4505,-0.1057,0.3522,-0.0291,0.2914,0,0.2631,0.0525,0.2623,0.104,0.2599,0.1573,0.2622,0.2144,0.268,0.2798,0.2798
fld_10x10x10_1789.dat,1789,-0.2116,0.4232,-0.1152,0.3841,-0.0308,0.3083,0,0.2779,0.0551,0.2755,0.1101,0.2751,0.1658,0.2763,0.2272,0.2839,0.2922,0.2922
fld_10x10x10_1792.dat,1792,-0.2205,0.441,-0.1128,0.3761,-0.0309,0.3091,0,0.2774,0.0545,0.2725,0.1079,0.2698,0.1629,0.2715,0.2184,0.273,0.2766,0.2766
fld_10x10x10_1794.dat,1794,-0.2028,0.4055,-0.1165,0.3884,-0.0317,0.3173,0,0.2847,0.056,0.2798,0.1101,0.2751,0.1653,0.2754,0.2251,0.2814,0.2823,0.2823
fld_10x10x10_1795.dat,1795,-0.2028,0.4055,-0.1164,0.3878,-0.031,0.3101,0,0.2789,0.0551,0.2756,0.111,0.2775,0.1641,0.2736,0.2186,0.2732,0.2771,0.2771
fld_10x10x10_1797.dat,1797,-0.1991,0.3982,-0.1167,0.3889,-0.0314,0.3144,0,0.2842,0.0567,0.2834,0.1105,0.2763,0.1654,0.2756,0.221,0.2762,0.2791,0.2791
fld_10x10x10_1799.dat,1799,-0.2189,0.4379,-0.1145,0.3816,-0.0308,0.3081,0,0.2783,0.0565,0.2824,0.1134,0.2835,0.1703,0.2838,0.2305,0.2882,0.3,0.3
fld_10x10x10_1801.dat,1801,-0.2274,0.4549,-0.1108,0.3692,-0.0304,0.3042,0,0.2731,0.0535,0.2674,0.1064,0.2661,0.1605,0.2676,0.2219,0.2774,0.2919,0.2919
fld_10x10x10_1809.dat,1809,-0.211,0.422,-0.1144,0.3814,-0.0309,0.3092,0,0.2776,0.0552,0.2759,0.1097,0.2743,0.1658,0.2763,0.2238,0.2798,0.292,0.292
fld_10x10x10_1815.dat,1815,-0.1879,0.3758,-0.1129,0.3763,-0.0309,0.3094,0,0.2812,0.0561,0.2806,0.1113,0.2783,0.1654,0.2757,0.2177,0.2721,0.2799,0.2799
fld_10x10x10_1818.dat,1818,-0.2443,0.4886,-0.1128,0.376,-0.0301,0.3012,0,0.2721,0.0538,0.2691,0.1074,0.2686,0.1615,0.2692,0.2163,0.2704,0.2818,0.2818
fld_10x10x10_1819.dat,1819,-0.2245,0.449,-0.1147,0.3825,-0.031,0.3098,0,0.2791,0.0553,0.2763,0.1105,0.2762,0.168,0.2799,0.2305,0.2881,0.3058,0.3058
fld_10x10x10_1820.dat,1820,-0.232,0.4639,-0.1104,0.3679,-0.03,0.3004,0,0.2733,0.0543,0.2715,0.1102,0.2754,0.1676,0.2793,0.2281,0.2852,0.2935,0.2935
fld_10x10x10_1821.dat,1821,-0.2247,0.4495,-0.1124,0.3747,-0.0309,0.3093,0,0.2788,0.0562,0.2811,0.1115,0.2787,0.168,0.2799,0.2251,0.2814,0.2857,0.2857
fld_10x10x10_1823.dat,1823,-0.2048,0.4096,-0.1155,0.3852,-0.031,0.3102,0,0.2787,0.0554,0.2772,0.1089,0.2724,0.1652,0.2754,0.2243,0.2804,0.2933,0.2933
fld_10x10x10_1824.dat,1824,-0.2186,0.4372,-0.1135,0.3783,-0.0303,0.3027,0,0.2739,0.0544,0.2719,0.1065,0.2664,0.1584,0.2641,0.2153,0.2692,0.2773,0.2773
fld_10x10x10_1825.dat,1825,-0.2031,0.4061,-0.1131,0.3771,-0.0311,0.3106,0,0.2808,0.0554,0.2769,0.1098,0.2744,0.1644,0.2741,0.2221,0.2776,0.2839,0.2839
fld_10x10x10_1826.dat,1826,-0.2236,0.4472,-0.1107,0.3691,-0.0304,0.3043,0,0.2746,0.0536,0.268,0.1061,0.2653,0.1596,0.2661,0.2207,0.2759,0.2847,0.2847
fld_10x10x10_1831.dat,1831,-0.195,0.3899,-0.1158,0.3859,-0.0314,0.3141,0,0.282,0.0551,0.2757,0.1105,0.2762,0.1678,0.2796,0.2196,0.2745,0.2761,0.2761
fld_10x10x10_1833.dat,1833,-0.1932,0.3865,-0.1132,0.3773,-0.0309,0.3086,0,0.2779,0.0558,0.2788,0.1105,0.2763,0.1688,0.2813,0.2301,0.2876,0.2931,0.2931
fld_10x10x10_1836.dat,1836,-0.2324,0.4648,-0.1105,0.3684,-0.0304,0.3041,0,0.2744,0.0536,0.268,0.1056,0.2639,0.1569,0.2616,0.2092,0.2615,0.2705,0.2705
fld_10x10x10_1837.dat,1837,-0.2327,0.4654,-0.1122,0.3739,-0.0308,0.3081,0,0.2794,0.0557,0.2784,0.1111,0.2778,0.1682,0.2804,0.23,0.2875,0.2959,0.2959
fld_10x10x10_1838.dat,1838,-0.2286,0.4571,-0.1091,0.3636,-0.0302,0.3022,0,0.2736,0.0548,0.2738,0.1107,0.2767,0.1697,0.2829,0.232,0.29,0.3078,0.3078
fld_10x10x10_1839.dat,1839,-0.2143,0.4285,-0.1117,0.3722,-0.0306,0.3058,0,0.2768,0.0549,0.2743,0.108,0.27,0.1631,0.2719,0.2267,0.2833,0.2969,0.2969
fld_10x10x10_1840.dat,1840,-0.2308,0.4615,-0.1105,0.3684,-0.0303,0.3028,0,0.2752,0.0539,0.2693,0.108,0.27,0.1643,0.2738,0.2236,0.2796,0.2905,0.2905
fld_10x10x10_1842.dat,1842,-0.2305,0.4609,-0.1141,0.3804,-0.0312,0.3123,0,0.2828,0.0556,0.278,0.1089,0.2723,0.162,0.27,0.218,0.2725,0.2763,0.2763
fld_10x10x10_1843.dat,1843,-0.2015,0.4029,-0.1125,0.3752,-0.0308,0.308,0,0.2781,0.0555,0.2774,0.1106,0.2766,0.1671,0.2785,0.2281,0.2851,0.2934,0.2934
fld_10x10x10_1844.dat,1844,-0.2197,0.4394,-0.1104,0.3679,-0.0304,0.3042,0,0.2761,0.0543,0.2715,0.108,0.27,0.1633,0.2722,0.2207,0.2759,0.2811,0.2811
fld_10x10x10_1845.dat,1845,-0.1972,0.3943,-0.1121,0.3737,-0.031,0.3099,0,0.2803,0.0553,0.2765,0.1089,0.2723,0.1652,0.2754,0.2237,0.2796,0.288,0.288
fld_10x10x10_1847.dat,1847,-0.1966,0.3932,-0.1125,0.3751,-0.0307,0.3065,0,0.2767,0.0551,0.2755,0.1093,0.2732,0.1641,0.2734,0.2218,0.2773,0.2839,0.2839
fld_10x10x10_1849.dat,1849,-0.1978,0.3957,-0.1128,0.3762,-0.0312,0.3119,0,0.2807,0.056,0.2801,0.1105,0.2762,0.164,0.2734,0.2205,0.2756,0.2825,0.2825
fld_10x10x10_1854.dat,1854,-0.0259,0.0518,-0.1115,0.3716,-0.0301,0.3014,0,0.2703,0.0541,0.2704,0.1088,0.272,0.1655,0.2758,0.2308,0.2885,0.304,0.304
fld_10x10x10_1855.dat,1855,-0.2188,0.4377,-0.112,0.3733,-0.0305,0.3045,0,0.2751,0.0545,0.2726,0.1076,0.2689,0.1636,0.2726,0.2254,0.2817,0.2923,0.2923
fld_10x10x10_1859.dat,1859,-0.2,0.3999,-0.114,0.38,-0.031,0.3099,0,0.2802,0.0556,0.278,0.1097,0.2742,0.1624,0.2707,0.2191,0.2739,0.2807,0.2807
fld_10x10x10_1867.dat,1867,-0.2044,0.4088,-0.1154,0.3848,-0.0316,0.3162,0,0.284,0.055,0.2749,0.1095,0.2737,0.1658,0.2763,0.2217,0.2772,0.2779,0.2779
fld_10x10x10_1868.dat,1868,-0.1951,0.3901,-0.1116,0.3719,-0.0306,0.306,0,0.2751,0.0539,0.2696,0.1056,0.2639,0.1575,0.2624,0.2155,0.2693,0.2789,0.2789
fld_10x10x10_1871.dat,1871,-0.2183,0.4366,-0.1128,0.3761,-0.0302,0.3016,0,0.2732,0.0548,0.2739,0.1098,0.2746,0.1667,0.2778,0.2314,0.2892,0.3049,0.3049
fld_10x10x10_1873.dat,1873,-0.2213,0.4425,-0.1128,0.376,-0.0306,0.3058,0,0.2749,0.0544,0.2722,0.1083,0.2709,0.1653,0.2755,0.229,0.2863,0.3058,0.3058
fld_10x10x10_1874.dat,1874,-0.2258,0.4516,-0.1071,0.3569,-0.0292,0.292,0,0.2635,0.0523,0.2616,0.1051,0.2626,0.1592,0.2653,0.219,0.2737,0.2888,0.2888
fld_10x10x10_1877.dat,1877,-0.2031,0.4061,-0.1141,0.3805,-0.031,0.31,0,0.2805,0.0559,0.2797,0.1125,0.2814,0.1712,0.2854,0.2395,0.2994,0.3098,0.3098
fld_10x10x10_1878.dat,1878,-0.2182,0.4364,-0.1119,0.3729,-0.031,0.3095,0,0.28,0.0546,0.273,0.1078,0.2694,0.1621,0.2701,0.2208,0.2761,0.2921,0.2921
fld_10x10x10_1880.dat,1880,-0.219,0.438,-0.1115,0.3718,-0.0305,0.3046,0,0.2737,0.0532,0.2659,0.1049,0.2623,0.1568,0.2613,0.2131,0.2663,0.2777,0.2777
fld_10x10x10_1882.dat,1882,-0.2159,0.4317,-0.1114,0.3712,-0.0308,0.3079,0,0.2742,0.0535,0.2674,0.1057,0.2642,0.158,0.2634,0.2145,0.2682,0.2801,0.2801
fld_10x10x10_1883.dat,1883,-0.2033,0.4065,-0.1156,0.3853,-0.0318,0.3179,0,0.2823,0.0556,0.2778,0.1096,0.274,0.1653,0.2755,0.2222,0.2778,0.2884,0.2884
fld_10x10x10_1885.dat,1885,-0.2003,0.4006,-0.1166,0.3887,-0.0315,0.3147,0,0.2819,0.0554,0.2772,0.1093,0.2733,0.1622,0.2703,0.2181,0.2727,0.2802,0.2802
fld_10x10x10_1887.dat,1887,-0.1979,0.3958,-0.1135,0.3785,-0.031,0.3103,0,0.2784,0.0547,0.2734,0.1071,0.2678,0.1592,0.2654,0.2113,0.2641,0.2702,0.2702
fld_10x10x10_1891.dat,1891,-0.2259,0.4518,-0.1106,0.3687,-0.0302,0.302,0,0.2743,0.0551,0.2754,0.1118,0.2795,0.1714,0.2856,0.2376,0.2971,0.3099,0.3099
fld_10x10x10_1893.dat,1893,-0.2244,0.4488,-0.1094,0.3648,-0.0301,0.3005,0,0.274,0.0546,0.273,0.1102,0.2755,0.1689,0.2815,0.2291,0.2864,0.298,0.298
fld_10x10x10_1894.dat,1894,-0.2239,0.4477,-0.109,0.3634,-0.03,0.3004,0,0.2728,0.0534,0.2668,0.1062,0.2654,0.161,0.2684,0.2236,0.2795,0.2869,0.2869
fld_10x10x10_1896.dat,1896,-0.212,0.424,-0.1143,0.381,-0.031,0.3101,0,0.2809,0.0563,0.2814,0.1136,0.2839,0.1715,0.2858,0.2312,0.289,0.3003,0.3003
fld_10x10x10_1902.dat,1902,-0.1919,0.3839,-0.1145,0.3818,-0.031,0.3102,0,0.2778,0.055,0.2748,0.1102,0.2755,0.1657,0.2761,0.222,0.2775,0.2947,0.2947
fld_10x10x10_1904.dat,1904,-0.1979,0.3958,-0.1132,0.3773,-0.0308,0.308,0,0.2766,0.0547,0.2733,0.1084,0.271,0.163,0.2717,0.2219,0.2773,0.2791,0.2791
fld_10x10x10_1906.dat,1906,-0.1929,0.3857,-0.1116,0.3719,-0.0309,0.3085,0,0.2786,0.055,0.2749,0.1078,0.2694,0.1608,0.2679,0.2158,0.2698,0.2741,0.2741
fld_10x10x10_1907.dat,1907,-0.2263,0.4526,-0.1116,0.3722,-0.0305,0.3053,0,0.2763,0.0545,0.2725,0.1077,0.2693,0.1639,0.2732,0.2225,0.2781,0.2952,0.2952
fld_10x10x10_1915.dat,1915,-0.1982,0.3963,-0.1117,0.3723,-0.0309,0.3085,0,0.2775,0.0547,0.2736,0.1096,0.2739,0.1656,0.276,0.2269,0.2837,0.2908,0.2908
fld_10x10x10_1916.dat,1916,-0.2182,0.4365,-0.1112,0.3705,-0.0306,0.3056,0,0.2777,0.0547,0.2735,0.1073,0.2682,0.1609,0.2681,0.2158,0.2698,0.28,0.28
fld_10x10x10_1919.dat,1919,-0.2018,0.4037,-0.113,0.3765,-0.0313,0.3127,0,0.281,0.0552,0.2758,0.1103,0.2757,0.164,0.2733,0.2207,0.2759,0.2854,0.2854
fld_10x10x10_1921.dat,1921,-0.2024,0.4048,-0.112,0.3735,-0.031,0.3103,0,0.2751,0.0545,0.2725,0.109,0.2725,0.1669,0.2781,0.2283,0.2853,0.2945,0.2945
fld_10x10x10_1922.dat,1922,-0.1934,0.3869,-0.1088,0.3627,-0.0297,0.2974,0,0.2657,0.0523,0.2614,0.1041,0.2603,0.1558,0.2597,0.2103,0.2628,0.2646,0.2646
fld_10x10x10_1926.dat,1926,-0.2351,0.4701,-0.1129,0.3764,-0.0304,0.3041,0,0.2739,0.0542,0.2712,0.108,0.2701,0.1593,0.2654,0.2141,0.2676,0.2769,0.2769
fld_10x10x10_1927.dat,1927,-0.2333,0.4666,-0.1107,0.369,-0.0303,0.3029,0,0.2763,0.0544,0.2721,0.1073,0.2683,0.1629,0.2715,0.2196,0.2745,0.2844,0.2844
fld_10x10x10_1931.dat,1931,-0.199,0.3981,-0.1166,0.3886,-0.0314,0.3139,0,0.2823,0.0562,0.2811,0.1102,0.2754,0.1634,0.2723,0.2187,0.2734,0.276,0.276
fld_10x10x10_1934.dat,1934,-0.2179,0.4358,-0.1136,0.3787,-0.0308,0.3082,0,0.2804,0.0551,0.2753,0.1085,0.2712,0.16,0.2666,0.2109,0.2636,0.2648,0.2648
fld_10x10x10_1940.dat,1940,-0.2092,0.4184,-0.1121,0.3735,-0.03,0.3005,0,0.2708,0.0532,0.2661,0.1055,0.2636,0.1592,0.2654,0.2147,0.2683,0.2704,0.2704
fld_10x10x10_1941.dat,1941,-0.1921,0.3842,-0.1138,0.3792,-0.0306,0.306,0,0.278,0.0556,0.2781,0.1094,0.2735,0.1639,0.2732,0.2169,0.2711,0.2706,0.2706
fld_10x10x10_1942.dat,1942,-0.1942,0.3885,-0.1127,0.3757,-0.0308,0.308,0,0.278,0.0555,0.2773,0.1116,0.279,0.1694,0.2824,0.2212,0.2765,0.274,0.274
fld_10x10x10_1944.dat,1944,-0.2363,0.4725,-0.1105,0.3684,-0.0306,0.3056,0,0.277,0.0552,0.276,0.1081,0.2702,0.161,0.2683,0.2146,0.2683,0.2711,0.2711
fld_10x10x10_1948.dat,1948,-0.2261,0.4522,-0.1087,0.3624,-0.03,0.3001,0,0.2724,0.054,0.2699,0.1068,0.2671,0.1619,0.2698,0.2225,0.2781,0.2865,0.2865
fld_10x10x10_1949.dat,1949,-0.2146,0.4293,-0.1152,0.3838,-0.031,0.3103,0,0.2784,0.0553,0.2763,0.1093,0.2733,0.1678,0.2796,0.2267,0.2834,0.2906,0.2906
fld_10x10x10_1953.dat,1953,-0.1918,0.3836,-0.1139,0.3796,-0.0308,0.3079,0,0.2766,0.0553,0.2765,0.1103,0.2759,0.1667,0.2778,0.2249,0.2811,0.2849,0.2849
fld_10x10x10_1954.dat,1954,-0.2079,0.4158,-0.112,0.3734,-0.0305,0.3047,0,0.2759,0.0533,0.2664,0.1029,0.2573,0.1497,0.2494,0.1987,0.2484,0.2524,0.2524
fld_10x10x10_1956.dat,1956,-0.199,0.398,-0.1153,0.3844,-0.0316,0.3158,0,0.2843,0.0556,0.2782,0.1085,0.2712,0.162,0.27,0.2177,0.2721,0.2781,0.2781
fld_10x10x10_1964.dat,1964,-0.2269,0.4538,-0.108,0.3599,-0.0299,0.2987,0,0.2724,0.0541,0.2706,0.1061,0.2653,0.1579,0.2632,0.2134,0.2667,0.2718,0.2718
fld_10x10x10_1967.dat,1967,-0.1864,0.3728,-0.1116,0.3719,-0.0306,0.3057,0,0.2779,0.0551,0.2753,0.1093,0.2732,0.166,0.2766,0.2272,0.284,0.294,0.294
fld_10x10x10_1969.dat,1969,-0.2042,0.4084,-0.1116,0.3718,-0.031,0.3104,0,0.2783,0.0542,0.2709,0.108,0.27,0.1654,0.2756,0.2274,0.2843,0.2906,0.2906
fld_10x10x10_1971.dat,1971,-0.1974,0.3948,-0.1097,0.3657,-0.0306,0.3061,0,0.2787,0.0551,0.2755,0.1077,0.2693,0.1614,0.269,0.2177,0.2721,0.2799,0.2799
fld_10x10x10_1977.dat,1977,-0.1959,0.3918,-0.1107,0.3689,-0.0302,0.3022,0,0.2759,0.0546,0.2731,0.1096,0.274,0.1655,0.2758,0.2263,0.2829,0.2881,0.2881
fld_10x10x10_1979.dat,1979,-0.2244,0.4488,-0.1139,0.3798,-0.0305,0.3046,0,0.276,0.0553,0.2765,0.1098,0.2744,0.1652,0.2754,0.2224,0.278,0.2861,0.2861
fld_10x10x10_1988.dat,1988,-0.2165,0.433,-0.1094,0.3648,-0.0304,0.3044,0,0.2781,0.0553,0.2764,0.1087,0.2718,0.1616,0.2693,0.2186,0.2732,0.2801,0.2801
fld_10x10x10_1997.dat,1997,-0.2143,0.4285,-0.1127,0.3758,-0.0304,0.304,0,0.2749,0.0548,0.274,0.1102,0.2756,0.1639,0.2732,0.2198,0.2747,0.2825,0.2825
fld_10x10x10_1999.dat,1999,-0.2223,0.4446,-0.1109,0.3698,-0.0306,0.3062,0,0.2762,0.0542,0.2712,0.108,0.27,0.1605,0.2675,0.2145,0.2682,0.2725,0.2725
fld_10x10x10_2000.dat,2000,-0.2226,0.4451,-0.1095,0.3651,-0.0304,0.3044,0,0.2777,0.0547,0.2734,0.1074,0.2685,0.1597,0.2662,0.2126,0.2658,0.2736,0.2736
fld_10x10x10_2001.dat,2001,-0.2054,0.4109,-0.1081,0.3602,-0.0301,0.3009,0,0.2732,0.0544,0.2719,0.1094,0.2735,0.1664,0.2773,0.2285,0.2857,0.3008,0.3008
fld_10x10x10_2006.dat,2006,-0.2146,0.4291,-0.1108,0.3693,-0.0307,0.3068,0,0.2775,0.054,0.2698,0.1074,0.2685,0.1633,0.2722,0.2175,0.2719,0.2764,0.2764
fld_10x10x10_2011.dat,2011,-0.1883,0.3767,-0.1133,0.3776,-0.0309,0.3094,0,0.2794,0.0545,0.2727,0.1088,0.2721,0.1648,0.2746,0.2228,0.2785,0.2829,0.2829
fld_10x10x10_2014.dat,2014,-0.189,0.3781,-0.1117,0.3724,-0.03,0.3003,0,0.2705,0.0527,0.2634,0.1043,0.2607,0.1549,0.2582,0.209,0.2613,0.266,0.266
fld_10x10x10_2016.dat,2016,-0.2284,0.4568,-0.1095,0.3649,-0.0301,0.3013,0,0.275,0.0546,0.2731,0.1073,0.2682,0.1607,0.2679,0.2159,0.2699,0.2768,0.2768
fld_10x10x10_2017.dat,2017,-0.2186,0.4373,-0.109,0.3632,-0.03,0.2999,0,0.2697,0.0545,0.2725,0.1077,0.2694,0.1595,0.2659,0.2143,0.2678,0.2768,0.2768
fld_10x10x10_2023.dat,2023,-0.1994,0.3988,-0.1108,0.3695,-0.0308,0.3079,0,0.2779,0.0548,0.2742,0.1094,0.2736,0.1679,0.2798,0.23,0.2875,0.2961,0.2961
fld_10x10x10_2024.dat,2024,-0.1961,0.3922,-0.1078,0.3593,-0.0296,0.2965,0,0.2684,0.0529,0.2647,0.1052,0.263,0.1592,0.2654,0.2161,0.2701,0.2792,0.2792
fld_10x10x10_2034.dat,2034,-0.2272,0.4544,-0.1086,0.362,-0.03,0.3003,0,0.2714,0.0541,0.2704,0.1055,0.2639,0.1567,0.2612,0.2096,0.262,0.2628,0.2628
fld_10x10x10_2037.dat,2037,-0.2167,0.4334,-0.1054,0.3512,-0.029,0.29,0,0.2646,0.0523,0.2613,0.105,0.2624,0.1577,0.2629,0.2131,0.2664,0.2819,0.2819
fld_10x10x10_2038.dat,2038,-0.2245,0.4489,-0.1097,0.3655,-0.0306,0.3056,0,0.2748,0.0537,0.2684,0.1072,0.2679,0.1629,0.2715,0.2228,0.2785,0.2979,0.2979
fld_10x10x10_2047.dat,2047,-0.2165,0.4331,-0.116,0.3866,-0.0314,0.3137,0,0.2818,0.056,0.2798,0.1111,0.2778,0.1658,0.2763,0.2207,0.2759,0.2728,0.2728
fld_10x10x10_2050.dat,2050,-0.182,0.3639,-0.1097,0.3658,-0.0305,0.3045,0,0.2768,0.0541,0.2707,0.1069,0.2673,0.1613,0.2689,0.2185,0.2731,0.2859,0.2859
fld_10x10x10_2055.dat,2055,-0.219,0.438,-0.1085,0.3615,-0.03,0.3002,0,0.2726,0.0542,0.2709,0.1074,0.2684,0.1639,0.2732,0.2219,0.2773,0.2903,0.2903
fld_10x10x10_2062.dat,2062,-0.2115,0.423,-0.1069,0.3562,-0.03,0.2999,0,0.2733,0.0535,0.2677,0.1055,0.2637,0.1559,0.2599,0.2063,0.2579,0.262,0.262
fld_10x10x10_2064.dat,2064,-0.1996,0.3992,-0.1114,0.3713,-0.0304,0.3042,0,0.274,0.0542,0.2711,0.1075,0.2686,0.1615,0.2692,0.2173,0.2716,0.2763,0.2763
fld_10x10x10_2071.dat,2071,-0.215,0.43,-0.1096,0.3654,-0.0304,0.3043,0,0.2763,0.0547,0.2737,0.108,0.2699,0.161,0.2683,0.2175,0.2719,0.2837,0.2837
fld_10x10x10_2072.dat,2072,-0.2226,0.4452,-0.1062,0.3539,-0.0298,0.2977,0,0.271,0.0532,0.266,0.1058,0.2645,0.1608,0.268,0.2192,0.274,0.2806,0.2806
fld_10x10x10_2073.dat,2073,-0.2162,0.4323,-0.1065,0.3551,-0.03,0.2999,0,0.274,0.0545,0.2726,0.1074,0.2685,0.1608,0.268,0.2207,0.2759,0.2891,0.2891
fld_10x10x10_2074.dat,2074,-0.22,0.4401,-0.1064,0.3548,-0.03,0.2999,0,0.272,0.0539,0.2697,0.1068,0.267,0.1605,0.2676,0.2164,0.2705,0.2763,0.2763
fld_10x10x10_2075.dat,2075,-0.2068,0.4136,-0.1116,0.3719,-0.0306,0.3058,0,0.2779,0.0548,0.2738,0.1093,0.2733,0.1646,0.2743,0.2221,0.2776,0.2848,0.2848
fld_10x10x10_2077.dat,2077,-0.1954,0.3909,-0.1093,0.3645,-0.0302,0.302,0,0.2726,0.0534,0.267,0.1061,0.2652,0.1617,0.2695,0.2235,0.2794,0.2939,0.2939
fld_10x10x10_2078.dat,2078,-0.2058,0.4116,-0.1087,0.3622,-0.0302,0.3023,0,0.2759,0.0544,0.2722,0.1085,0.2711,0.163,0.2717,0.2188,0.2734,0.2808,0.2808
fld_10x10x10_2081.dat,2081,-0.2005,0.4009,-0.1124,0.3745,-0.0311,0.3106,0,0.2786,0.055,0.2752,0.1097,0.2742,0.1662,0.2771,0.2272,0.284,0.2919,0.2919
fld_10x10x10_2082.dat,2082,-0.1908,0.3815,-0.1119,0.373,-0.0306,0.3057,0,0.2751,0.0537,0.2687,0.1054,0.2635,0.1609,0.2681,0.222,0.2775,0.2921,0.2921
fld_10x10x10_2102.dat,2102,-0.2017,0.4034,-0.1128,0.3759,-0.0309,0.3093,0,0.2785,0.0547,0.2733,0.1077,0.2694,0.1639,0.2731,0.2204,0.2755,0.2826,0.2826
fld_10x10x10_2110.dat,2110,-0.216,0.432,-0.1061,0.3537,-0.0299,0.2986,0,0.2732,0.0536,0.2682,0.1059,0.2648,0.1598,0.2663,0.2146,0.2683,0.2819,0.2819
fld_10x10x10_2117.dat,2117,-0.19,0.38,-0.113,0.3767,-0.031,0.3096,0,0.2769,0.0551,0.2754,0.1086,0.2715,0.1607,0.2679,0.2171,0.2714,0.2763,0.2763
fld_10x10x10_2129.dat,2129,-0.1894,0.3787,-0.1102,0.3674,-0.0305,0.3049,0,0.2746,0.0548,0.274,0.1081,0.2703,0.163,0.2717,0.2236,0.2795,0.2898,0.2898
fld_10x10x10_2130.dat,2130,-0.2026,0.4052,-0.1116,0.3719,-0.0302,0.3023,0,0.274,0.0544,0.2719,0.107,0.2674,0.161,0.2684,0.2208,0.276,0.29,0.29
fld_10x10x10_2136.dat,2136,-0.2005,0.4011,-0.1099,0.3662,-0.0306,0.3055,0,0.2791,0.0545,0.2723,0.1068,0.267,0.1593,0.2656,0.2179,0.2723,0.2781,0.2781
fld_10x10x10_2139.dat,2139,-0.2143,0.4286,-0.1116,0.372,-0.0307,0.3067,0,0.2788,0.0553,0.2766,0.1086,0.2715,0.1653,0.2756,0.2218,0.2772,0.2815,0.2815
fld_10x10x10_2143.dat,2143,-0.2099,0.4197,-0.1083,0.3611,-0.03,0.3001,0,0.2737,0.0547,0.2735,0.1105,0.2763,0.1653,0.2755,0.2226,0.2782,0.2947,0.2947
fld_10x10x10_2147.dat,2147,-0.198,0.396,-0.1107,0.369,-0.0302,0.3018,0,0.2724,0.0537,0.2686,0.1069,0.2671,0.1629,0.2715,0.2193,0.2741,0.2783,0.2783
fld_10x10x10_2148.dat,2148,-0.2,0.4,-0.1087,0.3622,-0.0294,0.2941,0,0.2685,0.053,0.2652,0.104,0.2599,0.156,0.2599,0.2115,0.2644,0.2724,0.2724
fld_10x10x10_2152.dat,2152,-0.1923,0.3845,-0.1115,0.3717,-0.0301,0.301,0,0.2725,0.0536,0.268,0.1048,0.2621,0.1557,0.2595,0.2053,0.2566,0.2565,0.2565
fld_10x10x10_2156.dat,2156,-0.1964,0.3928,-0.1095,0.3649,-0.0302,0.3023,0,0.2751,0.0535,0.2677,0.1041,0.2603,0.1546,0.2577,0.2066,0.2583,0.265,0.265
fld_10x10x10_2159.dat,2159,-0.2189,0.4377,-0.1071,0.3571,-0.0293,0.2932,0,0.2668,0.0534,0.2668,0.1069,0.2673,0.1617,0.2695,0.2158,0.2697,0.2727,0.2727
fld_10x10x10_2161.dat,2161,-0.2078,0.4156,-0.1073,0.3578,-0.0298,0.2979,0,0.271,0.0531,0.2657,0.1064,0.266,0.1598,0.2664,0.2178,0.2722,0.2827,0.2827
fld_10x10x10_2162.dat,2162,-0.2231,0.4461,-0.1085,0.3616,-0.0297,0.297,0,0.2729,0.0541,0.2707,0.1073,0.2682,0.1596,0.266,0.2119,0.2649,0.2687,0.2687
fld_10x10x10_2164.dat,2164,-0.2057,0.4114,-0.1081,0.3602,-0.0299,0.2988,0,0.2734,0.0538,0.2689,0.1068,0.2671,0.1632,0.2719,0.2205,0.2756,0.275,0.275
fld_10x10x10_2168.dat,2168,-0.2126,0.4252,-0.1077,0.3591,-0.0299,0.2989,0,0.2708,0.0534,0.2671,0.1037,0.2593,0.1559,0.2598,0.2079,0.2599,0.261,0.261
fld_10x10x10_2171.dat,2171,-0.1917,0.3833,-0.1109,0.3696,-0.0306,0.3057,0,0.276,0.0544,0.272,0.1067,0.2667,0.1585,0.2642,0.2115,0.2643,0.2646,0.2646
fld_10x10x10_2172.dat,2172,-0.199,0.3979,-0.1122,0.3741,-0.0304,0.3042,0,0.2755,0.0537,0.2687,0.1055,0.2639,0.1563,0.2605,0.2059,0.2574,0.257,0.257
fld_10x10x10_2173.dat,2173,-0.1817,0.3633,-0.1084,0.3614,-0.0303,0.3028,0,0.2747,0.0539,0.2697,0.1065,0.2662,0.1606,0.2677,0.2141,0.2677,0.2739,0.2739
fld_10x10x10_2175.dat,2175,-0.2162,0.4324,-0.1115,0.3718,-0.0304,0.3045,0,0.2776,0.0548,0.2739,0.1083,0.2708,0.165,0.2751,0.2252,0.2815,0.2986,0.2986
fld_10x10x10_2179.dat,2179,-0.2194,0.4388,-0.1075,0.3582,-0.03,0.3003,0,0.2724,0.0534,0.2671,0.1054,0.2634,0.1605,0.2675,0.2178,0.2723,0.2751,0.2751
fld_10x10x10_2180.dat,2180,-0.2198,0.4395,-0.1059,0.3531,-0.0295,0.2949,0,0.2686,0.0537,0.2684,0.105,0.2624,0.1579,0.2632,0.2128,0.266,0.272,0.272
fld_10x10x10_2182.dat,2182,-0.2108,0.4217,-0.1098,0.3661,-0.03,0.2997,0,0.2705,0.054,0.27,0.1079,0.2696,0.1616,0.2694,0.2158,0.2697,0.2746,0.2746
fld_10x10x10_2185.dat,2185,-0.1925,0.3849,-0.1089,0.3632,-0.03,0.2999,0,0.2701,0.0536,0.2681,0.1065,0.2662,0.1593,0.2655,0.2146,0.2682,0.2745,0.2745
fld_10x10x10_2186.dat,2186,-0.1985,0.3969,-0.1058,0.3526,-0.0291,0.2907,0,0.2646,0.0525,0.2624,0.104,0.26,0.1556,0.2594,0.2061,0.2576,0.2549,0.2549
fld_10x10x10_2187.dat,2187,-0.1962,0.3924,-0.1131,0.3771,-0.031,0.3096,0,0.2804,0.056,0.2799,0.1112,0.2781,0.1687,0.2812,0.2253,0.2817,0.2849,0.2849
fld_10x10x10_2188.dat,2188,-0.1991,0.3982,-0.114,0.3799,-0.0305,0.3046,0,0.2766,0.0547,0.2736,0.1089,0.2722,0.1614,0.269,0.2158,0.2698,0.2723,0.2723
fld_10x10x10_2190.dat,2190,-0.1871,0.3742,-0.1096,0.3654,-0.0301,0.301,0,0.2729,0.0538,0.2691,0.1052,0.263,0.1581,0.2636,0.2127,0.2659,0.2684,0.2684
fld_10x10x10_2196.dat,2196,-0.2219,0.4438,-0.1057,0.3523,-0.0294,0.2936,0,0.2695,0.0535,0.2674,0.1046,0.2614,0.1544,0.2574,0.2088,0.261,0.2671,0.2671
fld_10x10x10_2199.dat,2199,-0.2019,0.4038,-0.1105,0.3684,-0.0304,0.3044,0,0.2771,0.0549,0.2744,0.1081,0.2701,0.1613,0.2688,0.216,0.27,0.2772,0.2772
fld_10x10x10_2200.dat,2200,-0.2143,0.4285,-0.1106,0.3687,-0.0304,0.3044,0,0.2769,0.0546,0.2731,0.1071,0.2676,0.1597,0.2662,0.2124,0.2655,0.2725,0.2725
fld_10x10x10_2205.dat,2205,-0.1988,0.3975,-0.1117,0.3723,-0.0302,0.3018,0,0.2737,0.0536,0.2679,0.1046,0.2616,0.1571,0.2619,0.2085,0.2606,0.268,0.268
fld_10x10x10_2209.dat,2209,-0.1888,0.3776,-0.1104,0.3679,-0.031,0.3103,0,0.2788,0.0547,0.2733,0.1057,0.2643,0.1533,0.2555,0.2039,0.2549,0.2565,0.2565
fld_10x10x10_2210.dat,2210,-0.1846,0.3692,-0.107,0.3566,-0.0298,0.2981,0,0.2699,0.0533,0.2667,0.1032,0.2581,0.1526,0.2543,0.2008,0.251,0.2569,0.2569
fld_10x10x10_2214.dat,2214,-0.221,0.442,-0.1061,0.3536,-0.0294,0.2943,0,0.2662,0.053,0.2649,0.1045,0.2613,0.1568,0.2613,0.2091,0.2614,0.2647,0.2647
fld_10x10x10_2215.dat,2215,-0.2186,0.4371,-0.1076,0.3587,-0.03,0.3004,0,0.2752,0.0544,0.2722,0.11,0.2751,0.1684,0.2807,0.2248,0.2809,0.2845,0.2845
fld_10x10x10_2222.dat,2222,-0.2048,0.4096,-0.1091,0.3638,-0.0298,0.2983,0,0.2686,0.053,0.2649,0.1041,0.2601,0.1557,0.2596,0.2114,0.2643,0.2739,0.2739
fld_10x10x10_2224.dat,2224,-0.1946,0.3893,-0.1092,0.364,-0.0305,0.305,0,0.2786,0.0553,0.2763,0.109,0.2726,0.1617,0.2695,0.2156,0.2694,0.2693,0.2693
fld_10x10x10_2225.dat,2225,-0.1946,0.3892,-0.1118,0.3727,-0.031,0.3097,0,0.2784,0.0551,0.2755,0.1087,0.2718,0.1634,0.2723,0.2205,0.2756,0.2822,0.2822
fld_10x10x10_2226.dat,2226,-0.1995,0.3989,-0.1119,0.373,-0.0307,0.3066,0,0.2773,0.0542,0.2709,0.1061,0.2654,0.1595,0.2658,0.21,0.2626,0.2622,0.2622
fld_10x10x10_2227.dat,2227,-0.1866,0.3732,-0.1081,0.3602,-0.0302,0.3021,0,0.2744,0.0542,0.2708,0.1059,0.2647,0.1575,0.2626,0.2121,0.2652,0.2691,0.2691
fld_10x10x10_2235.dat,2235,-0.2031,0.4062,-0.1105,0.3684,-0.0304,0.3039,0,0.2743,0.0538,0.2688,0.1061,0.2652,0.1593,0.2655,0.2146,0.2683,0.2751,0.2751
fld_10x10x10_2239.dat,2239,-0.1977,0.3953,-0.106,0.3533,-0.0296,0.2963,0,0.2697,0.0537,0.2683,0.108,0.2699,0.1625,0.2708,0.2236,0.2796,0.2893,0.2893
fld_10x10x10_2242.dat,2242,-0.1911,0.3821,-0.1085,0.3616,-0.0295,0.2949,0,0.2682,0.0527,0.2633,0.1037,0.2593,0.1569,0.2614,0.2147,0.2684,0.278,0.278
fld_10x10x10_2248.dat,2248,-0.2229,0.4458,-0.1068,0.3559,-0.0292,0.2924,0,0.2662,0.0527,0.2636,0.1047,0.2617,0.1598,0.2664,0.2179,0.2723,0.2797,0.2797
fld_10x10x10_2250.dat,2250,-0.2238,0.4476,-0.1072,0.3572,-0.0298,0.2979,0,0.273,0.0541,0.2703,0.1072,0.2679,0.1617,0.2696,0.2208,0.276,0.2889,0.2889
fld_10x10x10_2251.dat,2251,-0.2098,0.4196,-0.1051,0.3503,-0.0298,0.2976,0,0.2712,0.0533,0.2665,0.1068,0.267,0.1645,0.2741,0.225,0.2812,0.2852,0.2852
fld_10x10x10_2253.dat,2253,-0.1977,0.3953,-0.1117,0.3722,-0.0305,0.3049,0,0.2738,0.0543,0.2714,0.1063,0.2658,0.1584,0.264,0.2141,0.2676,0.276,0.276
fld_10x10x10_2256.dat,2256,-0.1938,0.3877,-0.1065,0.3551,-0.0294,0.2939,0,0.2655,0.0527,0.2633,0.1045,0.2612,0.1594,0.2657,0.2174,0.2718,0.282,0.282
fld_10x10x10_2260.dat,2260,-0.195,0.3899,-0.1119,0.3729,-0.0304,0.3039,0,0.2761,0.054,0.2699,0.1052,0.263,0.1561,0.2601,0.2058,0.2572,0.2599,0.2599
fld_10x10x10_2262.dat,2262,-0.1902,0.3804,-0.1076,0.3587,-0.0299,0.2987,0,0.2722,0.0537,0.2686,0.1068,0.267,0.1612,0.2687,0.216,0.2699,0.2711,0.2711
fld_10x10x10_2267.dat,2267,-0.2161,0.4323,-0.105,0.3499,-0.0294,0.2945,0,0.268,0.0536,0.2681,0.1064,0.2659,0.1622,0.2703,0.2203,0.2754,0.2801,0.2801
fld_10x10x10_2269.dat,2269,-0.2128,0.4256,-0.1071,0.3571,-0.0298,0.2981,0,0.2712,0.0532,0.2661,0.1042,0.2606,0.1567,0.2612,0.2116,0.2645,0.2749,0.2749
fld_10x10x10_2270.dat,2270,-0.213,0.4259,-0.1033,0.3442,-0.0289,0.2893,0,0.2625,0.0517,0.2587,0.1021,0.2553,0.154,0.2567,0.2108,0.2635,0.2701,0.2701
fld_10x10x10_2272.dat,2272,-0.2121,0.4243,-0.1093,0.3644,-0.0298,0.2981,0,0.2723,0.054,0.27,0.1073,0.2682,0.1654,0.2757,0.2324,0.2905,0.3063,0.3063
fld_10x10x10_2273.dat,2273,-0.1983,0.3966,-0.1063,0.3544,-0.0294,0.2942,0,0.266,0.0527,0.2634,0.1039,0.2596,0.1574,0.2623,0.2162,0.2702,0.2788,0.2788
fld_10x10x10_2278.dat,2278,-0.1944,0.3888,-0.1088,0.3627,-0.03,0.3,0,0.2725,0.0538,0.269,0.1054,0.2635,0.1569,0.2614,0.2084,0.2605,0.2601,0.2601
fld_10x10x10_2284.dat,2284,-0.214,0.4281,-0.1061,0.3537,-0.0291,0.2912,0,0.2614,0.052,0.2601,0.104,0.2599,0.1582,0.2637,0.2186,0.2733,0.292,0.292
fld_10x10x10_2286.dat,2286,-0.2129,0.4259,-0.1024,0.3413,-0.0286,0.2862,0,0.2628,0.0528,0.2639,0.1039,0.2598,0.1581,0.2635,0.2159,0.2698,0.2811,0.2811
fld_10x10x10_2296.dat,2296,-0.1961,0.3921,-0.1108,0.3695,-0.0302,0.3019,0,0.2724,0.053,0.2651,0.1057,0.2641,0.1594,0.2656,0.2142,0.2678,0.2744,0.2744
fld_10x10x10_2299.dat,2299,-0.2182,0.4365,-0.1081,0.3605,-0.0296,0.2962,0,0.267,0.0523,0.2617,0.1039,0.2597,0.1561,0.2601,0.2121,0.2652,0.2784,0.2784
fld_10x10x10_2320.dat,2320,-0.2084,0.4169,-0.1035,0.3451,-0.0296,0.2961,0,0.2682,0.0531,0.2657,0.1047,0.2619,0.1581,0.2635,0.2179,0.2724,0.2855,0.2855
fld_10x10x10_2324.dat,2324,-0.1905,0.3809,-0.1054,0.3515,-0.0298,0.298,0,0.2714,0.0532,0.2659,0.1038,0.2594,0.1543,0.2572,0.2076,0.2595,0.2682,0.2682
fld_10x10x10_2331.dat,2331,-0.2142,0.4285,-0.1057,0.3524,-0.0297,0.2967,0,0.2687,0.0533,0.2663,0.1061,0.2652,0.1614,0.2689,0.2196,0.2745,0.2842,0.2842
fld_10x10x10_2346.dat,2346,-0.2063,0.4126,-0.1036,0.3453,-0.0286,0.2863,0,0.262,0.0521,0.2606,0.1041,0.2602,0.1565,0.2608,0.2113,0.2642,0.2741,0.2741
fld_10x10x10_2347.dat,2347,-0.2114,0.4228,-0.1017,0.3392,-0.0284,0.284,0,0.2614,0.0525,0.2623,0.1037,0.2593,0.1568,0.2613,0.2091,0.2613,0.2639,0.2639
fld_10x10x10_2348.dat,2348,-0.1978,0.3956,-0.1104,0.3679,-0.0302,0.302,0,0.2746,0.0538,0.269,0.1066,0.2666,0.1612,0.2686,0.2147,0.2684,0.2688,0.2688
fld_10x10x10_2353.dat,2353,-0.2085,0.417,-0.1051,0.3503,-0.03,0.2997,0,0.2729,0.0535,0.2675,0.1037,0.2591,0.1544,0.2573,0.2077,0.2596,0.2602,0.2602
fld_10x10x10_2355.dat,2355,-0.1866,0.3732,-0.1126,0.3754,-0.0306,0.3057,0,0.2778,0.0543,0.2716,0.1061,0.2654,0.1563,0.2605,0.2085,0.2607,0.2625,0.2625
fld_10x10x10_2366.dat,2366,-0.1943,0.3886,-0.1084,0.3612,-0.0305,0.3046,0,0.2781,0.0549,0.2744,0.1101,0.2752,0.1654,0.2757,0.2243,0.2803,0.2851,0.2851
fld_10x10x10_2369.dat,2369,-0.2061,0.4122,-0.1051,0.3504,-0.0294,0.2944,0,0.269,0.0528,0.2639,0.1045,0.2613,0.1562,0.2604,0.2099,0.2623,0.264,0.264
fld_10x10x10_2371.dat,2371,-0.1956,0.3911,-0.1042,0.3472,-0.0296,0.2963,0,0.27,0.0531,0.2656,0.1044,0.261,0.1565,0.2608,0.2137,0.2671,0.2786,0.2786
fld_10x10x10_2376.dat,2376,-0.1972,0.3945,-0.1073,0.3575,-0.0298,0.298,0,0.2693,0.0526,0.2629,0.1025,0.2564,0.1527,0.2545,0.2046,0.2557,0.2581,0.2581
fld_10x10x10_2380.dat,2380,-0.2118,0.4235,-0.1071,0.3571,-0.0299,0.2987,0,0.2723,0.0542,0.271,0.1079,0.2698,0.1624,0.2707,0.2187,0.2734,0.2808,0.2808
fld_10x10x10_2384.dat,2384,-0.1914,0.3829,-0.1068,0.356,-0.0295,0.295,0,0.2685,0.0536,0.268,0.1069,0.2672,0.1634,0.2724,0.2251,0.2814,0.2905,0.2905
fld_10x10x10_2386.dat,2386,-0.1885,0.377,-0.1073,0.3578,-0.0302,0.3016,0,0.2745,0.055,0.2752,0.1085,0.2712,0.1623,0.2704,0.2188,0.2735,0.2811,0.2811
fld_10x10x10_2393.dat,2393,-0.1906,0.3812,-0.107,0.3565,-0.0295,0.2948,0,0.2688,0.0529,0.2644,0.1036,0.259,0.1562,0.2603,0.2142,0.2678,0.2754,0.2754
fld_10x10x10_2406.dat,2406,-0.1833,0.3666,-0.1037,0.3456,-0.0296,0.2961,0,0.2693,0.0533,0.2665,0.1046,0.2616,0.1579,0.2632,0.2123,0.2654,0.2683,0.2683
fld_10x10x10_2415.dat,2415,-0.2165,0.433,-0.1044,0.3481,-0.029,0.29,0,0.2628,0.052,0.26,0.104,0.26,0.159,0.2649,0.2174,0.2718,0.2782,0.2782
fld_10x10x10_2418.dat,2418,-0.2103,0.4206,-0.1026,0.3419,-0.0291,0.2905,0,0.2679,0.053,0.2652,0.1049,0.2623,0.161,0.2683,0.2236,0.2795,0.2889,0.2889
fld_10x10x10_2444.dat,2444,-0.1777,0.3555,-0.1091,0.3636,-0.0305,0.3046,0,0.2764,0.0552,0.276,0.1101,0.2752,0.1663,0.2771,0.225,0.2813,0.2814,0.2814
fld_10x10x10_2450.dat,2450,-0.2105,0.4209,-0.1042,0.3472,-0.0294,0.2945,0,0.2687,0.0539,0.2696,0.1073,0.2683,0.164,0.2734,0.2243,0.2804,0.2889,0.2889
fld_10x10x10_2451.dat,2451,-0.2175,0.4351,-0.1044,0.3482,-0.029,0.2898,0,0.2635,0.0524,0.2622,0.1037,0.2592,0.1549,0.2582,0.2079,0.2599,0.265,0.265
fld_10x10x10_2452.dat,2452,-0.2027,0.4055,-0.1059,0.3529,-0.0301,0.3006,0,0.2721,0.0535,0.2676,0.1058,0.2644,0.1617,0.2695,0.2237,0.2796,0.289,0.289
fld_10x10x10_2453.dat,2453,-0.2129,0.4258,-0.1044,0.3478,-0.0292,0.2925,0,0.2665,0.0526,0.2629,0.1036,0.259,0.1552,0.2586,0.2109,0.2637,0.2759,0.2759
fld_10x10x10_2460.dat,2460,-0.1985,0.3971,-0.1087,0.3622,-0.0304,0.304,0,0.2741,0.0533,0.2667,0.1041,0.2602,0.1581,0.2635,0.2172,0.2715,0.2848,0.2848
fld_10x10x10_2465.dat,2465,-0.2064,0.4128,-0.104,0.3465,-0.0293,0.2927,0,0.2689,0.0535,0.2675,0.1052,0.263,0.1583,0.2638,0.2196,0.2745,0.2869,0.2869
fld_10x10x10_2466.dat,2466,-0.2177,0.4353,-0.1051,0.3502,-0.0296,0.2964,0,0.2719,0.0541,0.2705,0.1079,0.2697,0.1619,0.2698,0.2206,0.2757,0.2872,0.2872
fld_10x10x10_2471.dat,2471,-0.1881,0.3763,-0.1054,0.3512,-0.0296,0.2962,0,0.2703,0.0541,0.2704,0.1075,0.2688,0.1616,0.2693,0.2173,0.2716,0.2897,0.2897
fld_10x10x10_2476.dat,2476,-0.1869,0.3738,-0.1067,0.3555,-0.0301,0.3011,0,0.2721,0.0538,0.2689,0.1062,0.2656,0.1582,0.2636,0.2126,0.2657,0.27,0.27
fld_10x10x10_2479.dat,2479,-0.2113,0.4225,-0.1038,0.3461,-0.0293,0.2934,0,0.2669,0.0524,0.2618,0.1041,0.2602,0.1587,0.2644,0.2188,0.2735,0.2823,0.2823
fld_10x10x10_2481.dat,2481,-0.2091,0.4183,-0.104,0.3466,-0.0295,0.2946,0,0.2696,0.0532,0.2658,0.1067,0.2667,0.1621,0.2702,0.2184,0.273,0.282,0.282
fld_10x10x10_2484.dat,2484,-0.1892,0.3785,-0.1039,0.3464,-0.0295,0.2946,0,0.2693,0.0526,0.2628,0.1021,0.2552,0.1537,0.2562,0.2081,0.2601,0.2624,0.2624
fld_10x10x10_2490.dat,2490,-0.2137,0.4274,-0.1042,0.3475,-0.029,0.2898,0,0.2634,0.0522,0.2612,0.1036,0.259,0.156,0.26,0.2126,0.2657,0.2765,0.2765
fld_10x10x10_2498.dat,2498,-0.202,0.4041,-0.1025,0.3417,-0.0293,0.2925,0,0.2664,0.0531,0.2653,0.1061,0.2652,0.1605,0.2675,0.2214,0.2768,0.2861,0.2861
fld_10x10x10_2500.dat,2500,-0.1781,0.3562,-0.1087,0.3624,-0.0306,0.3059,0,0.276,0.0532,0.2658,0.1032,0.2581,0.156,0.2599,0.2141,0.2676,0.276,0.276
fld_10x10x10_2518.dat,2518,-0.2151,0.4301,-0.1142,0.3807,-0.031,0.3102,0,0.2816,0.0562,0.2808,0.1077,0.2692,0.1586,0.2643,0.2131,0.2663,0.2771,0.2771
fld_10x10x10_2521.dat,2521,-0.2382,0.4763,-0.1137,0.3789,-0.031,0.3098,0,0.2818,0.0557,0.2783,0.1095,0.2738,0.1633,0.2722,0.2208,0.2759,0.281,0.281
fld_10x10x10_2528.dat,2528,-0.2132,0.4264,-0.1225,0.4083,-0.033,0.3298,0,0.2963,0.0584,0.2918,0.1144,0.2861,0.1713,0.2855,0.2257,0.2821,0.2839,0.2839
fld_10x10x10_2529.dat,2529,-0.2055,0.411,-0.1182,0.3941,-0.0321,0.321,0,0.2891,0.0564,0.282,0.1082,0.2705,0.161,0.2684,0.2165,0.2707,0.2802,0.2802
fld_10x10x10_2530.dat,2530,-0.2043,0.4085,-0.1189,0.3962,-0.032,0.3199,0,0.2875,0.0568,0.2842,0.1125,0.2814,0.1666,0.2776,0.2259,0.2823,0.2882,0.2882
fld_10x10x10_2533.dat,2533,-0.1952,0.3905,-0.1141,0.3803,-0.0313,0.3132,0,0.284,0.0551,0.2755,0.1078,0.2694,0.159,0.265,0.2053,0.2567,0.2542,0.2542
fld_10x10x10_2534.dat,2534,-0.2227,0.4454,-0.1145,0.3818,-0.0312,0.3119,0,0.2846,0.0572,0.2858,0.1141,0.2852,0.1694,0.2823,0.227,0.2837,0.2901,0.2901
fld_10x10x10_2535.dat,2535,-0.2359,0.4718,-0.1129,0.3765,-0.0311,0.3107,0,0.2835,0.0563,0.2813,0.1112,0.278,0.1661,0.2768,0.2243,0.2804,0.286,0.286
fld_10x10x10_2536.dat,2536,-0.2231,0.4461,-0.1149,0.383,-0.0312,0.3123,0,0.2819,0.0561,0.2804,0.1113,0.2782,0.1652,0.2754,0.2191,0.2738,0.2787,0.2787
fld_10x10x10_2540.dat,2540,-0.2127,0.4255,-0.1167,0.389,-0.0314,0.314,0,0.2828,0.055,0.2748,0.1098,0.2746,0.1665,0.2774,0.2218,0.2773,0.2818,0.2818
fld_10x10x10_2541.dat,2541,-0.2206,0.4413,-0.1118,0.3728,-0.0307,0.3068,0,0.2792,0.0555,0.2775,0.1103,0.2758,0.1633,0.2721,0.2191,0.2739,0.2761,0.2761
fld_10x10x10_2544.dat,2544,-0.2045,0.409,-0.1165,0.3883,-0.0315,0.3145,0,0.2831,0.0561,0.2803,0.111,0.2776,0.165,0.275,0.2206,0.2757,0.2739,0.2739
fld_10x10x10_2546.dat,2546,-0.1997,0.3994,-0.1186,0.3954,-0.0321,0.3213,0,0.2884,0.0568,0.2841,0.1126,0.2814,0.1684,0.2806,0.2251,0.2813,0.281,0.281
fld_10x10x10_2548.dat,2548,-0.1992,0.3984,-0.1183,0.3942,-0.0322,0.3222,0,0.2899,0.0571,0.2853,0.1116,0.2791,0.164,0.2734,0.2179,0.2723,0.2778,0.2778
fld_10x10x10_2549.dat,2549,-0.2023,0.4046,-0.1188,0.3959,-0.032,0.3199,0,0.2859,0.0569,0.2843,0.1126,0.2816,0.1705,0.2841,0.2315,0.2894,0.2941,0.2941
fld_10x10x10_2556.dat,2556,-0.2225,0.445,-0.1099,0.3662,-0.0301,0.3015,0,0.2747,0.054,0.27,0.1077,0.2692,0.1609,0.2682,0.2159,0.2699,0.2744,0.2744
fld_10x10x10_2557.dat,2557,-0.2361,0.4721,-0.1119,0.373,-0.0307,0.3068,0,0.2789,0.0552,0.2762,0.1109,0.2773,0.1658,0.2764,0.222,0.2775,0.2801,0.2801
fld_10x10x10_2558.dat,2558,-0.2125,0.425,-0.1152,0.384,-0.0311,0.3113,0,0.2821,0.0568,0.2839,0.114,0.2849,0.1702,0.2836,0.2268,0.2836,0.2845,0.2845
fld_10x10x10_2561.dat,2561,-0.2136,0.4272,-0.1143,0.3811,-0.0312,0.3119,0,0.2814,0.0556,0.2778,0.1104,0.2759,0.168,0.28,0.2258,0.2823,0.2864,0.2864
fld_10x10x10_2564.dat,2564,-0.2285,0.457,-0.1195,0.3983,-0.0324,0.3244,0,0.2899,0.0568,0.2842,0.1121,0.2802,0.1671,0.2785,0.224,0.28,0.2839,0.2839
fld_10x10x10_2565.dat,2565,-0.2109,0.4219,-0.1188,0.3959,-0.0322,0.3215,0,0.2901,0.0577,0.2886,0.1143,0.2859,0.1713,0.2855,0.2283,0.2854,0.2846,0.2846
fld_10x10x10_2566.dat,2566,-0.2041,0.4083,-0.1157,0.3855,-0.0315,0.3149,0,0.2861,0.0567,0.2834,0.1101,0.2753,0.1641,0.2735,0.2199,0.2749,0.2769,0.2769
fld_10x10x10_2569.dat,2569,-0.1961,0.3923,-0.1153,0.3843,-0.0316,0.3165,0,0.2854,0.0554,0.2772,0.1087,0.2717,0.1615,0.2692,0.2141,0.2677,0.2646,0.2646
fld_10x10x10_2570.dat,2570,-0.2366,0.4732,-0.1129,0.3762,-0.0305,0.3049,0,0.2784,0.0551,0.2756,0.1102,0.2754,0.1682,0.2803,0.2275,0.2843,0.2921,0.2921
fld_10x10x10_2571.dat,2571,-0.2407,0.4814,-0.1148,0.3827,-0.031,0.3104,0,0.2828,0.0558,0.279,0.1089,0.2722,0.161,0.2684,0.2172,0.2715,0.2779,0.2779
fld_10x10x10_2575.dat,2575,-0.235,0.4699,-0.1115,0.3716,-0.03,0.2998,0,0.2732,0.0549,0.2746,0.1067,0.2667,0.1572,0.262,0.2109,0.2636,0.2678,0.2678
fld_10x10x10_2579.dat,2579,-0.2157,0.4315,-0.1129,0.3765,-0.0306,0.3058,0,0.2794,0.0555,0.2773,0.1084,0.2709,0.1602,0.2669,0.2143,0.2679,0.2799,0.2799
fld_10x10x10_2582.dat,2582,-0.1989,0.3978,-0.1172,0.3906,-0.0312,0.312,0,0.2826,0.0563,0.2816,0.1106,0.2765,0.1664,0.2773,0.2277,0.2846,0.294,0.294
fld_10x10x10_2591.dat,2591,-0.2334,0.4668,-0.1117,0.3722,-0.0305,0.3053,0,0.2771,0.0544,0.2721,0.1088,0.2721,0.1665,0.2775,0.2255,0.2819,0.2963,0.2963
fld_10x10x10_2594.dat,2594,-0.2054,0.4107,-0.114,0.3799,-0.031,0.3102,0,0.2813,0.0555,0.2775,0.1088,0.2719,0.1622,0.2704,0.2187,0.2734,0.2763,0.2763
fld_10x10x10_2597.dat,2597,-0.2166,0.4332,-0.111,0.3698,-0.0303,0.3025,0,0.2766,0.0556,0.2781,0.1074,0.2685,0.159,0.265,0.211,0.2637,0.2628,0.2628
fld_10x10x10_2603.dat,2603,-0.2001,0.4001,-0.1145,0.3815,-0.0309,0.3088,0,0.2807,0.0556,0.278,0.1106,0.2764,0.1653,0.2755,0.2197,0.2746,0.2769,0.2769
fld_10x10x10_2604.dat,2604,-0.1924,0.3847,-0.1142,0.3808,-0.032,0.3199,0,0.2854,0.0557,0.2784,0.1071,0.2678,0.1581,0.2635,0.2091,0.2613,0.2602,0.2602
fld_10x10x10_2605.dat,2605,-0.1928,0.3855,-0.1116,0.3721,-0.0308,0.3085,0,0.279,0.0555,0.2775,0.1065,0.2662,0.1562,0.2603,0.2103,0.2629,0.2701,0.2701
fld_10x10x10_2606.dat,2606,-0.2259,0.4518,-0.1121,0.3738,-0.0309,0.3085,0,0.2787,0.0553,0.2763,0.1093,0.2733,0.164,0.2733,0.221,0.2762,0.2844,0.2844
fld_10x10x10_2610.dat,2610,-0.2187,0.4375,-0.1116,0.3722,-0.031,0.3098,0,0.282,0.0567,0.2834,0.111,0.2774,0.1654,0.2756,0.2244,0.2805,0.2901,0.2901
fld_10x10x10_2612.dat,2612,-0.1984,0.3967,-0.1166,0.3887,-0.0316,0.3159,0,0.2841,0.0563,0.2816,0.1114,0.2786,0.168,0.2799,0.2272,0.284,0.2921,0.2921
fld_10x10x10_2616.dat,2616,-0.1991,0.3982,-0.1128,0.376,-0.0314,0.3138,0,0.2827,0.0559,0.2795,0.1095,0.2737,0.1645,0.2742,0.2192,0.274,0.2694,0.2694
fld_10x10x10_2617.dat,2617,-0.2255,0.451,-0.1109,0.3698,-0.0308,0.308,0,0.2806,0.0563,0.2813,0.1118,0.2795,0.1662,0.277,0.2238,0.2797,0.2785,0.2785
fld_10x10x10_2618.dat,2618,-0.1996,0.3991,-0.1184,0.3947,-0.0321,0.3209,0,0.2886,0.0564,0.2822,0.1106,0.2766,0.1664,0.2774,0.2268,0.2835,0.2907,0.2907
fld_10x10x10_2621.dat,2621,-0.1952,0.3903,-0.1149,0.383,-0.0312,0.3125,0,0.2823,0.0556,0.278,0.1086,0.2714,0.16,0.2666,0.2125,0.2656,0.2687,0.2687
fld_10x10x10_2623.dat,2623,-0.1971,0.3943,-0.1129,0.3763,-0.0312,0.3123,0,0.2797,0.0546,0.2728,0.1075,0.2687,0.1595,0.2658,0.2123,0.2654,0.2686,0.2686
fld_10x10x10_2628.dat,2628,-0.2189,0.4378,-0.1118,0.3727,-0.0311,0.3107,0,0.281,0.0555,0.2775,0.1086,0.2714,0.1593,0.2655,0.2141,0.2677,0.2729,0.2729
fld_10x10x10_2632.dat,2632,-0.2036,0.4071,-0.115,0.3833,-0.0314,0.3138,0,0.2819,0.0555,0.2775,0.1091,0.2728,0.1619,0.2698,0.2159,0.2699,0.2804,0.2804
fld_10x10x10_2636.dat,2636,-0.2021,0.4042,-0.1155,0.385,-0.0317,0.3172,0,0.285,0.0559,0.2794,0.1094,0.2734,0.1635,0.2724,0.2207,0.2758,0.2848,0.2848
fld_10x10x10_2642.dat,2642,-0.2211,0.4421,-0.1146,0.3821,-0.0306,0.3064,0,0.2776,0.0552,0.2759,0.1086,0.2715,0.162,0.27,0.2187,0.2734,0.2782,0.2782
fld_10x10x10_2648.dat,2648,-0.2061,0.4122,-0.1139,0.3797,-0.0309,0.3092,0,0.2804,0.0556,0.278,0.1107,0.2768,0.1661,0.2769,0.2242,0.2802,0.2842,0.2842
fld_10x10x10_2650.dat,2650,-0.2076,0.4152,-0.1139,0.3798,-0.0311,0.3106,0,0.2782,0.054,0.27,0.1052,0.2631,0.1568,0.2613,0.2122,0.2652,0.2702,0.2702
fld_10x10x10_2651.dat,2651,-0.1983,0.3966,-0.1114,0.3714,-0.0306,0.3058,0,0.2779,0.0551,0.2755,0.1075,0.2686,0.1609,0.2682,0.2216,0.277,0.2897,0.2897
fld_10x10x10_2656.dat,2656,-0.1988,0.3975,-0.1181,0.3938,-0.032,0.3202,0,0.2865,0.0562,0.2812,0.1112,0.2779,0.1654,0.2756,0.2176,0.272,0.2745,0.2745
fld_10x10x10_2662.dat,2662,-0.2102,0.4205,-0.1095,0.3651,-0.0305,0.3049,0,0.275,0.0554,0.277,0.1108,0.2771,0.1651,0.2751,0.2241,0.2802,0.2881,0.2881
fld_10x10x10_2670.dat,2670,-0.2011,0.4022,-0.1127,0.3756,-0.0309,0.3095,0,0.2773,0.055,0.2749,0.1109,0.2773,0.1699,0.2831,0.2301,0.2876,0.2963,0.2963
fld_10x10x10_2673.dat,2673,-0.2051,0.4101,-0.114,0.3801,-0.0314,0.3136,0,0.2825,0.0554,0.277,0.108,0.27,0.1606,0.2677,0.2144,0.268,0.2747,0.2747
fld_10x10x10_2684.dat,2684,-0.2118,0.4236,-0.1122,0.3741,-0.0308,0.3081,0,0.2772,0.0545,0.2724,0.1077,0.2693,0.1586,0.2643,0.21,0.2625,0.2689,0.2689
fld_10x10x10_2691.dat,2691,-0.2001,0.4001,-0.1137,0.3789,-0.031,0.31,0,0.2789,0.0554,0.2772,0.1102,0.2755,0.1706,0.2843,0.232,0.29,0.3008,0.3008
fld_10x10x10_2697.dat,2697,-0.2259,0.4517,-0.1095,0.3649,-0.03,0.3005,0,0.274,0.054,0.2701,0.1067,0.2668,0.16,0.2667,0.2153,0.2692,0.2786,0.2786
fld_10x10x10_2698.dat,2698,-0.2232,0.4464,-0.114,0.3799,-0.0317,0.3165,0,0.2851,0.0564,0.2821,0.1102,0.2755,0.1657,0.2762,0.2237,0.2797,0.2845,0.2845
fld_10x10x10_2699.dat,2699,-0.2244,0.4488,-0.1095,0.365,-0.0301,0.3008,0,0.274,0.0545,0.2726,0.1092,0.2729,0.1666,0.2777,0.2239,0.2799,0.2928,0.2928
fld_10x10x10_2703.dat,2703,-0.2231,0.4463,-0.1111,0.3704,-0.0305,0.305,0,0.2761,0.054,0.27,0.1047,0.2617,0.1558,0.2597,0.2113,0.2641,0.2723,0.2723
fld_10x10x10_2706.dat,2706,-0.191,0.3819,-0.1124,0.3747,-0.0313,0.3126,0,0.2804,0.0555,0.2773,0.1106,0.2764,0.1642,0.2736,0.2177,0.2721,0.2739,0.2739
fld_10x10x10_2734.dat,2734,-0.2315,0.4629,-0.1091,0.3636,-0.0299,0.299,0,0.273,0.0538,0.269,0.1049,0.2622,0.1555,0.2592,0.2074,0.2593,0.2609,0.2609
fld_10x10x10_2738.dat,2738,-0.2006,0.4012,-0.1133,0.3776,-0.0308,0.3079,0,0.2788,0.0548,0.2738,0.1069,0.2672,0.1595,0.2659,0.2141,0.2676,0.2729,0.2729
fld_10x10x10_2739.dat,2739,-0.2047,0.4094,-0.1139,0.3798,-0.0313,0.3126,0,0.2838,0.0561,0.2805,0.1103,0.2758,0.1618,0.2697,0.2117,0.2647,0.2643,0.2643
fld_10x10x10_2741.dat,2741,-0.1982,0.3964,-0.1108,0.3692,-0.0306,0.3062,0,0.2785,0.0558,0.2792,0.1089,0.2722,0.1618,0.2696,0.2148,0.2685,0.2739,0.2739
fld_10x10x10_2749.dat,2749,-0.227,0.4541,-0.1116,0.3722,-0.0304,0.3042,0,0.2766,0.0558,0.2789,0.1109,0.2771,0.1642,0.2737,0.2204,0.2755,0.2801,0.2801
fld_10x10x10_2763.dat,2763,-0.1937,0.3874,-0.1094,0.3648,-0.0301,0.3011,0,0.2745,0.054,0.2698,0.1053,0.2633,0.1563,0.2604,0.2058,0.2572,0.259,0.259
fld_10x10x10_2766.dat,2766,-0.2038,0.4076,-0.1164,0.3882,-0.0317,0.3171,0,0.2841,0.0552,0.2758,0.1069,0.2673,0.1593,0.2655,0.2157,0.2696,0.276,0.276
fld_10x10x10_2769.dat,2769,-0.2168,0.4336,-0.1115,0.3718,-0.0307,0.3067,0,0.2786,0.056,0.28,0.1111,0.2777,0.1678,0.2797,0.2302,0.2878,0.296,0.296
fld_10x10x10_2781.dat,2781,-0.2019,0.4037,-0.1168,0.3893,-0.0322,0.3217,0,0.2899,0.0571,0.2855,0.1112,0.278,0.1633,0.2722,0.2165,0.2707,0.2693,0.2693
fld_10x10x10_2783.dat,2783,-0.2074,0.4147,-0.1141,0.3803,-0.0313,0.3131,0,0.2827,0.0568,0.2839,0.1119,0.2797,0.1659,0.2765,0.2229,0.2786,0.2841,0.2841
fld_10x10x10_2785.dat,2785,-0.2206,0.4413,-0.1125,0.3751,-0.0306,0.3057,0,0.2771,0.0548,0.2739,0.1084,0.271,0.1612,0.2686,0.2133,0.2666,0.2738,0.2738
fld_10x10x10_2789.dat,2789,-0.2246,0.4492,-0.1108,0.3693,-0.0309,0.3093,0,0.2806,0.0555,0.2774,0.1099,0.2747,0.1653,0.2754,0.2211,0.2764,0.2851,0.2851
fld_10x10x10_2799.dat,2799,-0.1974,0.3949,-0.115,0.3833,-0.0314,0.3145,0,0.285,0.0564,0.2822,0.1112,0.2779,0.1644,0.2739,0.2172,0.2715,0.2746,0.2746
fld_10x10x10_2801.dat,2801,-0.1929,0.3857,-0.1138,0.3794,-0.0315,0.3148,0,0.2834,0.0554,0.277,0.109,0.2725,0.161,0.2684,0.2108,0.2635,0.2647,0.2647
fld_10x10x10_2821.dat,2821,-0.2225,0.445,-0.1092,0.364,-0.03,0.3003,0,0.2715,0.0541,0.2704,0.1075,0.2688,0.163,0.2717,0.2219,0.2774,0.2899,0.2899
fld_10x10x10_2825.dat,2825,-0.2222,0.4444,-0.1083,0.361,-0.0304,0.3039,0,0.2729,0.0542,0.271,0.1074,0.2685,0.163,0.2717,0.2186,0.2732,0.2759,0.2759
fld_10x10x10_2828.dat,2828,-0.2189,0.4377,-0.1104,0.3679,-0.0302,0.302,0,0.2731,0.054,0.2698,0.108,0.2701,0.164,0.2733,0.2245,0.2806,0.2906,0.2906
fld_10x10x10_2832.dat,2832,-0.2107,0.4214,-0.1083,0.3611,-0.0303,0.3032,0,0.2766,0.0549,0.2744,0.1075,0.2687,0.1587,0.2645,0.2115,0.2643,0.2632,0.2632
fld_10x10x10_2835.dat,2835,-0.1897,0.3794,-0.1121,0.3737,-0.0303,0.3027,0,0.276,0.0547,0.2734,0.1086,0.2714,0.163,0.2716,0.2186,0.2732,0.2835,0.2835
fld_10x10x10_2836.dat,2836,-0.1966,0.3931,-0.1132,0.3772,-0.0312,0.3119,0,0.282,0.0554,0.2772,0.1092,0.2729,0.164,0.2733,0.2194,0.2743,0.2802,0.2802
fld_10x10x10_2839.dat,2839,-0.2258,0.4516,-0.1116,0.3719,-0.031,0.3103,0,0.2807,0.0544,0.2721,0.1068,0.2669,0.1608,0.268,0.2202,0.2753,0.2848,0.2848
fld_10x10x10_2853.dat,2853,-0.1969,0.3939,-0.112,0.3732,-0.0308,0.3082,0,0.277,0.054,0.2702,0.1065,0.2663,0.1625,0.2708,0.2153,0.2692,0.2727,0.2727
fld_10x10x10_2857.dat,2857,-0.2232,0.4465,-0.1114,0.3713,-0.0309,0.3091,0,0.2807,0.0553,0.2767,0.1091,0.2727,0.164,0.2734,0.2222,0.2777,0.2924,0.2924
fld_10x10x10_2858.dat,2858,-0.2263,0.4526,-0.1087,0.3623,-0.0299,0.2988,0,0.2722,0.0536,0.2679,0.1053,0.2633,0.1591,0.2652,0.2173,0.2716,0.2825,0.2825
fld_10x10x10_2859.dat,2859,-0.2186,0.4371,-0.1105,0.3682,-0.0305,0.3047,0,0.2764,0.0545,0.2725,0.1068,0.267,0.1606,0.2676,0.2158,0.2698,0.2767,0.2767
fld_10x10x10_2863.dat,2863,-0.1993,0.3985,-0.109,0.3632,-0.0301,0.3008,0,0.2727,0.0538,0.269,0.1059,0.2648,0.1593,0.2655,0.2142,0.2677,0.2781,0.2781
fld_10x10x10_2896.dat,2896,-0.2199,0.4398,-0.1072,0.3573,-0.0302,0.3018,0,0.2743,0.0537,0.2685,0.1065,0.2663,0.16,0.2667,0.2156,0.2695,0.28,0.28
fld_10x10x10_2901.dat,2901,-0.1983,0.3967,-0.1095,0.3651,-0.0306,0.306,0,0.2778,0.0546,0.2731,0.1066,0.2665,0.1625,0.2709,0.2177,0.2722,0.2899,0.2899
fld_10x10x10_2915.dat,2915,-0.2161,0.4323,-0.1066,0.3555,-0.0297,0.2972,0,0.2692,0.053,0.2651,0.1051,0.2627,0.1576,0.2626,0.2161,0.2701,0.2797,0.2797
fld_10x10x10_2925.dat,2925,-0.2179,0.4359,-0.1059,0.3531,-0.0297,0.2973,0,0.2725,0.0533,0.2667,0.1043,0.2608,0.1576,0.2626,0.2146,0.2683,0.277,0.277
fld_10x10x10_2938.dat,2938,-0.2197,0.4394,-0.1078,0.3594,-0.0294,0.2942,0,0.2685,0.0529,0.2647,0.1032,0.2581,0.1545,0.2574,0.2084,0.2605,0.2651,0.2651
fld_10x10x10_2945.dat,2945,-0.2024,0.4048,-0.1085,0.3618,-0.0302,0.3017,0,0.2767,0.0551,0.2753,0.1075,0.2687,0.1582,0.2637,0.2086,0.2607,0.2625,0.2625
fld_10x10x10_2946.dat,2946,-0.2004,0.4009,-0.109,0.3635,-0.0306,0.3056,0,0.2769,0.0545,0.2723,0.1075,0.2689,0.1625,0.2709,0.2181,0.2726,0.2762,0.2762
fld_10x10x10_2947.dat,2947,-0.215,0.4299,-0.1106,0.3687,-0.0309,0.3094,0,0.2826,0.0551,0.2756,0.1082,0.2705,0.1588,0.2646,0.207,0.2588,0.258,0.258
fld_10x10x10_2961.dat,2961,-0.2153,0.4305,-0.1096,0.3655,-0.0306,0.3059,0,0.2774,0.0552,0.276,0.1078,0.2694,0.1581,0.2636,0.2108,0.2635,0.2626,0.2626
fld_10x10x10_2962.dat,2962,-0.202,0.4039,-0.1104,0.3678,-0.0305,0.3054,0,0.279,0.0549,0.2747,0.1095,0.2737,0.1638,0.273,0.2203,0.2754,0.278,0.278
fld_10x10x10_2966.dat,2966,-0.1964,0.3928,-0.113,0.3768,-0.0316,0.3158,0,0.2841,0.056,0.2801,0.1111,0.2778,0.1677,0.2795,0.2252,0.2815,0.2841,0.2841
fld_10x10x10_2967.dat,2967,-0.1926,0.3851,-0.113,0.3768,-0.0306,0.3057,0,0.2779,0.0546,0.2728,0.1062,0.2655,0.1592,0.2653,0.212,0.265,0.2661,0.2661
fld_10x10x10_2973.dat,2973,-0.2233,0.4465,-0.1067,0.3556,-0.03,0.2998,0,0.274,0.0542,0.2711,0.1069,0.2673,0.1595,0.2658,0.2171,0.2714,0.2759,0.2759
fld_10x10x10_2979.dat,2979,-0.2077,0.4154,-0.1092,0.3639,-0.03,0.3005,0,0.2749,0.0541,0.2706,0.1064,0.2659,0.1606,0.2677,0.2148,0.2685,0.2671,0.2671
fld_10x10x10_2980.dat,2980,-0.1981,0.3961,-0.1099,0.3663,-0.0309,0.309,0,0.2806,0.0555,0.2775,0.1084,0.2711,0.1584,0.264,0.2134,0.2668,0.2743,0.2743
fld_10x10x10_2981.dat,2981,-0.2056,0.4113,-0.1086,0.3619,-0.0302,0.3018,0,0.276,0.0547,0.2733,0.1063,0.2658,0.1572,0.2621,0.213,0.2662,0.2714,0.2714
fld_10x10x10_2998.dat,2998,-0.2002,0.4004,-0.1115,0.3717,-0.0309,0.3094,0,0.2808,0.0552,0.2762,0.108,0.2699,0.1609,0.2681,0.2158,0.2698,0.2726,0.2726
fld_10x10x10_3005.dat,3005,-0.1934,0.3869,-0.1072,0.3575,-0.0303,0.3027,0,0.2747,0.0533,0.2663,0.1042,0.2604,0.155,0.2584,0.2077,0.2596,0.2643,0.2643
fld_10x10x10_3010.dat,3010,-0.2115,0.423,-0.1106,0.3687,-0.0302,0.3017,0,0.2742,0.0546,0.273,0.1091,0.2727,0.1668,0.278,0.2278,0.2848,0.2919,0.2919
fld_10x10x10_3013.dat,3013,-0.2118,0.4236,-0.1042,0.3474,-0.0296,0.2962,0,0.2724,0.0539,0.2694,0.1079,0.2697,0.1629,0.2714,0.2195,0.2744,0.2765,0.2765
fld_10x10x10_3018.dat,3018,-0.1966,0.3932,-0.1072,0.3574,-0.0301,0.3009,0,0.2746,0.0543,0.2713,0.106,0.265,0.1578,0.263,0.2116,0.2645,0.2691,0.2691
fld_10x10x10_3020.dat,3020,-0.2003,0.4007,-0.1123,0.3745,-0.0308,0.3085,0,0.2778,0.0546,0.2731,0.1053,0.2633,0.1552,0.2587,0.2068,0.2585,0.267,0.267
fld_10x10x10_3022.dat,3022,-0.2033,0.4066,-0.112,0.3733,-0.0312,0.312,0,0.2831,0.0559,0.2794,0.1094,0.2735,0.1627,0.2711,0.2135,0.2668,0.266,0.266
fld_10x10x10_3028.dat,3028,-0.2185,0.437,-0.1081,0.3603,-0.0301,0.3009,0,0.276,0.0557,0.2786,0.1116,0.279,0.1677,0.2794,0.227,0.2837,0.2929,0.2929
fld_10x10x10_3049.dat,3049,-0.2145,0.4291,-0.109,0.3633,-0.0299,0.2989,0,0.2712,0.0535,0.2674,0.1043,0.2607,0.156,0.26,0.2091,0.2614,0.2657,0.2657
fld_10x10x10_3055.dat,3055,-0.1925,0.3849,-0.1096,0.3653,-0.0306,0.306,0,0.2793,0.0556,0.278,0.1101,0.2753,0.1645,0.2742,0.2183,0.2729,0.2802,0.2802
fld_10x10x10_3078.dat,3078,-0.1994,0.3987,-0.1092,0.3641,-0.0302,0.302,0,0.2744,0.0541,0.2706,0.1057,0.2643,0.1616,0.2693,0.2211,0.2763,0.2881,0.2881
fld_10x10x10_3107.dat,3107,-0.2131,0.4262,-0.1068,0.3561,-0.0298,0.2984,0,0.273,0.0537,0.2686,0.105,0.2624,0.1581,0.2635,0.216,0.27,0.2826,0.2826
fld_10x10x10_3109.dat,3109,-0.2132,0.4263,-0.1071,0.3571,-0.0305,0.305,0,0.2767,0.0551,0.2754,0.1073,0.2683,0.161,0.2683,0.2177,0.2722,0.2784,0.2784
fld_10x10x10_3111.dat,3111,-0.2106,0.4213,-0.1094,0.3648,-0.0304,0.3044,0,0.2769,0.0547,0.2735,0.1089,0.2722,0.1633,0.2721,0.2175,0.2719,0.2801,0.2801
fld_10x10x10_3114.dat,3114,-0.2242,0.4485,-0.1056,0.3521,-0.0296,0.2958,0,0.2715,0.0532,0.2662,0.1039,0.2598,0.1557,0.2596,0.2091,0.2613,0.2623,0.2623
fld_10x10x10_3125.dat,3125,-0.1824,0.3647,-0.1097,0.3657,-0.0308,0.3078,0,0.2801,0.055,0.275,0.1078,0.2695,0.161,0.2683,0.2175,0.2719,0.2768,0.2768
fld_10x10x10_3126.dat,3126,-0.1838,0.3675,-0.1111,0.3703,-0.0308,0.308,0,0.2783,0.0548,0.274,0.1084,0.2711,0.1639,0.2732,0.2218,0.2773,0.2845,0.2845
fld_10x10x10_3127.dat,3127,-0.1861,0.3723,-0.1084,0.3614,-0.0304,0.3045,0,0.2777,0.0545,0.2725,0.1078,0.2694,0.1636,0.2727,0.2221,0.2777,0.2843,0.2843
fld_10x10x10_3136.dat,3136,-0.2203,0.4406,-0.1106,0.3688,-0.0304,0.3044,0,0.2782,0.0551,0.2754,0.1084,0.2711,0.1602,0.2669,0.2146,0.2683,0.2752,0.2752
fld_10x10x10_3150.dat,3150,-0.2126,0.4252,-0.1036,0.3452,-0.0292,0.2925,0,0.2679,0.0531,0.2656,0.1055,0.2636,0.1609,0.2682,0.2219,0.2774,0.2892,0.2892
fld_10x10x10_3152.dat,3152,-0.2168,0.4337,-0.1047,0.3491,-0.0294,0.2944,0,0.2712,0.0542,0.2708,0.1081,0.2702,0.164,0.2733,0.2213,0.2767,0.2826,0.2826
fld_10x10x10_3154.dat,3154,-0.203,0.406,-0.1058,0.3527,-0.0293,0.293,0,0.2687,0.0533,0.2667,0.1047,0.2617,0.1563,0.2605,0.2115,0.2644,0.2714,0.2714
fld_10x10x10_3157.dat,3157,-0.1965,0.3929,-0.107,0.3566,-0.0301,0.3013,0,0.2732,0.0532,0.2661,0.1062,0.2655,0.1635,0.2725,0.227,0.2837,0.2908,0.2908
fld_10x10x10_3164.dat,3164,-0.2214,0.4428,-0.1081,0.3603,-0.0294,0.2942,0,0.2706,0.0531,0.2653,0.1058,0.2645,0.1591,0.2652,0.2155,0.2693,0.2779,0.2779
fld_10x10x10_3205.dat,3205,-0.1956,0.3912,-0.1036,0.3455,-0.0293,0.2927,0,0.2687,0.0539,0.2697,0.1084,0.2711,0.1676,0.2794,0.2309,0.2886,0.2974,0.2974
